{
  "summary": {
    "scene_name": "all_purpose_cleaner_env_1",
    "psnr": 33.968570709228516,
    "lpips": 0.0152587890625,
    "ssim": 0.9804694652557373
  },
  "per_view": [
    {
      "view": 6,
      "psnr": 36.07640075683594,
      "lpips": 0.0135498046875,
      "ssim": 0.9891567230224609
    },
    {
      "view": 53,
      "psnr": 34.76475524902344,
      "lpips": 0.0140380859375,
      "ssim": 0.986497163772583
    },
    {
      "view": 67,
      "psnr": 32.55525588989258,
      "lpips": 0.016357421875,
      "ssim": 0.972731351852417
    },
    {
      "view": 77,
      "psnr": 32.47787094116211,
      "lpips": 0.01708984375,
      "ssim": 0.9734926223754883
    }
  ]
}