{
  "summary": {
    "scene_name": "all_purpose_cleaner_env_0",
    "psnr": 32.421592712402344,
    "lpips": 0.01708984375,
    "ssim": 0.9766583442687988
  },
  "per_view": [
    {
      "view": 6,
      "psnr": 34.21839904785156,
      "lpips": 0.0179443359375,
      "ssim": 0.9870123863220215
    },
    {
      "view": 53,
      "psnr": 33.50823974609375,
      "lpips": 0.0140380859375,
      "ssim": 0.9837141036987305
    },
    {
      "view": 67,
      "psnr": 31.167438507080078,
      "lpips": 0.017333984375,
      "ssim": 0.9677873253822327
    },
    {
      "view": 77,
      "psnr": 30.79228401184082,
      "lpips": 0.019287109375,
      "ssim": 0.9681195616722107
    }
  ]
}