{
  "summary": {
    "scene_name": "all_purpose_cleaner_env_2",
    "psnr": 31.84920310974121,
    "lpips": 0.014892578125,
    "ssim": 0.9772512316703796
  },
  "per_view": [
    {
      "view": 6,
      "psnr": 34.19903564453125,
      "lpips": 0.0145263671875,
      "ssim": 0.9869834780693054
    },
    {
      "view": 53,
      "psnr": 32.18368148803711,
      "lpips": 0.011474609375,
      "ssim": 0.9839031100273132
    },
    {
      "view": 67,
      "psnr": 30.502601623535156,
      "lpips": 0.0162353515625,
      "ssim": 0.9687082171440125
    },
    {
      "view": 77,
      "psnr": 30.511489868164062,
      "lpips": 0.017333984375,
      "ssim": 0.9694101214408875
    }
  ]
}