{
  "summary": {
    "scene_name": "all_purpose_cleaner_white_env_0",
    "psnr": 33.602394104003906,
    "lpips": 0.0181884765625,
    "ssim": 0.9766101837158203
  },
  "per_view": [
    {
      "view": 6,
      "psnr": 35.35061264038086,
      "lpips": 0.0184326171875,
      "ssim": 0.9847995638847351
    },
    {
      "view": 53,
      "psnr": 34.72532272338867,
      "lpips": 0.0157470703125,
      "ssim": 0.9832968711853027
    },
    {
      "view": 67,
      "psnr": 32.275474548339844,
      "lpips": 0.018310546875,
      "ssim": 0.9694061279296875
    },
    {
      "view": 77,
      "psnr": 32.05817794799805,
      "lpips": 0.020263671875,
      "ssim": 0.9689380526542664
    }
  ]
}