{
  "summary": {
    "scene_name": "american_football_white_env_0",
    "psnr": 29.420867919921875,
    "lpips": 0.04443359375,
    "ssim": 0.9612632989883423
  },
  "per_view": [
    {
      "view": 43,
      "psnr": 39.00404739379883,
      "lpips": 0.033447265625,
      "ssim": 0.9810490608215332
    },
    {
      "view": 46,
      "psnr": 26.024438858032227,
      "lpips": 0.046875,
      "ssim": 0.9631965756416321
    },
    {
      "view": 51,
      "psnr": 20.60594940185547,
      "lpips": 0.060546875,
      "ssim": 0.9316792488098145
    },
    {
      "view": 53,
      "psnr": 32.049034118652344,
      "lpips": 0.036376953125,
      "ssim": 0.969128429889679
    }
  ]
}