{
  "summary": {
    "scene_name": "american_football_env_0",
    "psnr": 27.4735050201416,
    "lpips": 0.0498046875,
    "ssim": 0.9525660276412964
  },
  "per_view": [
    {
      "view": 43,
      "psnr": 33.951255798339844,
      "lpips": 0.03125,
      "ssim": 0.9739806056022644
    },
    {
      "view": 46,
      "psnr": 20.998672485351562,
      "lpips": 0.06494140625,
      "ssim": 0.9311234354972839
    },
    {
      "view": 51,
      "psnr": 22.22504425048828,
      "lpips": 0.0654296875,
      "ssim": 0.9335541725158691
    },
    {
      "view": 53,
      "psnr": 32.71904754638672,
      "lpips": 0.0380859375,
      "ssim": 0.9716057181358337
    }
  ]
}