{
  "summary": {
    "scene_name": "american_football_env_1",
    "psnr": 25.972797393798828,
    "lpips": 0.04931640625,
    "ssim": 0.9566887617111206
  },
  "per_view": [
    {
      "view": 43,
      "psnr": 35.53754425048828,
      "lpips": 0.031494140625,
      "ssim": 0.9812674522399902
    },
    {
      "view": 46,
      "psnr": 20.729450225830078,
      "lpips": 0.06396484375,
      "ssim": 0.9453678131103516
    },
    {
      "view": 51,
      "psnr": 20.0609130859375,
      "lpips": 0.06201171875,
      "ssim": 0.933770477771759
    },
    {
      "view": 53,
      "psnr": 27.563276290893555,
      "lpips": 0.039794921875,
      "ssim": 0.9663493633270264
    }
  ]
}