{
  "summary": {
    "scene_name": "american_football_env_2",
    "psnr": 28.690406799316406,
    "lpips": 0.053466796875,
    "ssim": 0.9555447101593018
  },
  "per_view": [
    {
      "view": 43,
      "psnr": 41.87046813964844,
      "lpips": 0.03515625,
      "ssim": 0.9828764796257019
    },
    {
      "view": 46,
      "psnr": 20.647418975830078,
      "lpips": 0.06494140625,
      "ssim": 0.9435238838195801
    },
    {
      "view": 51,
      "psnr": 19.96562385559082,
      "lpips": 0.07373046875,
      "ssim": 0.9250527024269104
    },
    {
      "view": 53,
      "psnr": 32.27812194824219,
      "lpips": 0.0400390625,
      "ssim": 0.9707258343696594
    }
  ]
}