{
  "summary": {
    "scene_name": "antique_ceramic_vase_01_env_0",
    "psnr": 27.613773345947266,
    "lpips": 0.044189453125,
    "ssim": 0.9376909136772156
  },
  "per_view": [
    {
      "view": 46,
      "psnr": 26.42704963684082,
      "lpips": 0.05126953125,
      "ssim": 0.9292318224906921
    },
    {
      "view": 47,
      "psnr": 26.49059295654297,
      "lpips": 0.049072265625,
      "ssim": 0.9333689212799072
    },
    {
      "view": 67,
      "psnr": 28.649538040161133,
      "lpips": 0.037841796875,
      "ssim": 0.9447305798530579
    },
    {
      "view": 69,
      "psnr": 28.88791847229004,
      "lpips": 0.03857421875,
      "ssim": 0.9434322714805603
    }
  ]
}