{
  "summary": {
    "scene_name": "antique_ceramic_vase_01_white_env_0",
    "psnr": 31.84602165222168,
    "lpips": 0.034912109375,
    "ssim": 0.9456624984741211
  },
  "per_view": [
    {
      "view": 46,
      "psnr": 31.161623001098633,
      "lpips": 0.041748046875,
      "ssim": 0.9344530701637268
    },
    {
      "view": 47,
      "psnr": 31.824016571044922,
      "lpips": 0.0341796875,
      "ssim": 0.9465927481651306
    },
    {
      "view": 67,
      "psnr": 32.088584899902344,
      "lpips": 0.032470703125,
      "ssim": 0.9506285190582275
    },
    {
      "view": 69,
      "psnr": 32.30986022949219,
      "lpips": 0.031494140625,
      "ssim": 0.9509757161140442
    }
  ]
}