{
  "summary": {
    "scene_name": "antique_ceramic_vase_01_env_2",
    "psnr": 31.060077667236328,
    "lpips": 0.040283203125,
    "ssim": 0.9406642913818359
  },
  "per_view": [
    {
      "view": 46,
      "psnr": 30.986812591552734,
      "lpips": 0.046142578125,
      "ssim": 0.9331144690513611
    },
    {
      "view": 47,
      "psnr": 31.406455993652344,
      "lpips": 0.039306640625,
      "ssim": 0.9388017654418945
    },
    {
      "view": 67,
      "psnr": 30.9088134765625,
      "lpips": 0.03759765625,
      "ssim": 0.9459627270698547
    },
    {
      "view": 69,
      "psnr": 30.938232421875,
      "lpips": 0.038330078125,
      "ssim": 0.9447782039642334
    }
  ]
}