{
  "summary": {
    "scene_name": "antique_ceramic_vase_01_env_1",
    "psnr": 28.002634048461914,
    "lpips": 0.04248046875,
    "ssim": 0.9397547245025635
  },
  "per_view": [
    {
      "view": 46,
      "psnr": 27.329389572143555,
      "lpips": 0.048828125,
      "ssim": 0.9350864291191101
    },
    {
      "view": 47,
      "psnr": 27.15017318725586,
      "lpips": 0.0478515625,
      "ssim": 0.9351387619972229
    },
    {
      "view": 67,
      "psnr": 28.66098403930664,
      "lpips": 0.037353515625,
      "ssim": 0.944390058517456
    },
    {
      "view": 69,
      "psnr": 28.869993209838867,
      "lpips": 0.03564453125,
      "ssim": 0.9444035887718201
    }
  ]
}