{
  "summary": {
    "scene_name": "bar_chair_round_01_env_2",
    "psnr": 32.548526763916016,
    "lpips": 0.03564453125,
    "ssim": 0.9611926674842834
  },
  "per_view": [
    {
      "view": 50,
      "psnr": 32.09812545776367,
      "lpips": 0.03564453125,
      "ssim": 0.9592843055725098
    },
    {
      "view": 53,
      "psnr": 32.60422134399414,
      "lpips": 0.03564453125,
      "ssim": 0.959531843662262
    },
    {
      "view": 62,
      "psnr": 32.706851959228516,
      "lpips": 0.034423828125,
      "ssim": 0.9668583869934082
    },
    {
      "view": 78,
      "psnr": 32.784908294677734,
      "lpips": 0.037109375,
      "ssim": 0.9590961337089539
    }
  ]
}