{
  "summary": {
    "scene_name": "bar_chair_round_01_white_env_0",
    "psnr": 32.263824462890625,
    "lpips": 0.0361328125,
    "ssim": 0.9535026550292969
  },
  "per_view": [
    {
      "view": 50,
      "psnr": 32.484413146972656,
      "lpips": 0.0361328125,
      "ssim": 0.9489275813102722
    },
    {
      "view": 53,
      "psnr": 32.0694694519043,
      "lpips": 0.036865234375,
      "ssim": 0.9481479525566101
    },
    {
      "view": 62,
      "psnr": 31.725406646728516,
      "lpips": 0.034912109375,
      "ssim": 0.9593431949615479
    },
    {
      "view": 78,
      "psnr": 32.7760124206543,
      "lpips": 0.0361328125,
      "ssim": 0.9575919508934021
    }
  ]
}