{
  "summary": {
    "scene_name": "bar_chair_round_01_env_1",
    "psnr": 30.505329132080078,
    "lpips": 0.037109375,
    "ssim": 0.9554022550582886
  },
  "per_view": [
    {
      "view": 50,
      "psnr": 31.291913986206055,
      "lpips": 0.037109375,
      "ssim": 0.9557563662528992
    },
    {
      "view": 53,
      "psnr": 30.60395050048828,
      "lpips": 0.0380859375,
      "ssim": 0.95119708776474
    },
    {
      "view": 62,
      "psnr": 30.224205017089844,
      "lpips": 0.0311279296875,
      "ssim": 0.963918149471283
    },
    {
      "view": 78,
      "psnr": 29.901241302490234,
      "lpips": 0.041748046875,
      "ssim": 0.9507374167442322
    }
  ]
}