{
  "summary": {
    "scene_name": "bar_chair_round_01_env_0",
    "psnr": 31.82623291015625,
    "lpips": 0.044921875,
    "ssim": 0.951097309589386
  },
  "per_view": [
    {
      "view": 50,
      "psnr": 31.832740783691406,
      "lpips": 0.04296875,
      "ssim": 0.950176477432251
    },
    {
      "view": 53,
      "psnr": 31.49073028564453,
      "lpips": 0.0439453125,
      "ssim": 0.9485170245170593
    },
    {
      "view": 62,
      "psnr": 32.30833053588867,
      "lpips": 0.0439453125,
      "ssim": 0.9558852314949036
    },
    {
      "view": 78,
      "psnr": 31.673128128051758,
      "lpips": 0.049072265625,
      "ssim": 0.9498105049133301
    }
  ]
}