{
  "summary": {
    "scene_name": "Barrel_02_white_env_0",
    "psnr": 25.178302764892578,
    "lpips": 0.056396484375,
    "ssim": 0.9061729907989502
  },
  "per_view": [
    {
      "view": 4,
      "psnr": 24.283540725708008,
      "lpips": 0.05712890625,
      "ssim": 0.8949434757232666
    },
    {
      "view": 21,
      "psnr": 26.462974548339844,
      "lpips": 0.056640625,
      "ssim": 0.9134404063224792
    },
    {
      "view": 34,
      "psnr": 22.532283782958984,
      "lpips": 0.0537109375,
      "ssim": 0.9092271327972412
    },
    {
      "view": 62,
      "psnr": 27.434417724609375,
      "lpips": 0.05810546875,
      "ssim": 0.9070809483528137
    }
  ]
}