{
  "summary": {
    "scene_name": "Barrel_02_env_2",
    "psnr": 28.54692268371582,
    "lpips": 0.04638671875,
    "ssim": 0.9454612731933594
  },
  "per_view": [
    {
      "view": 4,
      "psnr": 28.49468994140625,
      "lpips": 0.049560546875,
      "ssim": 0.9423072338104248
    },
    {
      "view": 21,
      "psnr": 29.31300926208496,
      "lpips": 0.042236328125,
      "ssim": 0.9519069790840149
    },
    {
      "view": 34,
      "psnr": 28.472427368164062,
      "lpips": 0.045654296875,
      "ssim": 0.9475631713867188
    },
    {
      "view": 62,
      "psnr": 27.907564163208008,
      "lpips": 0.04833984375,
      "ssim": 0.940067708492279
    }
  ]
}