{
  "summary": {
    "scene_name": "baseball_01_env_1",
    "psnr": 23.502607345581055,
    "lpips": 0.1455078125,
    "ssim": 0.9072674512863159
  },
  "per_view": [
    {
      "view": 70,
      "psnr": 24.10610008239746,
      "lpips": 0.1337890625,
      "ssim": 0.9043788909912109
    },
    {
      "view": 76,
      "psnr": 23.625356674194336,
      "lpips": 0.15234375,
      "ssim": 0.902648389339447
    },
    {
      "view": 79,
      "psnr": 23.191543579101562,
      "lpips": 0.1552734375,
      "ssim": 0.9053598046302795
    },
    {
      "view": 87,
      "psnr": 23.08742904663086,
      "lpips": 0.1416015625,
      "ssim": 0.9166826605796814
    }
  ]
}