{
  "summary": {
    "scene_name": "baseball_bat_white_env_0",
    "psnr": 44.24653625488281,
    "lpips": 0.0035247802734375,
    "ssim": 0.9989101886749268
  },
  "per_view": [
    {
      "view": 30,
      "psnr": 41.921112060546875,
      "lpips": 0.00592041015625,
      "ssim": 0.9980807900428772
    },
    {
      "view": 67,
      "psnr": 45.045780181884766,
      "lpips": 0.0025177001953125,
      "ssim": 0.999216616153717
    },
    {
      "view": 84,
      "psnr": 45.450775146484375,
      "lpips": 0.003021240234375,
      "ssim": 0.9991884827613831
    },
    {
      "view": 91,
      "psnr": 44.56848907470703,
      "lpips": 0.002655029296875,
      "ssim": 0.999154806137085
    }
  ]
}