{
  "summary": {
    "scene_name": "baseball_bat_env_2",
    "psnr": 37.762977600097656,
    "lpips": 0.006866455078125,
    "ssim": 0.9959302544593811
  },
  "per_view": [
    {
      "view": 30,
      "psnr": 31.910593032836914,
      "lpips": 0.0089111328125,
      "ssim": 0.9922100901603699
    },
    {
      "view": 67,
      "psnr": 40.41344451904297,
      "lpips": 0.006103515625,
      "ssim": 0.997477114200592
    },
    {
      "view": 84,
      "psnr": 39.34174728393555,
      "lpips": 0.006072998046875,
      "ssim": 0.9971956610679626
    },
    {
      "view": 91,
      "psnr": 39.38613510131836,
      "lpips": 0.00634765625,
      "ssim": 0.9968381524085999
    }
  ]
}