{
  "summary": {
    "scene_name": "baseball_01_white_env_0",
    "psnr": 29.669822692871094,
    "lpips": 0.1142578125,
    "ssim": 0.9262816905975342
  },
  "per_view": [
    {
      "view": 70,
      "psnr": 30.008203506469727,
      "lpips": 0.107421875,
      "ssim": 0.9240797162055969
    },
    {
      "view": 76,
      "psnr": 29.98277473449707,
      "lpips": 0.11865234375,
      "ssim": 0.9236930012702942
    },
    {
      "view": 79,
      "psnr": 29.7847843170166,
      "lpips": 0.1181640625,
      "ssim": 0.9266757369041443
    },
    {
      "view": 87,
      "psnr": 28.90352439880371,
      "lpips": 0.1123046875,
      "ssim": 0.9306783676147461
    }
  ]
}