{
  "summary": {
    "scene_name": "baseball_01_env_2",
    "psnr": 29.861576080322266,
    "lpips": 0.0947265625,
    "ssim": 0.9401595592498779
  },
  "per_view": [
    {
      "view": 70,
      "psnr": 30.805049896240234,
      "lpips": 0.08984375,
      "ssim": 0.9468042850494385
    },
    {
      "view": 76,
      "psnr": 30.39177894592285,
      "lpips": 0.0908203125,
      "ssim": 0.9432722926139832
    },
    {
      "view": 79,
      "psnr": 29.664058685302734,
      "lpips": 0.09326171875,
      "ssim": 0.9398587346076965
    },
    {
      "view": 87,
      "psnr": 28.58541488647461,
      "lpips": 0.1044921875,
      "ssim": 0.9307029247283936
    }
  ]
}