{
  "summary": {
    "scene_name": "baseball_bat_env_0",
    "psnr": 43.41962432861328,
    "lpips": 0.00390625,
    "ssim": 0.9987337589263916
  },
  "per_view": [
    {
      "view": 30,
      "psnr": 42.41978454589844,
      "lpips": 0.00408935546875,
      "ssim": 0.9986076951026917
    },
    {
      "view": 67,
      "psnr": 44.84272766113281,
      "lpips": 0.004241943359375,
      "ssim": 0.9987426400184631
    },
    {
      "view": 84,
      "psnr": 43.463661193847656,
      "lpips": 0.0038909912109375,
      "ssim": 0.998748779296875
    },
    {
      "view": 91,
      "psnr": 42.95232391357422,
      "lpips": 0.0033721923828125,
      "ssim": 0.998836100101471
    }
  ]
}