{
  "summary": {
    "scene_name": "baseball_bat_env_1",
    "psnr": 38.448448181152344,
    "lpips": 0.004669189453125,
    "ssim": 0.997866153717041
  },
  "per_view": [
    {
      "view": 30,
      "psnr": 37.92113494873047,
      "lpips": 0.003814697265625,
      "ssim": 0.9977481961250305
    },
    {
      "view": 67,
      "psnr": 38.77768325805664,
      "lpips": 0.0057373046875,
      "ssim": 0.9974195957183838
    },
    {
      "view": 84,
      "psnr": 38.67761993408203,
      "lpips": 0.005035400390625,
      "ssim": 0.9981727600097656
    },
    {
      "view": 91,
      "psnr": 38.4173469543457,
      "lpips": 0.00408935546875,
      "ssim": 0.9981241226196289
    }
  ]
}