{
  "summary": {
    "scene_name": "baseball_01_env_0",
    "psnr": 32.567626953125,
    "lpips": 0.072265625,
    "ssim": 0.9724422097206116
  },
  "per_view": [
    {
      "view": 70,
      "psnr": 32.92184066772461,
      "lpips": 0.07080078125,
      "ssim": 0.9735117554664612
    },
    {
      "view": 76,
      "psnr": 32.81256103515625,
      "lpips": 0.0732421875,
      "ssim": 0.973766028881073
    },
    {
      "view": 79,
      "psnr": 32.71304702758789,
      "lpips": 0.07177734375,
      "ssim": 0.9732027649879456
    },
    {
      "view": 87,
      "psnr": 31.823055267333984,
      "lpips": 0.07421875,
      "ssim": 0.9692882895469666
    }
  ]
}