{
  "summary": {
    "scene_name": "bench_vice_01_env_1",
    "psnr": 32.65367126464844,
    "lpips": 0.02685546875,
    "ssim": 0.9765866994857788
  },
  "per_view": [
    {
      "view": 31,
      "psnr": 32.166358947753906,
      "lpips": 0.0252685546875,
      "ssim": 0.9784285426139832
    },
    {
      "view": 49,
      "psnr": 29.52435302734375,
      "lpips": 0.036865234375,
      "ssim": 0.9677322506904602
    },
    {
      "view": 70,
      "psnr": 33.861515045166016,
      "lpips": 0.0228271484375,
      "ssim": 0.9794064164161682
    },
    {
      "view": 75,
      "psnr": 35.06245422363281,
      "lpips": 0.022705078125,
      "ssim": 0.9807796478271484
    }
  ]
}