{
  "summary": {
    "scene_name": "bench_vice_01_env_0",
    "psnr": 29.22149085998535,
    "lpips": 0.031494140625,
    "ssim": 0.9592478275299072
  },
  "per_view": [
    {
      "view": 31,
      "psnr": 29.74444580078125,
      "lpips": 0.033203125,
      "ssim": 0.9578751921653748
    },
    {
      "view": 49,
      "psnr": 27.864669799804688,
      "lpips": 0.04443359375,
      "ssim": 0.9442970752716064
    },
    {
      "view": 70,
      "psnr": 28.775596618652344,
      "lpips": 0.0250244140625,
      "ssim": 0.9647987484931946
    },
    {
      "view": 75,
      "psnr": 30.501253128051758,
      "lpips": 0.0230712890625,
      "ssim": 0.9700201153755188
    }
  ]
}