{
  "summary": {
    "scene_name": "bench_vice_01_env_2",
    "psnr": 25.435794830322266,
    "lpips": 0.037353515625,
    "ssim": 0.9519044756889343
  },
  "per_view": [
    {
      "view": 31,
      "psnr": 25.575702667236328,
      "lpips": 0.033935546875,
      "ssim": 0.9572688937187195
    },
    {
      "view": 49,
      "psnr": 24.49542808532715,
      "lpips": 0.05712890625,
      "ssim": 0.9360659718513489
    },
    {
      "view": 70,
      "psnr": 25.882461547851562,
      "lpips": 0.031005859375,
      "ssim": 0.9574030041694641
    },
    {
      "view": 75,
      "psnr": 25.789592742919922,
      "lpips": 0.027099609375,
      "ssim": 0.9568800330162048
    }
  ]
}