{
  "summary": {
    "scene_name": "bench_vice_01_white_env_0",
    "psnr": 33.69359588623047,
    "lpips": 0.0322265625,
    "ssim": 0.9645285606384277
  },
  "per_view": [
    {
      "view": 31,
      "psnr": 35.37671661376953,
      "lpips": 0.0255126953125,
      "ssim": 0.9727087020874023
    },
    {
      "view": 49,
      "psnr": 30.775606155395508,
      "lpips": 0.0498046875,
      "ssim": 0.9454699158668518
    },
    {
      "view": 70,
      "psnr": 33.985145568847656,
      "lpips": 0.02783203125,
      "ssim": 0.9696567058563232
    },
    {
      "view": 75,
      "psnr": 34.636905670166016,
      "lpips": 0.0255126953125,
      "ssim": 0.9702789187431335
    }
  ]
}