{
  "summary": {
    "scene_name": "bleach_bottle_env_2",
    "psnr": 37.619171142578125,
    "lpips": 0.01318359375,
    "ssim": 0.9902280569076538
  },
  "per_view": [
    {
      "view": 40,
      "psnr": 36.87942123413086,
      "lpips": 0.01239013671875,
      "ssim": 0.9917104840278625
    },
    {
      "view": 51,
      "psnr": 37.428382873535156,
      "lpips": 0.0089111328125,
      "ssim": 0.9929342269897461
    },
    {
      "view": 75,
      "psnr": 38.280860900878906,
      "lpips": 0.015625,
      "ssim": 0.9885169863700867
    },
    {
      "view": 78,
      "psnr": 37.88802719116211,
      "lpips": 0.0157470703125,
      "ssim": 0.9877507090568542
    }
  ]
}