{
  "summary": {
    "scene_name": "bleach_bottle_white_env_0",
    "psnr": 36.6097297668457,
    "lpips": 0.0152587890625,
    "ssim": 0.9854901432991028
  },
  "per_view": [
    {
      "view": 40,
      "psnr": 35.919532775878906,
      "lpips": 0.01361083984375,
      "ssim": 0.9850244522094727
    },
    {
      "view": 51,
      "psnr": 37.99011993408203,
      "lpips": 0.01165771484375,
      "ssim": 0.988340437412262
    },
    {
      "view": 75,
      "psnr": 36.41754150390625,
      "lpips": 0.017578125,
      "ssim": 0.9846031665802002
    },
    {
      "view": 78,
      "psnr": 36.11172866821289,
      "lpips": 0.01806640625,
      "ssim": 0.9839925765991211
    }
  ]
}