{
  "summary": {
    "scene_name": "bleach_bottle_env_0",
    "psnr": 32.695621490478516,
    "lpips": 0.01611328125,
    "ssim": 0.9812583923339844
  },
  "per_view": [
    {
      "view": 40,
      "psnr": 36.93227767944336,
      "lpips": 0.0135498046875,
      "ssim": 0.9895238876342773
    },
    {
      "view": 51,
      "psnr": 35.124019622802734,
      "lpips": 0.0120849609375,
      "ssim": 0.9847479462623596
    },
    {
      "view": 75,
      "psnr": 29.615230560302734,
      "lpips": 0.02001953125,
      "ssim": 0.9760422706604004
    },
    {
      "view": 78,
      "psnr": 29.110958099365234,
      "lpips": 0.018798828125,
      "ssim": 0.9747195839881897
    }
  ]
}