{
  "summary": {
    "scene_name": "bleach_bottle_env_1",
    "psnr": 35.56684875488281,
    "lpips": 0.01446533203125,
    "ssim": 0.9845535159111023
  },
  "per_view": [
    {
      "view": 40,
      "psnr": 35.944007873535156,
      "lpips": 0.013427734375,
      "ssim": 0.987929105758667
    },
    {
      "view": 51,
      "psnr": 36.42117691040039,
      "lpips": 0.0101318359375,
      "ssim": 0.9865168929100037
    },
    {
      "view": 75,
      "psnr": 34.917816162109375,
      "lpips": 0.0177001953125,
      "ssim": 0.9819096922874451
    },
    {
      "view": 78,
      "psnr": 34.98439407348633,
      "lpips": 0.0166015625,
      "ssim": 0.9818583130836487
    }
  ]
}