{
  "summary": {
    "scene_name": "bolt_cutters_01_white_env_0",
    "psnr": 39.0213737487793,
    "lpips": 0.007568359375,
    "ssim": 0.9957064390182495
  },
  "per_view": [
    {
      "view": 4,
      "psnr": 40.052833557128906,
      "lpips": 0.0079345703125,
      "ssim": 0.9966750741004944
    },
    {
      "view": 30,
      "psnr": 40.932315826416016,
      "lpips": 0.005279541015625,
      "ssim": 0.9958622455596924
    },
    {
      "view": 49,
      "psnr": 37.66740417480469,
      "lpips": 0.00921630859375,
      "ssim": 0.9950407147407532
    },
    {
      "view": 76,
      "psnr": 37.43293380737305,
      "lpips": 0.007781982421875,
      "ssim": 0.9952479004859924
    }
  ]
}