{
  "summary": {
    "scene_name": "bolt_cutters_01_env_1",
    "psnr": 40.891517639160156,
    "lpips": 0.0062255859375,
    "ssim": 0.9965479373931885
  },
  "per_view": [
    {
      "view": 4,
      "psnr": 41.31976318359375,
      "lpips": 0.006378173828125,
      "ssim": 0.9972436428070068
    },
    {
      "view": 30,
      "psnr": 41.59497833251953,
      "lpips": 0.005706787109375,
      "ssim": 0.9965881705284119
    },
    {
      "view": 49,
      "psnr": 40.816062927246094,
      "lpips": 0.00616455078125,
      "ssim": 0.9961493611335754
    },
    {
      "view": 76,
      "psnr": 39.83526611328125,
      "lpips": 0.006622314453125,
      "ssim": 0.996210515499115
    }
  ]
}