{
  "summary": {
    "scene_name": "bolt_cutters_01_env_0",
    "psnr": 37.38455581665039,
    "lpips": 0.0108642578125,
    "ssim": 0.9943705201148987
  },
  "per_view": [
    {
      "view": 4,
      "psnr": 37.1192741394043,
      "lpips": 0.0091552734375,
      "ssim": 0.994701087474823
    },
    {
      "view": 30,
      "psnr": 34.62970733642578,
      "lpips": 0.0162353515625,
      "ssim": 0.9927390217781067
    },
    {
      "view": 49,
      "psnr": 38.038536071777344,
      "lpips": 0.00927734375,
      "ssim": 0.9946044087409973
    },
    {
      "view": 76,
      "psnr": 39.75071334838867,
      "lpips": 0.0086669921875,
      "ssim": 0.9954375624656677
    }
  ]
}