{
  "summary": {
    "scene_name": "bolt_cutters_01_env_2",
    "psnr": 42.715003967285156,
    "lpips": 0.00494384765625,
    "ssim": 0.9976950883865356
  },
  "per_view": [
    {
      "view": 4,
      "psnr": 43.70509338378906,
      "lpips": 0.005401611328125,
      "ssim": 0.9982734322547913
    },
    {
      "view": 30,
      "psnr": 42.50125503540039,
      "lpips": 0.0047607421875,
      "ssim": 0.9976072311401367
    },
    {
      "view": 49,
      "psnr": 42.06252670288086,
      "lpips": 0.004913330078125,
      "ssim": 0.9972238540649414
    },
    {
      "view": 76,
      "psnr": 42.591148376464844,
      "lpips": 0.004638671875,
      "ssim": 0.997675895690918
    }
  ]
}