{
  "summary": {
    "scene_name": "book_encyclopedia_set_01_white_env_0",
    "psnr": 31.224191665649414,
    "lpips": 0.01336669921875,
    "ssim": 0.9940747618675232
  },
  "per_view": [
    {
      "view": 4,
      "psnr": 40.6609001159668,
      "lpips": 0.0257568359375,
      "ssim": 0.9961854815483093
    },
    {
      "view": 37,
      "psnr": 31.595726013183594,
      "lpips": 0.0030364990234375,
      "ssim": 0.9978303909301758
    },
    {
      "view": 49,
      "psnr": 25.116727828979492,
      "lpips": 0.0152587890625,
      "ssim": 0.9887391924858093
    },
    {
      "view": 59,
      "psnr": 27.523418426513672,
      "lpips": 0.00946044921875,
      "ssim": 0.9935439229011536
    }
  ]
}