{
  "summary": {
    "scene_name": "book_encyclopedia_set_01_env_0",
    "psnr": 37.23178482055664,
    "lpips": 0.0030670166015625,
    "ssim": 0.9982829689979553
  },
  "per_view": [
    {
      "view": 4,
      "psnr": 48.226806640625,
      "lpips": 0.00115203857421875,
      "ssim": 0.9997938275337219
    },
    {
      "view": 37,
      "psnr": 37.734161376953125,
      "lpips": 0.002593994140625,
      "ssim": 0.9989998936653137
    },
    {
      "view": 49,
      "psnr": 29.94643783569336,
      "lpips": 0.00518798828125,
      "ssim": 0.9963104128837585
    },
    {
      "view": 59,
      "psnr": 33.01972961425781,
      "lpips": 0.003326416015625,
      "ssim": 0.9980277419090271
    }
  ]
}