{
  "summary": {
    "scene_name": "book_encyclopedia_set_01_env_2",
    "psnr": 34.629844665527344,
    "lpips": 0.0048828125,
    "ssim": 0.996158242225647
  },
  "per_view": [
    {
      "view": 4,
      "psnr": 46.84917449951172,
      "lpips": 0.001373291015625,
      "ssim": 0.9996920228004456
    },
    {
      "view": 37,
      "psnr": 34.69866180419922,
      "lpips": 0.0029296875,
      "ssim": 0.9987480044364929
    },
    {
      "view": 49,
      "psnr": 27.88060188293457,
      "lpips": 0.01025390625,
      "ssim": 0.9916491508483887
    },
    {
      "view": 59,
      "psnr": 29.0909423828125,
      "lpips": 0.00494384765625,
      "ssim": 0.9945438504219055
    }
  ]
}