{
  "summary": {
    "scene_name": "book_encyclopedia_set_01_env_1",
    "psnr": 31.5203914642334,
    "lpips": 0.00946044921875,
    "ssim": 0.9903299808502197
  },
  "per_view": [
    {
      "view": 4,
      "psnr": 48.966896057128906,
      "lpips": 0.0048828125,
      "ssim": 0.9998242259025574
    },
    {
      "view": 37,
      "psnr": 28.300779342651367,
      "lpips": 0.0050048828125,
      "ssim": 0.9953423142433167
    },
    {
      "view": 49,
      "psnr": 22.27496337890625,
      "lpips": 0.0185546875,
      "ssim": 0.9758908748626709
    },
    {
      "view": 59,
      "psnr": 26.53892707824707,
      "lpips": 0.00946044921875,
      "ssim": 0.990262508392334
    }
  ]
}