{
  "summary": {
    "scene_name": "brass_vase_02_white_env_0",
    "psnr": 34.97430419921875,
    "lpips": 0.0196533203125,
    "ssim": 0.9806683659553528
  },
  "per_view": [
    {
      "view": 35,
      "psnr": 34.97806930541992,
      "lpips": 0.017822265625,
      "ssim": 0.9824807047843933
    },
    {
      "view": 47,
      "psnr": 34.583335876464844,
      "lpips": 0.0186767578125,
      "ssim": 0.9810662865638733
    },
    {
      "view": 52,
      "psnr": 35.06134796142578,
      "lpips": 0.01904296875,
      "ssim": 0.9800402522087097
    },
    {
      "view": 56,
      "psnr": 35.27446365356445,
      "lpips": 0.02294921875,
      "ssim": 0.97908616065979
    }
  ]
}