{
  "summary": {
    "scene_name": "brass_pot_01_env_0",
    "psnr": 23.28923225402832,
    "lpips": 0.1240234375,
    "ssim": 0.8965641856193542
  },
  "per_view": [
    {
      "view": 26,
      "psnr": 22.06273078918457,
      "lpips": 0.12890625,
      "ssim": 0.8908063769340515
    },
    {
      "view": 36,
      "psnr": 22.94879722595215,
      "lpips": 0.126953125,
      "ssim": 0.8965027332305908
    },
    {
      "view": 46,
      "psnr": 24.09062385559082,
      "lpips": 0.12158203125,
      "ssim": 0.8998098373413086
    },
    {
      "view": 52,
      "psnr": 24.054777145385742,
      "lpips": 0.119140625,
      "ssim": 0.8991377949714661
    }
  ]
}