{
  "summary": {
    "scene_name": "brass_vase_01_env_0",
    "psnr": 23.90317153930664,
    "lpips": 0.0654296875,
    "ssim": 0.915879487991333
  },
  "per_view": [
    {
      "view": 39,
      "psnr": 19.64134407043457,
      "lpips": 0.1083984375,
      "ssim": 0.8596789240837097
    },
    {
      "view": 44,
      "psnr": 26.421480178833008,
      "lpips": 0.04931640625,
      "ssim": 0.941745936870575
    },
    {
      "view": 48,
      "psnr": 26.826570510864258,
      "lpips": 0.044189453125,
      "ssim": 0.9431543350219727
    },
    {
      "view": 49,
      "psnr": 22.723295211791992,
      "lpips": 0.059814453125,
      "ssim": 0.9189388155937195
    }
  ]
}