{
  "summary": {
    "scene_name": "brass_vase_01_white_env_0",
    "psnr": 24.276687622070312,
    "lpips": 0.0634765625,
    "ssim": 0.9208512306213379
  },
  "per_view": [
    {
      "view": 39,
      "psnr": 18.818038940429688,
      "lpips": 0.11083984375,
      "ssim": 0.8597838282585144
    },
    {
      "view": 44,
      "psnr": 26.183320999145508,
      "lpips": 0.048828125,
      "ssim": 0.9416282176971436
    },
    {
      "view": 48,
      "psnr": 26.405946731567383,
      "lpips": 0.044921875,
      "ssim": 0.94416743516922
    },
    {
      "view": 49,
      "psnr": 25.69944190979004,
      "lpips": 0.048828125,
      "ssim": 0.9378254413604736
    }
  ]
}