{
  "summary": {
    "scene_name": "brass_vase_01_env_1",
    "psnr": 22.749073028564453,
    "lpips": 0.06201171875,
    "ssim": 0.920881450176239
  },
  "per_view": [
    {
      "view": 39,
      "psnr": 19.800220489501953,
      "lpips": 0.09765625,
      "ssim": 0.877152144908905
    },
    {
      "view": 44,
      "psnr": 26.016632080078125,
      "lpips": 0.04345703125,
      "ssim": 0.9486750960350037
    },
    {
      "view": 48,
      "psnr": 25.72361183166504,
      "lpips": 0.041015625,
      "ssim": 0.9516753554344177
    },
    {
      "view": 49,
      "psnr": 19.455825805664062,
      "lpips": 0.06640625,
      "ssim": 0.9060232043266296
    }
  ]
}