{
  "summary": {
    "scene_name": "brass_vase_03_env_2",
    "psnr": 29.784290313720703,
    "lpips": 0.046142578125,
    "ssim": 0.9466387033462524
  },
  "per_view": [
    {
      "view": 13,
      "psnr": 29.297626495361328,
      "lpips": 0.043212890625,
      "ssim": 0.9476659893989563
    },
    {
      "view": 32,
      "psnr": 29.785598754882812,
      "lpips": 0.044189453125,
      "ssim": 0.9504464268684387
    },
    {
      "view": 78,
      "psnr": 30.057884216308594,
      "lpips": 0.04736328125,
      "ssim": 0.9431567192077637
    },
    {
      "view": 85,
      "psnr": 29.996051788330078,
      "lpips": 0.049560546875,
      "ssim": 0.9452857971191406
    }
  ]
}