{
  "summary": {
    "scene_name": "brass_vase_03_white_env_0",
    "psnr": 27.80386734008789,
    "lpips": 0.0615234375,
    "ssim": 0.9295508861541748
  },
  "per_view": [
    {
      "view": 13,
      "psnr": 26.711551666259766,
      "lpips": 0.06640625,
      "ssim": 0.9217025637626648
    },
    {
      "view": 32,
      "psnr": 28.38776397705078,
      "lpips": 0.05908203125,
      "ssim": 0.9323919415473938
    },
    {
      "view": 78,
      "psnr": 28.302047729492188,
      "lpips": 0.060546875,
      "ssim": 0.9340910911560059
    },
    {
      "view": 85,
      "psnr": 27.81410026550293,
      "lpips": 0.060302734375,
      "ssim": 0.9300179481506348
    }
  ]
}