{
  "summary": {
    "scene_name": "brass_vase_02_env_1",
    "psnr": 32.38534927368164,
    "lpips": 0.0240478515625,
    "ssim": 0.9773231744766235
  },
  "per_view": [
    {
      "view": 35,
      "psnr": 33.683433532714844,
      "lpips": 0.0234375,
      "ssim": 0.9798542857170105
    },
    {
      "view": 47,
      "psnr": 32.5790901184082,
      "lpips": 0.02490234375,
      "ssim": 0.9748778343200684
    },
    {
      "view": 52,
      "psnr": 31.334421157836914,
      "lpips": 0.02197265625,
      "ssim": 0.9772354960441589
    },
    {
      "view": 56,
      "psnr": 31.944448471069336,
      "lpips": 0.02587890625,
      "ssim": 0.9773250222206116
    }
  ]
}