{
  "summary": {
    "scene_name": "brass_vase_02_env_0",
    "psnr": 29.562267303466797,
    "lpips": 0.025146484375,
    "ssim": 0.9737151861190796
  },
  "per_view": [
    {
      "view": 35,
      "psnr": 29.45318603515625,
      "lpips": 0.02490234375,
      "ssim": 0.9735148549079895
    },
    {
      "view": 47,
      "psnr": 29.470727920532227,
      "lpips": 0.02392578125,
      "ssim": 0.9728878140449524
    },
    {
      "view": 52,
      "psnr": 29.557270050048828,
      "lpips": 0.0255126953125,
      "ssim": 0.9748732447624207
    },
    {
      "view": 56,
      "psnr": 29.76788330078125,
      "lpips": 0.026123046875,
      "ssim": 0.9735846519470215
    }
  ]
}