{
  "summary": {
    "scene_name": "brass_pot_01_env_1",
    "psnr": 25.009056091308594,
    "lpips": 0.115234375,
    "ssim": 0.9104838371276855
  },
  "per_view": [
    {
      "view": 26,
      "psnr": 24.216880798339844,
      "lpips": 0.12255859375,
      "ssim": 0.9073842167854309
    },
    {
      "view": 36,
      "psnr": 25.161056518554688,
      "lpips": 0.107421875,
      "ssim": 0.9137471318244934
    },
    {
      "view": 46,
      "psnr": 25.346500396728516,
      "lpips": 0.11376953125,
      "ssim": 0.910233199596405
    },
    {
      "view": 52,
      "psnr": 25.311784744262695,
      "lpips": 0.1171875,
      "ssim": 0.9105706214904785
    }
  ]
}