{
  "summary": {
    "scene_name": "brass_pot_01_env_2",
    "psnr": 24.077648162841797,
    "lpips": 0.130859375,
    "ssim": 0.8760471940040588
  },
  "per_view": [
    {
      "view": 26,
      "psnr": 24.412410736083984,
      "lpips": 0.1318359375,
      "ssim": 0.8741610646247864
    },
    {
      "view": 36,
      "psnr": 24.401935577392578,
      "lpips": 0.126953125,
      "ssim": 0.8736960291862488
    },
    {
      "view": 46,
      "psnr": 24.0513973236084,
      "lpips": 0.1298828125,
      "ssim": 0.8770246505737305
    },
    {
      "view": 52,
      "psnr": 23.444847106933594,
      "lpips": 0.1357421875,
      "ssim": 0.8793070912361145
    }
  ]
}