{
  "summary": {
    "scene_name": "brass_vase_04_white_env_0",
    "psnr": 24.188636779785156,
    "lpips": 0.0419921875,
    "ssim": 0.9398934245109558
  },
  "per_view": [
    {
      "view": 48,
      "psnr": 24.646224975585938,
      "lpips": 0.038330078125,
      "ssim": 0.9447070956230164
    },
    {
      "view": 51,
      "psnr": 23.723800659179688,
      "lpips": 0.04248046875,
      "ssim": 0.9393032193183899
    },
    {
      "view": 52,
      "psnr": 23.809478759765625,
      "lpips": 0.040771484375,
      "ssim": 0.9386493563652039
    },
    {
      "view": 57,
      "psnr": 24.575042724609375,
      "lpips": 0.046142578125,
      "ssim": 0.9369139671325684
    }
  ]
}