{
  "summary": {
    "scene_name": "brass_pot_02_env_0",
    "psnr": 26.55426597595215,
    "lpips": 0.06982421875,
    "ssim": 0.9488153457641602
  },
  "per_view": [
    {
      "view": 34,
      "psnr": 26.086688995361328,
      "lpips": 0.07421875,
      "ssim": 0.9478175640106201
    },
    {
      "view": 37,
      "psnr": 25.88936996459961,
      "lpips": 0.07421875,
      "ssim": 0.9467110633850098
    },
    {
      "view": 58,
      "psnr": 26.80782699584961,
      "lpips": 0.06640625,
      "ssim": 0.9477365612983704
    },
    {
      "view": 65,
      "psnr": 27.433177947998047,
      "lpips": 0.064453125,
      "ssim": 0.9529960751533508
    }
  ]
}