{
  "summary": {
    "scene_name": "brass_pan_01_env_1",
    "psnr": 26.315664291381836,
    "lpips": 0.03759765625,
    "ssim": 0.9558128118515015
  },
  "per_view": [
    {
      "view": 51,
      "psnr": 27.179487228393555,
      "lpips": 0.03759765625,
      "ssim": 0.9646919369697571
    },
    {
      "view": 56,
      "psnr": 25.457115173339844,
      "lpips": 0.0361328125,
      "ssim": 0.9542558193206787
    },
    {
      "view": 61,
      "psnr": 26.19419288635254,
      "lpips": 0.038330078125,
      "ssim": 0.9521213173866272
    },
    {
      "view": 66,
      "psnr": 26.431861877441406,
      "lpips": 0.038330078125,
      "ssim": 0.9521821141242981
    }
  ]
}