{
  "summary": {
    "scene_name": "brass_vase_03_env_0",
    "psnr": 30.094810485839844,
    "lpips": 0.04736328125,
    "ssim": 0.9484118819236755
  },
  "per_view": [
    {
      "view": 13,
      "psnr": 30.23374366760254,
      "lpips": 0.049072265625,
      "ssim": 0.9474265575408936
    },
    {
      "view": 32,
      "psnr": 31.087055206298828,
      "lpips": 0.047607421875,
      "ssim": 0.9472527503967285
    },
    {
      "view": 78,
      "psnr": 29.530790328979492,
      "lpips": 0.0458984375,
      "ssim": 0.9502953886985779
    },
    {
      "view": 85,
      "psnr": 29.527647018432617,
      "lpips": 0.047119140625,
      "ssim": 0.9486727714538574
    }
  ]
}