{
  "summary": {
    "scene_name": "brass_pan_01_env_2",
    "psnr": 30.153335571289062,
    "lpips": 0.0238037109375,
    "ssim": 0.9701212644577026
  },
  "per_view": [
    {
      "view": 51,
      "psnr": 31.571659088134766,
      "lpips": 0.021240234375,
      "ssim": 0.976184070110321
    },
    {
      "view": 56,
      "psnr": 31.77879524230957,
      "lpips": 0.0201416015625,
      "ssim": 0.9744250774383545
    },
    {
      "view": 61,
      "psnr": 27.51083755493164,
      "lpips": 0.031005859375,
      "ssim": 0.9608662128448486
    },
    {
      "view": 66,
      "psnr": 29.752052307128906,
      "lpips": 0.0228271484375,
      "ssim": 0.9690095782279968
    }
  ]
}