{
  "summary": {
    "scene_name": "brass_pan_01_env_0",
    "psnr": 23.6478271484375,
    "lpips": 0.033935546875,
    "ssim": 0.957339346408844
  },
  "per_view": [
    {
      "view": 51,
      "psnr": 24.128883361816406,
      "lpips": 0.02880859375,
      "ssim": 0.9635591506958008
    },
    {
      "view": 56,
      "psnr": 22.36444664001465,
      "lpips": 0.03271484375,
      "ssim": 0.954322338104248
    },
    {
      "view": 61,
      "psnr": 25.00486183166504,
      "lpips": 0.03271484375,
      "ssim": 0.9640204906463623
    },
    {
      "view": 66,
      "psnr": 23.09311294555664,
      "lpips": 0.041259765625,
      "ssim": 0.9474554657936096
    }
  ]
}