{
  "summary": {
    "scene_name": "brass_vase_04_env_1",
    "psnr": 26.467735290527344,
    "lpips": 0.03662109375,
    "ssim": 0.9623920917510986
  },
  "per_view": [
    {
      "view": 48,
      "psnr": 27.67906951904297,
      "lpips": 0.032470703125,
      "ssim": 0.9653005599975586
    },
    {
      "view": 51,
      "psnr": 25.592548370361328,
      "lpips": 0.038330078125,
      "ssim": 0.962497889995575
    },
    {
      "view": 52,
      "psnr": 25.510150909423828,
      "lpips": 0.03759765625,
      "ssim": 0.9594666957855225
    },
    {
      "view": 57,
      "psnr": 27.089176177978516,
      "lpips": 0.03759765625,
      "ssim": 0.962303102016449
    }
  ]
}