{
  "summary": {
    "scene_name": "brass_vase_04_env_0",
    "psnr": 28.968013763427734,
    "lpips": 0.033203125,
    "ssim": 0.9577378630638123
  },
  "per_view": [
    {
      "view": 48,
      "psnr": 27.118776321411133,
      "lpips": 0.03271484375,
      "ssim": 0.9561899304389954
    },
    {
      "view": 51,
      "psnr": 29.21898651123047,
      "lpips": 0.03466796875,
      "ssim": 0.956416130065918
    },
    {
      "view": 52,
      "psnr": 29.528717041015625,
      "lpips": 0.03271484375,
      "ssim": 0.9586957097053528
    },
    {
      "view": 57,
      "psnr": 30.005577087402344,
      "lpips": 0.03271484375,
      "ssim": 0.9596497416496277
    }
  ]
}