{
  "summary": {
    "scene_name": "brass_pot_02_env_1",
    "psnr": 28.662227630615234,
    "lpips": 0.0703125,
    "ssim": 0.9542481899261475
  },
  "per_view": [
    {
      "view": 34,
      "psnr": 28.597728729248047,
      "lpips": 0.07275390625,
      "ssim": 0.9548537135124207
    },
    {
      "view": 37,
      "psnr": 28.56034278869629,
      "lpips": 0.07080078125,
      "ssim": 0.9552617073059082
    },
    {
      "view": 58,
      "psnr": 28.57242202758789,
      "lpips": 0.06689453125,
      "ssim": 0.9528182148933411
    },
    {
      "view": 65,
      "psnr": 28.918411254882812,
      "lpips": 0.0712890625,
      "ssim": 0.9540591835975647
    }
  ]
}