{
  "summary": {
    "scene_name": "brass_vase_03_env_1",
    "psnr": 26.16673469543457,
    "lpips": 0.0576171875,
    "ssim": 0.930253803730011
  },
  "per_view": [
    {
      "view": 13,
      "psnr": 25.880640029907227,
      "lpips": 0.05810546875,
      "ssim": 0.9285480380058289
    },
    {
      "view": 32,
      "psnr": 26.69598388671875,
      "lpips": 0.05615234375,
      "ssim": 0.9342620372772217
    },
    {
      "view": 78,
      "psnr": 26.37277603149414,
      "lpips": 0.056884765625,
      "ssim": 0.9305275082588196
    },
    {
      "view": 85,
      "psnr": 25.717540740966797,
      "lpips": 0.0595703125,
      "ssim": 0.9276776313781738
    }
  ]
}