{
  "summary": {
    "scene_name": "brass_pan_01_white_env_0",
    "psnr": 28.42879867553711,
    "lpips": 0.0283203125,
    "ssim": 0.9654077291488647
  },
  "per_view": [
    {
      "view": 51,
      "psnr": 29.172391891479492,
      "lpips": 0.028076171875,
      "ssim": 0.9723305702209473
    },
    {
      "view": 56,
      "psnr": 30.255294799804688,
      "lpips": 0.024658203125,
      "ssim": 0.97016841173172
    },
    {
      "view": 61,
      "psnr": 27.731243133544922,
      "lpips": 0.02880859375,
      "ssim": 0.9642688632011414
    },
    {
      "view": 66,
      "psnr": 26.55626106262207,
      "lpips": 0.031982421875,
      "ssim": 0.9548630118370056
    }
  ]
}