{
  "summary": {
    "scene_name": "brass_pot_02_white_env_0",
    "psnr": 30.023147583007812,
    "lpips": 0.0419921875,
    "ssim": 0.9642969965934753
  },
  "per_view": [
    {
      "view": 34,
      "psnr": 30.071735382080078,
      "lpips": 0.049560546875,
      "ssim": 0.9623249173164368
    },
    {
      "view": 37,
      "psnr": 29.509540557861328,
      "lpips": 0.046630859375,
      "ssim": 0.9609088897705078
    },
    {
      "view": 58,
      "psnr": 30.36575698852539,
      "lpips": 0.03466796875,
      "ssim": 0.9674577713012695
    },
    {
      "view": 65,
      "psnr": 30.14556121826172,
      "lpips": 0.03759765625,
      "ssim": 0.9664965271949768
    }
  ]
}