{
  "summary": {
    "scene_name": "brass_pot_02_env_2",
    "psnr": 26.86758041381836,
    "lpips": 0.0634765625,
    "ssim": 0.9255216121673584
  },
  "per_view": [
    {
      "view": 34,
      "psnr": 27.270450592041016,
      "lpips": 0.06640625,
      "ssim": 0.9305438995361328
    },
    {
      "view": 37,
      "psnr": 27.115333557128906,
      "lpips": 0.07177734375,
      "ssim": 0.9297364354133606
    },
    {
      "view": 58,
      "psnr": 26.55089569091797,
      "lpips": 0.0576171875,
      "ssim": 0.9208695292472839
    },
    {
      "view": 65,
      "psnr": 26.533641815185547,
      "lpips": 0.05810546875,
      "ssim": 0.9209367632865906
    }
  ]
}