{
  "summary": {
    "scene_name": "brass_vase_04_env_2",
    "psnr": 28.225786209106445,
    "lpips": 0.043212890625,
    "ssim": 0.9559469223022461
  },
  "per_view": [
    {
      "view": 48,
      "psnr": 28.442623138427734,
      "lpips": 0.041748046875,
      "ssim": 0.9588765501976013
    },
    {
      "view": 51,
      "psnr": 28.340301513671875,
      "lpips": 0.04345703125,
      "ssim": 0.9566221237182617
    },
    {
      "view": 52,
      "psnr": 28.283065795898438,
      "lpips": 0.04296875,
      "ssim": 0.9560009837150574
    },
    {
      "view": 57,
      "psnr": 27.837154388427734,
      "lpips": 0.044921875,
      "ssim": 0.9522880911827087
    }
  ]
}