{
  "summary": {
    "scene_name": "brass_vase_02_env_2",
    "psnr": 37.898406982421875,
    "lpips": 0.0164794921875,
    "ssim": 0.9867081046104431
  },
  "per_view": [
    {
      "view": 35,
      "psnr": 37.098548889160156,
      "lpips": 0.0146484375,
      "ssim": 0.987716019153595
    },
    {
      "view": 47,
      "psnr": 37.706878662109375,
      "lpips": 0.0172119140625,
      "ssim": 0.9860050678253174
    },
    {
      "view": 52,
      "psnr": 39.08527374267578,
      "lpips": 0.0155029296875,
      "ssim": 0.9872097373008728
    },
    {
      "view": 56,
      "psnr": 37.702938079833984,
      "lpips": 0.0184326171875,
      "ssim": 0.9859016537666321
    }
  ]
}