{
  "summary": {
    "scene_name": "brass_vase_01_env_2",
    "psnr": 23.288265228271484,
    "lpips": 0.0673828125,
    "ssim": 0.9138967990875244
  },
  "per_view": [
    {
      "view": 39,
      "psnr": 20.571680068969727,
      "lpips": 0.09228515625,
      "ssim": 0.8796281218528748
    },
    {
      "view": 44,
      "psnr": 24.033554077148438,
      "lpips": 0.0634765625,
      "ssim": 0.9248626828193665
    },
    {
      "view": 48,
      "psnr": 26.02863311767578,
      "lpips": 0.04736328125,
      "ssim": 0.9376516342163086
    },
    {
      "view": 49,
      "psnr": 22.519197463989258,
      "lpips": 0.06689453125,
      "ssim": 0.9134448170661926
    }
  ]
}