{
  "summary": {
    "scene_name": "brass_pot_01_white_env_0",
    "psnr": 21.59429931640625,
    "lpips": 0.1181640625,
    "ssim": 0.8791942000389099
  },
  "per_view": [
    {
      "view": 26,
      "psnr": 20.798845291137695,
      "lpips": 0.12255859375,
      "ssim": 0.8732176423072815
    },
    {
      "view": 36,
      "psnr": 21.430755615234375,
      "lpips": 0.11767578125,
      "ssim": 0.8802217841148376
    },
    {
      "view": 46,
      "psnr": 21.952518463134766,
      "lpips": 0.11572265625,
      "ssim": 0.8829039931297302
    },
    {
      "view": 52,
      "psnr": 22.195083618164062,
      "lpips": 0.11767578125,
      "ssim": 0.8804333806037903
    }
  ]
}