{
  "summary": {
    "scene_name": "Camera_01_env_1",
    "psnr": 17.12596893310547,
    "lpips": 0.11328125,
    "ssim": 0.8349410891532898
  },
  "per_view": [
    {
      "view": 33,
      "psnr": 12.965354919433594,
      "lpips": 0.173828125,
      "ssim": 0.7303674221038818
    },
    {
      "view": 36,
      "psnr": 21.99945068359375,
      "lpips": 0.0673828125,
      "ssim": 0.9254595637321472
    },
    {
      "view": 39,
      "psnr": 16.653221130371094,
      "lpips": 0.12060546875,
      "ssim": 0.832827627658844
    },
    {
      "view": 42,
      "psnr": 16.885848999023438,
      "lpips": 0.091796875,
      "ssim": 0.8511096835136414
    }
  ]
}