{
  "summary": {
    "scene_name": "Camera_01_white_env_0",
    "psnr": 16.175710678100586,
    "lpips": 0.12060546875,
    "ssim": 0.8207269906997681
  },
  "per_view": [
    {
      "view": 33,
      "psnr": 12.21967601776123,
      "lpips": 0.1796875,
      "ssim": 0.7176065444946289
    },
    {
      "view": 36,
      "psnr": 20.813766479492188,
      "lpips": 0.078125,
      "ssim": 0.915958821773529
    },
    {
      "view": 39,
      "psnr": 16.67312240600586,
      "lpips": 0.11328125,
      "ssim": 0.8376204371452332
    },
    {
      "view": 42,
      "psnr": 14.996274948120117,
      "lpips": 0.111328125,
      "ssim": 0.8117220401763916
    }
  ]
}