{
  "summary": {
    "scene_name": "Camera_01_env_2",
    "psnr": 17.060340881347656,
    "lpips": 0.1142578125,
    "ssim": 0.8393113613128662
  },
  "per_view": [
    {
      "view": 33,
      "psnr": 12.59607219696045,
      "lpips": 0.17578125,
      "ssim": 0.728496253490448
    },
    {
      "view": 36,
      "psnr": 21.267333984375,
      "lpips": 0.078125,
      "ssim": 0.9201249480247498
    },
    {
      "view": 39,
      "psnr": 17.42772674560547,
      "lpips": 0.11328125,
      "ssim": 0.8477904200553894
    },
    {
      "view": 42,
      "psnr": 16.950233459472656,
      "lpips": 0.0908203125,
      "ssim": 0.8608336448669434
    }
  ]
}