{
  "summary": {
    "scene_name": "Camera_01_env_0",
    "psnr": 16.271156311035156,
    "lpips": 0.1259765625,
    "ssim": 0.8213222622871399
  },
  "per_view": [
    {
      "view": 33,
      "psnr": 12.48770809173584,
      "lpips": 0.1865234375,
      "ssim": 0.7211402058601379
    },
    {
      "view": 36,
      "psnr": 20.24274444580078,
      "lpips": 0.083984375,
      "ssim": 0.9051845669746399
    },
    {
      "view": 39,
      "psnr": 16.817609786987305,
      "lpips": 0.1259765625,
      "ssim": 0.833902895450592
    },
    {
      "view": 42,
      "psnr": 15.536563873291016,
      "lpips": 0.1083984375,
      "ssim": 0.8250613808631897
    }
  ]
}