{
  "summary": {
    "scene_name": "cardboard_box_01_env_2",
    "psnr": 22.262550354003906,
    "lpips": 0.1142578125,
    "ssim": 0.9000591039657593
  },
  "per_view": [
    {
      "view": 42,
      "psnr": 23.110401153564453,
      "lpips": 0.126953125,
      "ssim": 0.8891857266426086
    },
    {
      "view": 43,
      "psnr": 23.163015365600586,
      "lpips": 0.123046875,
      "ssim": 0.8952867388725281
    },
    {
      "view": 81,
      "psnr": 21.300668716430664,
      "lpips": 0.10546875,
      "ssim": 0.9107000231742859
    },
    {
      "view": 86,
      "psnr": 21.476116180419922,
      "lpips": 0.1025390625,
      "ssim": 0.9050638675689697
    }
  ]
}