{
  "summary": {
    "scene_name": "cardboard_box_01_env_0",
    "psnr": 25.818267822265625,
    "lpips": 0.083984375,
    "ssim": 0.9507321119308472
  },
  "per_view": [
    {
      "view": 42,
      "psnr": 25.474550247192383,
      "lpips": 0.083984375,
      "ssim": 0.944371223449707
    },
    {
      "view": 43,
      "psnr": 25.665388107299805,
      "lpips": 0.0849609375,
      "ssim": 0.9516618847846985
    },
    {
      "view": 81,
      "psnr": 26.39861297607422,
      "lpips": 0.0791015625,
      "ssim": 0.955028235912323
    },
    {
      "view": 86,
      "psnr": 25.734519958496094,
      "lpips": 0.0888671875,
      "ssim": 0.9518671631813049
    }
  ]
}