{
  "summary": {
    "scene_name": "cardboard_box_01_env_1",
    "psnr": 24.766080856323242,
    "lpips": 0.08544921875,
    "ssim": 0.937771201133728
  },
  "per_view": [
    {
      "view": 42,
      "psnr": 24.332077026367188,
      "lpips": 0.09130859375,
      "ssim": 0.929378092288971
    },
    {
      "view": 43,
      "psnr": 24.45026206970215,
      "lpips": 0.087890625,
      "ssim": 0.9355869889259338
    },
    {
      "view": 81,
      "psnr": 25.32370376586914,
      "lpips": 0.076171875,
      "ssim": 0.9463115334510803
    },
    {
      "view": 86,
      "psnr": 24.958276748657227,
      "lpips": 0.0859375,
      "ssim": 0.9398083686828613
    }
  ]
}