{
  "summary": {
    "scene_name": "cardboard_box_01_white_env_0",
    "psnr": 32.687957763671875,
    "lpips": 0.0986328125,
    "ssim": 0.9397734999656677
  },
  "per_view": [
    {
      "view": 42,
      "psnr": 32.12031555175781,
      "lpips": 0.1005859375,
      "ssim": 0.9363550543785095
    },
    {
      "view": 43,
      "psnr": 32.55647659301758,
      "lpips": 0.10009765625,
      "ssim": 0.9455745816230774
    },
    {
      "view": 81,
      "psnr": 32.881248474121094,
      "lpips": 0.0927734375,
      "ssim": 0.9410201907157898
    },
    {
      "view": 86,
      "psnr": 33.19379806518555,
      "lpips": 0.10009765625,
      "ssim": 0.9361441731452942
    }
  ]
}