{
  "summary": {
    "scene_name": "carrot_cake_env_1",
    "psnr": 25.54837417602539,
    "lpips": 0.109375,
    "ssim": 0.828267514705658
  },
  "per_view": [
    {
      "view": 26,
      "psnr": 25.520328521728516,
      "lpips": 0.0986328125,
      "ssim": 0.8672127723693848
    },
    {
      "view": 58,
      "psnr": 25.81073570251465,
      "lpips": 0.109375,
      "ssim": 0.8462039828300476
    },
    {
      "view": 81,
      "psnr": 25.392343521118164,
      "lpips": 0.115234375,
      "ssim": 0.7995586395263672
    },
    {
      "view": 82,
      "psnr": 25.4700870513916,
      "lpips": 0.1142578125,
      "ssim": 0.8000946640968323
    }
  ]
}