{
  "summary": {
    "scene_name": "carrot_cake_env_0",
    "psnr": 25.320425033569336,
    "lpips": 0.0869140625,
    "ssim": 0.8837970495223999
  },
  "per_view": [
    {
      "view": 26,
      "psnr": 24.84140396118164,
      "lpips": 0.09423828125,
      "ssim": 0.8670886158943176
    },
    {
      "view": 58,
      "psnr": 25.91632652282715,
      "lpips": 0.09375,
      "ssim": 0.87880539894104
    },
    {
      "view": 81,
      "psnr": 25.0780029296875,
      "lpips": 0.080078125,
      "ssim": 0.8934991359710693
    },
    {
      "view": 82,
      "psnr": 25.445968627929688,
      "lpips": 0.0791015625,
      "ssim": 0.8957951664924622
    }
  ]
}