{
  "summary": {
    "scene_name": "carrot_cake_env_2",
    "psnr": 26.562185287475586,
    "lpips": 0.10498046875,
    "ssim": 0.8364755511283875
  },
  "per_view": [
    {
      "view": 26,
      "psnr": 26.833660125732422,
      "lpips": 0.107421875,
      "ssim": 0.8277570605278015
    },
    {
      "view": 58,
      "psnr": 25.88268280029297,
      "lpips": 0.1005859375,
      "ssim": 0.8358795642852783
    },
    {
      "view": 81,
      "psnr": 26.820701599121094,
      "lpips": 0.10595703125,
      "ssim": 0.8408942222595215
    },
    {
      "view": 82,
      "psnr": 26.71169662475586,
      "lpips": 0.10595703125,
      "ssim": 0.8413713574409485
    }
  ]
}