{
  "summary": {
    "scene_name": "carrot_cake_white_env_0",
    "psnr": 28.418006896972656,
    "lpips": 0.09619140625,
    "ssim": 0.851678729057312
  },
  "per_view": [
    {
      "view": 26,
      "psnr": 30.440404891967773,
      "lpips": 0.0830078125,
      "ssim": 0.8947217464447021
    },
    {
      "view": 58,
      "psnr": 28.4843807220459,
      "lpips": 0.0966796875,
      "ssim": 0.853678286075592
    },
    {
      "view": 81,
      "psnr": 27.275188446044922,
      "lpips": 0.10107421875,
      "ssim": 0.8282363414764404
    },
    {
      "view": 82,
      "psnr": 27.472049713134766,
      "lpips": 0.10400390625,
      "ssim": 0.8300785422325134
    }
  ]
}