{
  "summary": {
    "scene_name": "carved_wooden_plate_env_1",
    "psnr": 33.89263153076172,
    "lpips": 0.03173828125,
    "ssim": 0.9725724458694458
  },
  "per_view": [
    {
      "view": 20,
      "psnr": 32.54898452758789,
      "lpips": 0.03369140625,
      "ssim": 0.9705473780632019
    },
    {
      "view": 59,
      "psnr": 34.733741760253906,
      "lpips": 0.02978515625,
      "ssim": 0.9735514521598816
    },
    {
      "view": 63,
      "psnr": 34.285003662109375,
      "lpips": 0.031005859375,
      "ssim": 0.97320556640625
    },
    {
      "view": 66,
      "psnr": 34.002784729003906,
      "lpips": 0.0322265625,
      "ssim": 0.9729855060577393
    }
  ]
}