{
  "summary": {
    "scene_name": "carved_wooden_elephant_env_2",
    "psnr": 36.66796875,
    "lpips": 0.035888671875,
    "ssim": 0.9727449417114258
  },
  "per_view": [
    {
      "view": 19,
      "psnr": 35.32857894897461,
      "lpips": 0.042724609375,
      "ssim": 0.9668137431144714
    },
    {
      "view": 33,
      "psnr": 36.792659759521484,
      "lpips": 0.036865234375,
      "ssim": 0.9739339351654053
    },
    {
      "view": 40,
      "psnr": 36.983394622802734,
      "lpips": 0.03271484375,
      "ssim": 0.9760774970054626
    },
    {
      "view": 45,
      "psnr": 37.567237854003906,
      "lpips": 0.03125,
      "ssim": 0.9741544127464294
    }
  ]
}