{
  "summary": {
    "scene_name": "carved_wooden_plate_env_0",
    "psnr": 36.50812530517578,
    "lpips": 0.041259765625,
    "ssim": 0.948659360408783
  },
  "per_view": [
    {
      "view": 20,
      "psnr": 36.21200180053711,
      "lpips": 0.04248046875,
      "ssim": 0.9659585356712341
    },
    {
      "view": 59,
      "psnr": 35.81835174560547,
      "lpips": 0.041259765625,
      "ssim": 0.9430081248283386
    },
    {
      "view": 63,
      "psnr": 36.87479019165039,
      "lpips": 0.0390625,
      "ssim": 0.9424481987953186
    },
    {
      "view": 66,
      "psnr": 37.12736511230469,
      "lpips": 0.042236328125,
      "ssim": 0.9432225823402405
    }
  ]
}