{
  "summary": {
    "scene_name": "carved_wooden_elephant_env_0",
    "psnr": 32.47492980957031,
    "lpips": 0.04541015625,
    "ssim": 0.9678722023963928
  },
  "per_view": [
    {
      "view": 19,
      "psnr": 33.10152816772461,
      "lpips": 0.054443359375,
      "ssim": 0.9632730484008789
    },
    {
      "view": 33,
      "psnr": 32.36331558227539,
      "lpips": 0.048828125,
      "ssim": 0.9681007266044617
    },
    {
      "view": 40,
      "psnr": 32.143741607666016,
      "lpips": 0.04150390625,
      "ssim": 0.9699935913085938
    },
    {
      "view": 45,
      "psnr": 32.2911376953125,
      "lpips": 0.037109375,
      "ssim": 0.9701213240623474
    }
  ]
}