{
  "summary": {
    "scene_name": "carved_wooden_plate_env_2",
    "psnr": 32.77971267700195,
    "lpips": 0.03466796875,
    "ssim": 0.9681501984596252
  },
  "per_view": [
    {
      "view": 20,
      "psnr": 34.288360595703125,
      "lpips": 0.036865234375,
      "ssim": 0.9625106453895569
    },
    {
      "view": 59,
      "psnr": 33.32304000854492,
      "lpips": 0.033203125,
      "ssim": 0.9697573184967041
    },
    {
      "view": 63,
      "psnr": 32.04713439941406,
      "lpips": 0.03515625,
      "ssim": 0.9688549041748047
    },
    {
      "view": 66,
      "psnr": 31.460308074951172,
      "lpips": 0.033447265625,
      "ssim": 0.9714780449867249
    }
  ]
}