{
  "summary": {
    "scene_name": "carved_wooden_elephant_env_1",
    "psnr": 33.707237243652344,
    "lpips": 0.04052734375,
    "ssim": 0.9731923937797546
  },
  "per_view": [
    {
      "view": 19,
      "psnr": 34.1087646484375,
      "lpips": 0.047119140625,
      "ssim": 0.9695290923118591
    },
    {
      "view": 33,
      "psnr": 32.55915069580078,
      "lpips": 0.04345703125,
      "ssim": 0.9717052578926086
    },
    {
      "view": 40,
      "psnr": 33.79037857055664,
      "lpips": 0.038818359375,
      "ssim": 0.9745237231254578
    },
    {
      "view": 45,
      "psnr": 34.370662689208984,
      "lpips": 0.033203125,
      "ssim": 0.977011501789093
    }
  ]
}