{
  "summary": {
    "scene_name": "carved_wooden_plate_white_env_0",
    "psnr": 30.92287826538086,
    "lpips": 0.057861328125,
    "ssim": 0.9156899452209473
  },
  "per_view": [
    {
      "view": 20,
      "psnr": 26.350290298461914,
      "lpips": 0.0771484375,
      "ssim": 0.9041178822517395
    },
    {
      "view": 59,
      "psnr": 31.284809112548828,
      "lpips": 0.052001953125,
      "ssim": 0.9162805676460266
    },
    {
      "view": 63,
      "psnr": 32.61674499511719,
      "lpips": 0.052001953125,
      "ssim": 0.9200630187988281
    },
    {
      "view": 66,
      "psnr": 33.439666748046875,
      "lpips": 0.05029296875,
      "ssim": 0.9222981929779053
    }
  ]
}