{
  "summary": {
    "scene_name": "carved_wooden_elephant_white_env_0",
    "psnr": 30.08904266357422,
    "lpips": 0.046875,
    "ssim": 0.9511666297912598
  },
  "per_view": [
    {
      "view": 19,
      "psnr": 29.327255249023438,
      "lpips": 0.0546875,
      "ssim": 0.9457995295524597
    },
    {
      "view": 33,
      "psnr": 29.749130249023438,
      "lpips": 0.048583984375,
      "ssim": 0.9485507607460022
    },
    {
      "view": 40,
      "psnr": 30.274391174316406,
      "lpips": 0.044677734375,
      "ssim": 0.9518035054206848
    },
    {
      "view": 45,
      "psnr": 31.00539779663086,
      "lpips": 0.039794921875,
      "ssim": 0.9585128426551819
    }
  ]
}