{
  "summary": {
    "scene_name": "cassette_player_white_env_0",
    "psnr": 28.86943817138672,
    "lpips": 0.049072265625,
    "ssim": 0.9568485021591187
  },
  "per_view": [
    {
      "view": 0,
      "psnr": 31.30560302734375,
      "lpips": 0.0257568359375,
      "ssim": 0.9866132140159607
    },
    {
      "view": 19,
      "psnr": 29.67083168029785,
      "lpips": 0.0771484375,
      "ssim": 0.9303593039512634
    },
    {
      "view": 48,
      "psnr": 28.480907440185547,
      "lpips": 0.0286865234375,
      "ssim": 0.972604513168335
    },
    {
      "view": 85,
      "psnr": 26.02041244506836,
      "lpips": 0.064453125,
      "ssim": 0.9378170371055603
    }
  ]
}