{
  "summary": {
    "scene_name": "cassette_player_env_1",
    "psnr": 34.10803985595703,
    "lpips": 0.03759765625,
    "ssim": 0.9648004174232483
  },
  "per_view": [
    {
      "view": 0,
      "psnr": 35.86964797973633,
      "lpips": 0.0162353515625,
      "ssim": 0.9896815419197083
    },
    {
      "view": 19,
      "psnr": 31.386720657348633,
      "lpips": 0.052978515625,
      "ssim": 0.9258753657341003
    },
    {
      "view": 48,
      "psnr": 35.41624450683594,
      "lpips": 0.0233154296875,
      "ssim": 0.9828405976295471
    },
    {
      "view": 85,
      "psnr": 33.759552001953125,
      "lpips": 0.05810546875,
      "ssim": 0.9608041644096375
    }
  ]
}