{
  "summary": {
    "scene_name": "cassette_player_env_0",
    "psnr": 32.44813537597656,
    "lpips": 0.04931640625,
    "ssim": 0.9575493335723877
  },
  "per_view": [
    {
      "view": 0,
      "psnr": 35.914085388183594,
      "lpips": 0.026123046875,
      "ssim": 0.9864794611930847
    },
    {
      "view": 19,
      "psnr": 26.409818649291992,
      "lpips": 0.087890625,
      "ssim": 0.8985136151313782
    },
    {
      "view": 48,
      "psnr": 33.87871170043945,
      "lpips": 0.0284423828125,
      "ssim": 0.9825323224067688
    },
    {
      "view": 85,
      "psnr": 33.58993148803711,
      "lpips": 0.0546875,
      "ssim": 0.9626719951629639
    }
  ]
}