{
  "summary": {
    "scene_name": "cassette_player_env_2",
    "psnr": 33.56890106201172,
    "lpips": 0.0419921875,
    "ssim": 0.9582310914993286
  },
  "per_view": [
    {
      "view": 0,
      "psnr": 38.048309326171875,
      "lpips": 0.01513671875,
      "ssim": 0.9877192378044128
    },
    {
      "view": 19,
      "psnr": 26.864233016967773,
      "lpips": 0.07177734375,
      "ssim": 0.903327226638794
    },
    {
      "view": 48,
      "psnr": 35.33110046386719,
      "lpips": 0.025634765625,
      "ssim": 0.9802436828613281
    },
    {
      "view": 85,
      "psnr": 34.03194808959961,
      "lpips": 0.05517578125,
      "ssim": 0.96163409948349
    }
  ]
}