{
  "summary": {
    "scene_name": "ceramic_vase_01_white_env_0",
    "psnr": 33.130367279052734,
    "lpips": 0.03125,
    "ssim": 0.9855054616928101
  },
  "per_view": [
    {
      "view": 45,
      "psnr": 33.77195739746094,
      "lpips": 0.02880859375,
      "ssim": 0.9877706170082092
    },
    {
      "view": 49,
      "psnr": 33.772159576416016,
      "lpips": 0.027587890625,
      "ssim": 0.9879025816917419
    },
    {
      "view": 57,
      "psnr": 33.36193084716797,
      "lpips": 0.032470703125,
      "ssim": 0.986047089099884
    },
    {
      "view": 75,
      "psnr": 31.61542510986328,
      "lpips": 0.036376953125,
      "ssim": 0.980301558971405
    }
  ]
}