{
  "summary": {
    "scene_name": "ceramic_vase_02_env_0",
    "psnr": 33.6252326965332,
    "lpips": 0.07568359375,
    "ssim": 0.9845018982887268
  },
  "per_view": [
    {
      "view": 30,
      "psnr": 32.40129089355469,
      "lpips": 0.06982421875,
      "ssim": 0.9841709136962891
    },
    {
      "view": 40,
      "psnr": 31.979869842529297,
      "lpips": 0.06298828125,
      "ssim": 0.9844832420349121
    },
    {
      "view": 80,
      "psnr": 34.941246032714844,
      "lpips": 0.0849609375,
      "ssim": 0.9851022362709045
    },
    {
      "view": 88,
      "psnr": 35.17852020263672,
      "lpips": 0.0849609375,
      "ssim": 0.9842512011528015
    }
  ]
}