{
  "summary": {
    "scene_name": "ceramic_vase_02_env_2",
    "psnr": 30.33055877685547,
    "lpips": 0.07568359375,
    "ssim": 0.9772984385490417
  },
  "per_view": [
    {
      "view": 30,
      "psnr": 32.2368278503418,
      "lpips": 0.08642578125,
      "ssim": 0.9743148684501648
    },
    {
      "view": 40,
      "psnr": 30.654888153076172,
      "lpips": 0.0830078125,
      "ssim": 0.9734218716621399
    },
    {
      "view": 80,
      "psnr": 28.566492080688477,
      "lpips": 0.0693359375,
      "ssim": 0.9805588126182556
    },
    {
      "view": 88,
      "psnr": 29.864025115966797,
      "lpips": 0.06396484375,
      "ssim": 0.9808982014656067
    }
  ]
}