{
  "summary": {
    "scene_name": "ceramic_vase_04_env_0",
    "psnr": 27.56241226196289,
    "lpips": 0.050048828125,
    "ssim": 0.9615612626075745
  },
  "per_view": [
    {
      "view": 1,
      "psnr": 27.242645263671875,
      "lpips": 0.056396484375,
      "ssim": 0.9511443972587585
    },
    {
      "view": 53,
      "psnr": 27.52779769897461,
      "lpips": 0.043212890625,
      "ssim": 0.9742191433906555
    },
    {
      "view": 94,
      "psnr": 27.630998611450195,
      "lpips": 0.05126953125,
      "ssim": 0.9609830975532532
    },
    {
      "view": 95,
      "psnr": 27.84820556640625,
      "lpips": 0.049560546875,
      "ssim": 0.9598984122276306
    }
  ]
}