{
  "summary": {
    "scene_name": "ceramic_vase_04_env_2",
    "psnr": 25.57341766357422,
    "lpips": 0.045166015625,
    "ssim": 0.9582186937332153
  },
  "per_view": [
    {
      "view": 1,
      "psnr": 26.437664031982422,
      "lpips": 0.05078125,
      "ssim": 0.9518280625343323
    },
    {
      "view": 53,
      "psnr": 25.132177352905273,
      "lpips": 0.037353515625,
      "ssim": 0.9672301411628723
    },
    {
      "view": 94,
      "psnr": 25.36505889892578,
      "lpips": 0.046142578125,
      "ssim": 0.9576928615570068
    },
    {
      "view": 95,
      "psnr": 25.3587703704834,
      "lpips": 0.046630859375,
      "ssim": 0.9561238288879395
    }
  ]
}