{
  "summary": {
    "scene_name": "ceramic_vase_02_env_1",
    "psnr": 33.36184310913086,
    "lpips": 0.078125,
    "ssim": 0.9792389273643494
  },
  "per_view": [
    {
      "view": 30,
      "psnr": 33.86775588989258,
      "lpips": 0.08642578125,
      "ssim": 0.9786869883537292
    },
    {
      "view": 40,
      "psnr": 33.04979705810547,
      "lpips": 0.06689453125,
      "ssim": 0.980637788772583
    },
    {
      "view": 80,
      "psnr": 33.25078582763672,
      "lpips": 0.08056640625,
      "ssim": 0.9804093837738037
    },
    {
      "view": 88,
      "psnr": 33.279029846191406,
      "lpips": 0.0791015625,
      "ssim": 0.9772214293479919
    }
  ]
}