{
  "summary": {
    "scene_name": "ceramic_vase_04_white_env_0",
    "psnr": 32.803306579589844,
    "lpips": 0.041748046875,
    "ssim": 0.9762967824935913
  },
  "per_view": [
    {
      "view": 1,
      "psnr": 35.796058654785156,
      "lpips": 0.03857421875,
      "ssim": 0.9792196154594421
    },
    {
      "view": 53,
      "psnr": 26.75422477722168,
      "lpips": 0.047607421875,
      "ssim": 0.976039469242096
    },
    {
      "view": 94,
      "psnr": 34.25410079956055,
      "lpips": 0.040771484375,
      "ssim": 0.9741285443305969
    },
    {
      "view": 95,
      "psnr": 34.40884017944336,
      "lpips": 0.0400390625,
      "ssim": 0.9757995009422302
    }
  ]
}