{
  "summary": {
    "scene_name": "ceramic_vase_01_env_2",
    "psnr": 31.250322341918945,
    "lpips": 0.0308837890625,
    "ssim": 0.9832044243812561
  },
  "per_view": [
    {
      "view": 45,
      "psnr": 30.60529899597168,
      "lpips": 0.0361328125,
      "ssim": 0.9826071262359619
    },
    {
      "view": 49,
      "psnr": 30.522186279296875,
      "lpips": 0.03369140625,
      "ssim": 0.9820833206176758
    },
    {
      "view": 57,
      "psnr": 31.38716697692871,
      "lpips": 0.028076171875,
      "ssim": 0.9835314154624939
    },
    {
      "view": 75,
      "psnr": 32.486637115478516,
      "lpips": 0.025634765625,
      "ssim": 0.984595775604248
    }
  ]
}