{
  "summary": {
    "scene_name": "ceramic_vase_02_white_env_0",
    "psnr": 26.172943115234375,
    "lpips": 0.12060546875,
    "ssim": 0.9269115924835205
  },
  "per_view": [
    {
      "view": 30,
      "psnr": 26.487525939941406,
      "lpips": 0.11669921875,
      "ssim": 0.9207150340080261
    },
    {
      "view": 40,
      "psnr": 26.979761123657227,
      "lpips": 0.119140625,
      "ssim": 0.924754798412323
    },
    {
      "view": 80,
      "psnr": 25.782726287841797,
      "lpips": 0.126953125,
      "ssim": 0.9290181994438171
    },
    {
      "view": 88,
      "psnr": 25.441757202148438,
      "lpips": 0.1201171875,
      "ssim": 0.9331582188606262
    }
  ]
}