{
  "summary": {
    "scene_name": "ceramic_vase_01_env_0",
    "psnr": 37.98662567138672,
    "lpips": 0.0218505859375,
    "ssim": 0.9960953593254089
  },
  "per_view": [
    {
      "view": 45,
      "psnr": 38.20899963378906,
      "lpips": 0.021728515625,
      "ssim": 0.9961735606193542
    },
    {
      "view": 49,
      "psnr": 38.453922271728516,
      "lpips": 0.0205078125,
      "ssim": 0.9962118268013
    },
    {
      "view": 57,
      "psnr": 38.36993408203125,
      "lpips": 0.021484375,
      "ssim": 0.9962508678436279
    },
    {
      "view": 75,
      "psnr": 36.91364669799805,
      "lpips": 0.0235595703125,
      "ssim": 0.9957451820373535
    }
  ]
}