{
  "summary": {
    "scene_name": "ceramic_vase_04_env_1",
    "psnr": 25.703550338745117,
    "lpips": 0.037841796875,
    "ssim": 0.976213812828064
  },
  "per_view": [
    {
      "view": 1,
      "psnr": 25.22691535949707,
      "lpips": 0.035888671875,
      "ssim": 0.9770388603210449
    },
    {
      "view": 53,
      "psnr": 26.11109161376953,
      "lpips": 0.03857421875,
      "ssim": 0.9792912602424622
    },
    {
      "view": 94,
      "psnr": 25.87285041809082,
      "lpips": 0.0390625,
      "ssim": 0.9737984538078308
    },
    {
      "view": 95,
      "psnr": 25.603347778320312,
      "lpips": 0.0380859375,
      "ssim": 0.9747266173362732
    }
  ]
}