{
  "summary": {
    "scene_name": "ceramic_vase_01_env_1",
    "psnr": 33.997222900390625,
    "lpips": 0.03466796875,
    "ssim": 0.9872754812240601
  },
  "per_view": [
    {
      "view": 45,
      "psnr": 34.37263488769531,
      "lpips": 0.033203125,
      "ssim": 0.989130437374115
    },
    {
      "view": 49,
      "psnr": 34.59352111816406,
      "lpips": 0.03173828125,
      "ssim": 0.9893016219139099
    },
    {
      "view": 57,
      "psnr": 34.50532531738281,
      "lpips": 0.035400390625,
      "ssim": 0.9879322648048401
    },
    {
      "view": 75,
      "psnr": 32.517417907714844,
      "lpips": 0.0380859375,
      "ssim": 0.9827377796173096
    }
  ]
}