{
  "summary": {
    "scene_name": "ClassicNightstand_01_env_0",
    "psnr": 25.99077033996582,
    "lpips": 0.08837890625,
    "ssim": 0.9075822830200195
  },
  "per_view": [
    {
      "view": 45,
      "psnr": 27.66351890563965,
      "lpips": 0.07763671875,
      "ssim": 0.9306562542915344
    },
    {
      "view": 47,
      "psnr": 24.20366668701172,
      "lpips": 0.08203125,
      "ssim": 0.9275829792022705
    },
    {
      "view": 50,
      "psnr": 23.995952606201172,
      "lpips": 0.07958984375,
      "ssim": 0.9358315467834473
    },
    {
      "view": 63,
      "psnr": 28.09994125366211,
      "lpips": 0.11474609375,
      "ssim": 0.8362584710121155
    }
  ]
}