{
  "summary": {
    "scene_name": "ClassicConsole_01_env_0",
    "psnr": 31.662986755371094,
    "lpips": 0.03271484375,
    "ssim": 0.9633824825286865
  },
  "per_view": [
    {
      "view": 41,
      "psnr": 30.992448806762695,
      "lpips": 0.028564453125,
      "ssim": 0.9573102593421936
    },
    {
      "view": 60,
      "psnr": 32.00126266479492,
      "lpips": 0.03271484375,
      "ssim": 0.9621992111206055
    },
    {
      "view": 74,
      "psnr": 30.241680145263672,
      "lpips": 0.034912109375,
      "ssim": 0.9695730805397034
    },
    {
      "view": 96,
      "psnr": 33.41655349731445,
      "lpips": 0.03466796875,
      "ssim": 0.9644473195075989
    }
  ]
}