{
  "summary": {
    "scene_name": "ClassicConsole_01_env_2",
    "psnr": 32.927825927734375,
    "lpips": 0.029296875,
    "ssim": 0.9715146422386169
  },
  "per_view": [
    {
      "view": 41,
      "psnr": 31.84504508972168,
      "lpips": 0.026123046875,
      "ssim": 0.9718866348266602
    },
    {
      "view": 60,
      "psnr": 32.88123321533203,
      "lpips": 0.0294189453125,
      "ssim": 0.9733472466468811
    },
    {
      "view": 74,
      "psnr": 33.16390609741211,
      "lpips": 0.032958984375,
      "ssim": 0.9737257361412048
    },
    {
      "view": 96,
      "psnr": 33.82111740112305,
      "lpips": 0.0286865234375,
      "ssim": 0.9670990109443665
    }
  ]
}