{
  "summary": {
    "scene_name": "ClassicConsole_01_white_env_0",
    "psnr": 31.197683334350586,
    "lpips": 0.03564453125,
    "ssim": 0.9609302282333374
  },
  "per_view": [
    {
      "view": 41,
      "psnr": 30.513141632080078,
      "lpips": 0.032958984375,
      "ssim": 0.9589659571647644
    },
    {
      "view": 60,
      "psnr": 31.27763557434082,
      "lpips": 0.03662109375,
      "ssim": 0.9559535384178162
    },
    {
      "view": 74,
      "psnr": 30.616361618041992,
      "lpips": 0.035400390625,
      "ssim": 0.9677472710609436
    },
    {
      "view": 96,
      "psnr": 32.38359451293945,
      "lpips": 0.037353515625,
      "ssim": 0.961054265499115
    }
  ]
}