{
  "summary": {
    "scene_name": "ClassicNightstand_01_env_1",
    "psnr": 29.153339385986328,
    "lpips": 0.107421875,
    "ssim": 0.8757792115211487
  },
  "per_view": [
    {
      "view": 45,
      "psnr": 29.698049545288086,
      "lpips": 0.10009765625,
      "ssim": 0.8808612823486328
    },
    {
      "view": 47,
      "psnr": 29.954898834228516,
      "lpips": 0.10107421875,
      "ssim": 0.8857547640800476
    },
    {
      "view": 50,
      "psnr": 29.646699905395508,
      "lpips": 0.09423828125,
      "ssim": 0.886080801486969
    },
    {
      "view": 63,
      "psnr": 27.313711166381836,
      "lpips": 0.1337890625,
      "ssim": 0.8504199981689453
    }
  ]
}