{
  "summary": {
    "scene_name": "ClassicNightstand_01_env_2",
    "psnr": 31.585859298706055,
    "lpips": 0.07421875,
    "ssim": 0.9287773370742798
  },
  "per_view": [
    {
      "view": 45,
      "psnr": 31.764785766601562,
      "lpips": 0.064453125,
      "ssim": 0.9496417045593262
    },
    {
      "view": 47,
      "psnr": 34.403778076171875,
      "lpips": 0.064453125,
      "ssim": 0.9537544250488281
    },
    {
      "view": 50,
      "psnr": 34.49258804321289,
      "lpips": 0.0625,
      "ssim": 0.9503948092460632
    },
    {
      "view": 63,
      "psnr": 25.68228530883789,
      "lpips": 0.10595703125,
      "ssim": 0.8613182902336121
    }
  ]
}