{
  "summary": {
    "scene_name": "ClassicConsole_01_env_1",
    "psnr": 30.837671279907227,
    "lpips": 0.0341796875,
    "ssim": 0.9647105932235718
  },
  "per_view": [
    {
      "view": 41,
      "psnr": 31.735347747802734,
      "lpips": 0.027099609375,
      "ssim": 0.9703065752983093
    },
    {
      "view": 60,
      "psnr": 30.186279296875,
      "lpips": 0.0361328125,
      "ssim": 0.9623727798461914
    },
    {
      "view": 74,
      "psnr": 30.526912689208984,
      "lpips": 0.033935546875,
      "ssim": 0.9653868079185486
    },
    {
      "view": 96,
      "psnr": 30.902145385742188,
      "lpips": 0.0400390625,
      "ssim": 0.960776150226593
    }
  ]
}