{
  "summary": {
    "scene_name": "ClassicNightstand_01_white_env_0",
    "psnr": 30.621177673339844,
    "lpips": 0.08642578125,
    "ssim": 0.8971362113952637
  },
  "per_view": [
    {
      "view": 45,
      "psnr": 30.24012565612793,
      "lpips": 0.080078125,
      "ssim": 0.8961427807807922
    },
    {
      "view": 47,
      "psnr": 31.028364181518555,
      "lpips": 0.0810546875,
      "ssim": 0.9058472514152527
    },
    {
      "view": 50,
      "psnr": 31.86629867553711,
      "lpips": 0.0751953125,
      "ssim": 0.9094590544700623
    },
    {
      "view": 63,
      "psnr": 29.349918365478516,
      "lpips": 0.109375,
      "ssim": 0.877095639705658
    }
  ]
}