{
  "summary": {
    "scene_name": "cleaner_tin_01_white_env_0",
    "psnr": 27.61517333984375,
    "lpips": 0.06103515625,
    "ssim": 0.9385542869567871
  },
  "per_view": [
    {
      "view": 40,
      "psnr": 27.513628005981445,
      "lpips": 0.06103515625,
      "ssim": 0.9329791069030762
    },
    {
      "view": 49,
      "psnr": 27.432348251342773,
      "lpips": 0.058349609375,
      "ssim": 0.9365800023078918
    },
    {
      "view": 68,
      "psnr": 28.362558364868164,
      "lpips": 0.0556640625,
      "ssim": 0.9477229118347168
    },
    {
      "view": 78,
      "psnr": 27.15216064453125,
      "lpips": 0.0693359375,
      "ssim": 0.9369352459907532
    }
  ]
}