{
  "summary": {
    "scene_name": "cleaner_tin_01_env_2",
    "psnr": 22.691726684570312,
    "lpips": 0.054443359375,
    "ssim": 0.9380292296409607
  },
  "per_view": [
    {
      "view": 40,
      "psnr": 22.675188064575195,
      "lpips": 0.0546875,
      "ssim": 0.935894250869751
    },
    {
      "view": 49,
      "psnr": 22.397724151611328,
      "lpips": 0.053466796875,
      "ssim": 0.9347662329673767
    },
    {
      "view": 68,
      "psnr": 22.78154754638672,
      "lpips": 0.054443359375,
      "ssim": 0.9397489428520203
    },
    {
      "view": 78,
      "psnr": 22.912446975708008,
      "lpips": 0.055419921875,
      "ssim": 0.9417073726654053
    }
  ]
}