{
  "summary": {
    "scene_name": "cleaner_tin_01_env_1",
    "psnr": 22.26490592956543,
    "lpips": 0.06640625,
    "ssim": 0.8548991084098816
  },
  "per_view": [
    {
      "view": 40,
      "psnr": 22.339570999145508,
      "lpips": 0.064453125,
      "ssim": 0.8407118916511536
    },
    {
      "view": 49,
      "psnr": 22.05621337890625,
      "lpips": 0.0673828125,
      "ssim": 0.8376967906951904
    },
    {
      "view": 68,
      "psnr": 22.888172149658203,
      "lpips": 0.059326171875,
      "ssim": 0.8775106072425842
    },
    {
      "view": 78,
      "psnr": 21.775667190551758,
      "lpips": 0.07373046875,
      "ssim": 0.8636772036552429
    }
  ]
}