{
  "summary": {
    "scene_name": "cleaner_tin_01_env_0",
    "psnr": 24.909582138061523,
    "lpips": 0.06982421875,
    "ssim": 0.915498673915863
  },
  "per_view": [
    {
      "view": 40,
      "psnr": 26.866802215576172,
      "lpips": 0.0771484375,
      "ssim": 0.924320638179779
    },
    {
      "view": 49,
      "psnr": 25.82453727722168,
      "lpips": 0.0693359375,
      "ssim": 0.9243684411048889
    },
    {
      "view": 68,
      "psnr": 23.80722427368164,
      "lpips": 0.0615234375,
      "ssim": 0.9127144813537598
    },
    {
      "view": 78,
      "psnr": 23.1397647857666,
      "lpips": 0.07080078125,
      "ssim": 0.9005911946296692
    }
  ]
}