{
  "summary": {
    "scene_name": "CoffeeTable_01_env_0",
    "psnr": 31.146045684814453,
    "lpips": 0.03759765625,
    "ssim": 0.9561614990234375
  },
  "per_view": [
    {
      "view": 47,
      "psnr": 32.46113967895508,
      "lpips": 0.03466796875,
      "ssim": 0.9659483432769775
    },
    {
      "view": 58,
      "psnr": 30.642070770263672,
      "lpips": 0.036865234375,
      "ssim": 0.9525821208953857
    },
    {
      "view": 69,
      "psnr": 30.553646087646484,
      "lpips": 0.039794921875,
      "ssim": 0.9524007439613342
    },
    {
      "view": 80,
      "psnr": 30.927330017089844,
      "lpips": 0.0390625,
      "ssim": 0.9537148475646973
    }
  ]
}