{
  "summary": {
    "scene_name": "CoffeeTable_01_env_1",
    "psnr": 25.414958953857422,
    "lpips": 0.0478515625,
    "ssim": 0.9354146122932434
  },
  "per_view": [
    {
      "view": 47,
      "psnr": 26.69179916381836,
      "lpips": 0.055908203125,
      "ssim": 0.9374684691429138
    },
    {
      "view": 58,
      "psnr": 25.571500778198242,
      "lpips": 0.043212890625,
      "ssim": 0.933723509311676
    },
    {
      "view": 69,
      "psnr": 24.20675277709961,
      "lpips": 0.047119140625,
      "ssim": 0.9309306740760803
    },
    {
      "view": 80,
      "psnr": 25.189783096313477,
      "lpips": 0.044921875,
      "ssim": 0.9395357966423035
    }
  ]
}