{
  "summary": {
    "scene_name": "CoffeeTable_01_env_2",
    "psnr": 33.06853485107422,
    "lpips": 0.032958984375,
    "ssim": 0.9610967636108398
  },
  "per_view": [
    {
      "view": 47,
      "psnr": 33.44742202758789,
      "lpips": 0.03173828125,
      "ssim": 0.9684109091758728
    },
    {
      "view": 58,
      "psnr": 32.868221282958984,
      "lpips": 0.032470703125,
      "ssim": 0.9579102993011475
    },
    {
      "view": 69,
      "psnr": 32.75080871582031,
      "lpips": 0.03564453125,
      "ssim": 0.9576228260993958
    },
    {
      "view": 80,
      "psnr": 33.20768737792969,
      "lpips": 0.031982421875,
      "ssim": 0.9604430198669434
    }
  ]
}