{
  "summary": {
    "scene_name": "CoffeeTable_01_white_env_0",
    "psnr": 30.166648864746094,
    "lpips": 0.0380859375,
    "ssim": 0.9486521482467651
  },
  "per_view": [
    {
      "view": 47,
      "psnr": 31.661048889160156,
      "lpips": 0.038330078125,
      "ssim": 0.9633879661560059
    },
    {
      "view": 58,
      "psnr": 29.406373977661133,
      "lpips": 0.04150390625,
      "ssim": 0.9395158886909485
    },
    {
      "view": 69,
      "psnr": 29.393829345703125,
      "lpips": 0.038330078125,
      "ssim": 0.9403838515281677
    },
    {
      "view": 80,
      "psnr": 30.20534324645996,
      "lpips": 0.03466796875,
      "ssim": 0.9513208866119385
    }
  ]
}