{
  "summary": {
    "scene_name": "compost_bags_env_1",
    "psnr": 31.804080963134766,
    "lpips": 0.0137939453125,
    "ssim": 0.9899581670761108
  },
  "per_view": [
    {
      "view": 50,
      "psnr": 34.665550231933594,
      "lpips": 0.009521484375,
      "ssim": 0.9938386082649231
    },
    {
      "view": 52,
      "psnr": 34.45866012573242,
      "lpips": 0.010009765625,
      "ssim": 0.9937440752983093
    },
    {
      "view": 58,
      "psnr": 29.135009765625,
      "lpips": 0.016357421875,
      "ssim": 0.9880414009094238
    },
    {
      "view": 60,
      "psnr": 28.957103729248047,
      "lpips": 0.0191650390625,
      "ssim": 0.9842085838317871
    }
  ]
}