{
  "summary": {
    "scene_name": "compost_bags_env_2",
    "psnr": 35.26099395751953,
    "lpips": 0.010498046875,
    "ssim": 0.992245614528656
  },
  "per_view": [
    {
      "view": 50,
      "psnr": 36.57166290283203,
      "lpips": 0.00775146484375,
      "ssim": 0.9948534965515137
    },
    {
      "view": 52,
      "psnr": 37.56123733520508,
      "lpips": 0.0067138671875,
      "ssim": 0.9949078559875488
    },
    {
      "view": 58,
      "psnr": 33.375640869140625,
      "lpips": 0.0107421875,
      "ssim": 0.9909917712211609
    },
    {
      "view": 60,
      "psnr": 33.53543472290039,
      "lpips": 0.016845703125,
      "ssim": 0.9882292747497559
    }
  ]
}