{
  "summary": {
    "scene_name": "compost_bags_white_env_0",
    "psnr": 35.462440490722656,
    "lpips": 0.01171875,
    "ssim": 0.9915593862533569
  },
  "per_view": [
    {
      "view": 50,
      "psnr": 38.97606658935547,
      "lpips": 0.0079345703125,
      "ssim": 0.995873749256134
    },
    {
      "view": 52,
      "psnr": 38.07461166381836,
      "lpips": 0.008056640625,
      "ssim": 0.9959666728973389
    },
    {
      "view": 58,
      "psnr": 32.812286376953125,
      "lpips": 0.01483154296875,
      "ssim": 0.9889717102050781
    },
    {
      "view": 60,
      "psnr": 31.986791610717773,
      "lpips": 0.0159912109375,
      "ssim": 0.9854255318641663
    }
  ]
}