{
  "summary": {
    "scene_name": "compost_bags_env_0",
    "psnr": 35.93523406982422,
    "lpips": 0.01287841796875,
    "ssim": 0.9922114014625549
  },
  "per_view": [
    {
      "view": 50,
      "psnr": 38.943519592285156,
      "lpips": 0.006317138671875,
      "ssim": 0.9960641264915466
    },
    {
      "view": 52,
      "psnr": 38.733524322509766,
      "lpips": 0.0079345703125,
      "ssim": 0.9961967468261719
    },
    {
      "view": 58,
      "psnr": 33.63710021972656,
      "lpips": 0.0159912109375,
      "ssim": 0.9902167320251465
    },
    {
      "view": 60,
      "psnr": 32.42678451538086,
      "lpips": 0.021240234375,
      "ssim": 0.9863680005073547
    }
  ]
}