{
  "summary": {
    "scene_name": "croissant_env_0",
    "psnr": 29.037864685058594,
    "lpips": 0.03662109375,
    "ssim": 0.9569717049598694
  },
  "per_view": [
    {
      "view": 17,
      "psnr": 28.373291015625,
      "lpips": 0.038818359375,
      "ssim": 0.9502934813499451
    },
    {
      "view": 19,
      "psnr": 28.332759857177734,
      "lpips": 0.04345703125,
      "ssim": 0.9502549171447754
    },
    {
      "view": 29,
      "psnr": 28.312747955322266,
      "lpips": 0.0380859375,
      "ssim": 0.9528779983520508
    },
    {
      "view": 45,
      "psnr": 31.132661819458008,
      "lpips": 0.02587890625,
      "ssim": 0.9744604229927063
    }
  ]
}