{
  "summary": {
    "scene_name": "croissant_env_2",
    "psnr": 28.99679183959961,
    "lpips": 0.021484375,
    "ssim": 0.9794841408729553
  },
  "per_view": [
    {
      "view": 17,
      "psnr": 28.856048583984375,
      "lpips": 0.018798828125,
      "ssim": 0.9801850914955139
    },
    {
      "view": 19,
      "psnr": 29.173200607299805,
      "lpips": 0.0211181640625,
      "ssim": 0.9801740050315857
    },
    {
      "view": 29,
      "psnr": 28.879505157470703,
      "lpips": 0.02490234375,
      "ssim": 0.9775634407997131
    },
    {
      "view": 45,
      "psnr": 29.078414916992188,
      "lpips": 0.0208740234375,
      "ssim": 0.9800140261650085
    }
  ]
}