{
  "summary": {
    "scene_name": "croissant_env_1",
    "psnr": 29.49811553955078,
    "lpips": 0.04833984375,
    "ssim": 0.9542586803436279
  },
  "per_view": [
    {
      "view": 17,
      "psnr": 29.866165161132812,
      "lpips": 0.049560546875,
      "ssim": 0.951827347278595
    },
    {
      "view": 19,
      "psnr": 29.193607330322266,
      "lpips": 0.052734375,
      "ssim": 0.9483712315559387
    },
    {
      "view": 29,
      "psnr": 28.59308624267578,
      "lpips": 0.055908203125,
      "ssim": 0.9467778205871582
    },
    {
      "view": 45,
      "psnr": 30.339603424072266,
      "lpips": 0.034912109375,
      "ssim": 0.970058262348175
    }
  ]
}