{
  "summary": {
    "scene_name": "croissant_white_env_0",
    "psnr": 35.94729232788086,
    "lpips": 0.02294921875,
    "ssim": 0.9792258739471436
  },
  "per_view": [
    {
      "view": 17,
      "psnr": 36.35263442993164,
      "lpips": 0.0238037109375,
      "ssim": 0.9787697196006775
    },
    {
      "view": 19,
      "psnr": 35.932167053222656,
      "lpips": 0.02490234375,
      "ssim": 0.977592945098877
    },
    {
      "view": 29,
      "psnr": 34.26792526245117,
      "lpips": 0.028076171875,
      "ssim": 0.9753116965293884
    },
    {
      "view": 45,
      "psnr": 37.23643493652344,
      "lpips": 0.01513671875,
      "ssim": 0.9852290153503418
    }
  ]
}