{
  "summary": {
    "scene_name": "dead_tree_trunk_env_2",
    "psnr": 36.448646545410156,
    "lpips": 0.01019287109375,
    "ssim": 0.9941530823707581
  },
  "per_view": [
    {
      "view": 18,
      "psnr": 33.223087310791016,
      "lpips": 0.0118408203125,
      "ssim": 0.993369996547699
    },
    {
      "view": 29,
      "psnr": 34.29297637939453,
      "lpips": 0.01043701171875,
      "ssim": 0.9936110973358154
    },
    {
      "view": 64,
      "psnr": 38.730064392089844,
      "lpips": 0.01025390625,
      "ssim": 0.9944857954978943
    },
    {
      "view": 69,
      "psnr": 39.54844665527344,
      "lpips": 0.00823974609375,
      "ssim": 0.995145320892334
    }
  ]
}