{
  "summary": {
    "scene_name": "dead_tree_trunk_env_0",
    "psnr": 41.72595977783203,
    "lpips": 0.01214599609375,
    "ssim": 0.9963158369064331
  },
  "per_view": [
    {
      "view": 18,
      "psnr": 41.145790100097656,
      "lpips": 0.0089111328125,
      "ssim": 0.9971272349357605
    },
    {
      "view": 29,
      "psnr": 42.387142181396484,
      "lpips": 0.00994873046875,
      "ssim": 0.9972291588783264
    },
    {
      "view": 64,
      "psnr": 40.84519958496094,
      "lpips": 0.013671875,
      "ssim": 0.9953510165214539
    },
    {
      "view": 69,
      "psnr": 42.525718688964844,
      "lpips": 0.01611328125,
      "ssim": 0.9955558776855469
    }
  ]
}