{
  "summary": {
    "scene_name": "dead_tree_trunk_env_1",
    "psnr": 39.521507263183594,
    "lpips": 0.0074462890625,
    "ssim": 0.9968754649162292
  },
  "per_view": [
    {
      "view": 18,
      "psnr": 40.41515350341797,
      "lpips": 0.00701904296875,
      "ssim": 0.9972810745239258
    },
    {
      "view": 29,
      "psnr": 40.72700500488281,
      "lpips": 0.0059814453125,
      "ssim": 0.9974603056907654
    },
    {
      "view": 64,
      "psnr": 38.53132629394531,
      "lpips": 0.00775146484375,
      "ssim": 0.9964452385902405
    },
    {
      "view": 69,
      "psnr": 38.41253662109375,
      "lpips": 0.00909423828125,
      "ssim": 0.9963151812553406
    }
  ]
}