{
  "summary": {
    "scene_name": "dead_tree_trunk_white_env_0",
    "psnr": 40.57011413574219,
    "lpips": 0.00872802734375,
    "ssim": 0.995373547077179
  },
  "per_view": [
    {
      "view": 18,
      "psnr": 43.136131286621094,
      "lpips": 0.0098876953125,
      "ssim": 0.9964378476142883
    },
    {
      "view": 29,
      "psnr": 41.087196350097656,
      "lpips": 0.00927734375,
      "ssim": 0.9959602355957031
    },
    {
      "view": 64,
      "psnr": 38.90171813964844,
      "lpips": 0.007232666015625,
      "ssim": 0.9945616722106934
    },
    {
      "view": 69,
      "psnr": 39.15540313720703,
      "lpips": 0.0084228515625,
      "ssim": 0.9945344924926758
    }
  ]
}