{
  "summary": {
    "scene_name": "desk_lamp_arm_01_env_1",
    "psnr": 31.444419860839844,
    "lpips": 0.0103759765625,
    "ssim": 0.991401195526123
  },
  "per_view": [
    {
      "view": 74,
      "psnr": 32.09230041503906,
      "lpips": 0.0091552734375,
      "ssim": 0.9929223656654358
    },
    {
      "view": 86,
      "psnr": 30.7003116607666,
      "lpips": 0.011962890625,
      "ssim": 0.9905319809913635
    },
    {
      "view": 92,
      "psnr": 30.998497009277344,
      "lpips": 0.01068115234375,
      "ssim": 0.9908860325813293
    },
    {
      "view": 95,
      "psnr": 31.986568450927734,
      "lpips": 0.0096435546875,
      "ssim": 0.9912643432617188
    }
  ]
}