{
  "summary": {
    "scene_name": "desk_lamp_arm_01_white_env_0",
    "psnr": 35.64213562011719,
    "lpips": 0.00958251953125,
    "ssim": 0.9942430853843689
  },
  "per_view": [
    {
      "view": 74,
      "psnr": 35.60409927368164,
      "lpips": 0.0069580078125,
      "ssim": 0.9951751828193665
    },
    {
      "view": 86,
      "psnr": 35.74299240112305,
      "lpips": 0.0118408203125,
      "ssim": 0.9940077662467957
    },
    {
      "view": 92,
      "psnr": 35.71422576904297,
      "lpips": 0.00909423828125,
      "ssim": 0.994141161441803
    },
    {
      "view": 95,
      "psnr": 35.50722122192383,
      "lpips": 0.0103759765625,
      "ssim": 0.9936482310295105
    }
  ]
}