{
  "summary": {
    "scene_name": "desk_lamp_arm_01_env_2",
    "psnr": 37.641845703125,
    "lpips": 0.0084228515625,
    "ssim": 0.9950962066650391
  },
  "per_view": [
    {
      "view": 74,
      "psnr": 36.907623291015625,
      "lpips": 0.007293701171875,
      "ssim": 0.9946702122688293
    },
    {
      "view": 86,
      "psnr": 38.28480911254883,
      "lpips": 0.007232666015625,
      "ssim": 0.9957253336906433
    },
    {
      "view": 92,
      "psnr": 37.83823776245117,
      "lpips": 0.00982666015625,
      "ssim": 0.9951205253601074
    },
    {
      "view": 95,
      "psnr": 37.536712646484375,
      "lpips": 0.00927734375,
      "ssim": 0.9948687553405762
    }
  ]
}