{
  "summary": {
    "scene_name": "desk_lamp_arm_01_env_0",
    "psnr": 34.98369598388672,
    "lpips": 0.0107421875,
    "ssim": 0.9939703345298767
  },
  "per_view": [
    {
      "view": 74,
      "psnr": 33.171051025390625,
      "lpips": 0.01141357421875,
      "ssim": 0.9933972358703613
    },
    {
      "view": 86,
      "psnr": 35.57340621948242,
      "lpips": 0.010009765625,
      "ssim": 0.9942168593406677
    },
    {
      "view": 92,
      "psnr": 35.73273468017578,
      "lpips": 0.0111083984375,
      "ssim": 0.9943678975105286
    },
    {
      "view": 95,
      "psnr": 35.45759582519531,
      "lpips": 0.010498046875,
      "ssim": 0.9938992857933044
    }
  ]
}