{
  "summary": {
    "scene_name": "dining_chair_02_env_2",
    "psnr": 33.47895431518555,
    "lpips": 0.03369140625,
    "ssim": 0.9680593609809875
  },
  "per_view": [
    {
      "view": 1,
      "psnr": 34.037086486816406,
      "lpips": 0.029541015625,
      "ssim": 0.9757954478263855
    },
    {
      "view": 42,
      "psnr": 33.542198181152344,
      "lpips": 0.0283203125,
      "ssim": 0.9787262082099915
    },
    {
      "view": 74,
      "psnr": 32.50699996948242,
      "lpips": 0.04248046875,
      "ssim": 0.9635785222053528
    },
    {
      "view": 95,
      "psnr": 33.82952880859375,
      "lpips": 0.034912109375,
      "ssim": 0.9541372656822205
    }
  ]
}