{
  "summary": {
    "scene_name": "dining_chair_02_env_0",
    "psnr": 32.68124008178711,
    "lpips": 0.031005859375,
    "ssim": 0.9733173251152039
  },
  "per_view": [
    {
      "view": 1,
      "psnr": 32.51015090942383,
      "lpips": 0.024658203125,
      "ssim": 0.9807798266410828
    },
    {
      "view": 42,
      "psnr": 31.417221069335938,
      "lpips": 0.030517578125,
      "ssim": 0.9701855182647705
    },
    {
      "view": 74,
      "psnr": 33.208431243896484,
      "lpips": 0.0361328125,
      "ssim": 0.9724733233451843
    },
    {
      "view": 95,
      "psnr": 33.58915710449219,
      "lpips": 0.03271484375,
      "ssim": 0.9698305130004883
    }
  ]
}