{
  "summary": {
    "scene_name": "dining_chair_02_env_1",
    "psnr": 37.73554611206055,
    "lpips": 0.0262451171875,
    "ssim": 0.9838417172431946
  },
  "per_view": [
    {
      "view": 1,
      "psnr": 38.37466049194336,
      "lpips": 0.0198974609375,
      "ssim": 0.9873025417327881
    },
    {
      "view": 42,
      "psnr": 37.44055938720703,
      "lpips": 0.02490234375,
      "ssim": 0.9870665669441223
    },
    {
      "view": 74,
      "psnr": 36.879093170166016,
      "lpips": 0.0341796875,
      "ssim": 0.9805011749267578
    },
    {
      "view": 95,
      "psnr": 38.24787902832031,
      "lpips": 0.026123046875,
      "ssim": 0.9804966449737549
    }
  ]
}