{
  "summary": {
    "scene_name": "dining_chair_02_white_env_0",
    "psnr": 37.12217712402344,
    "lpips": 0.02490234375,
    "ssim": 0.9811129570007324
  },
  "per_view": [
    {
      "view": 1,
      "psnr": 38.55475616455078,
      "lpips": 0.01611328125,
      "ssim": 0.9875972270965576
    },
    {
      "view": 42,
      "psnr": 35.48920822143555,
      "lpips": 0.022216796875,
      "ssim": 0.9827094078063965
    },
    {
      "view": 74,
      "psnr": 36.664955139160156,
      "lpips": 0.0361328125,
      "ssim": 0.9783222079277039
    },
    {
      "view": 95,
      "psnr": 37.779788970947266,
      "lpips": 0.025390625,
      "ssim": 0.975822925567627
    }
  ]
}