{
  "summary": {
    "scene_name": "drain_cleaner_env_0",
    "psnr": 24.563663482666016,
    "lpips": 0.05029296875,
    "ssim": 0.9310189485549927
  },
  "per_view": [
    {
      "view": 39,
      "psnr": 24.618423461914062,
      "lpips": 0.061767578125,
      "ssim": 0.9216787219047546
    },
    {
      "view": 41,
      "psnr": 25.20583152770996,
      "lpips": 0.054443359375,
      "ssim": 0.9270792007446289
    },
    {
      "view": 50,
      "psnr": 25.376407623291016,
      "lpips": 0.034423828125,
      "ssim": 0.9491003155708313
    },
    {
      "view": 54,
      "psnr": 23.053987503051758,
      "lpips": 0.051025390625,
      "ssim": 0.9262175559997559
    }
  ]
}