{
  "summary": {
    "scene_name": "drain_cleaner_white_env_0",
    "psnr": 30.709178924560547,
    "lpips": 0.052734375,
    "ssim": 0.9466821551322937
  },
  "per_view": [
    {
      "view": 39,
      "psnr": 29.647274017333984,
      "lpips": 0.06494140625,
      "ssim": 0.9377172589302063
    },
    {
      "view": 41,
      "psnr": 30.573408126831055,
      "lpips": 0.0576171875,
      "ssim": 0.9463829398155212
    },
    {
      "view": 50,
      "psnr": 31.66943359375,
      "lpips": 0.03662109375,
      "ssim": 0.9595903754234314
    },
    {
      "view": 54,
      "psnr": 30.94659996032715,
      "lpips": 0.05126953125,
      "ssim": 0.9430379867553711
    }
  ]
}