{
  "summary": {
    "scene_name": "drain_cleaner_env_2",
    "psnr": 27.369943618774414,
    "lpips": 0.0498046875,
    "ssim": 0.9421706795692444
  },
  "per_view": [
    {
      "view": 39,
      "psnr": 25.464818954467773,
      "lpips": 0.07080078125,
      "ssim": 0.9210710525512695
    },
    {
      "view": 41,
      "psnr": 25.75653839111328,
      "lpips": 0.05517578125,
      "ssim": 0.9342159628868103
    },
    {
      "view": 50,
      "psnr": 29.951480865478516,
      "lpips": 0.0286865234375,
      "ssim": 0.9645445942878723
    },
    {
      "view": 54,
      "psnr": 28.30693244934082,
      "lpips": 0.044921875,
      "ssim": 0.9488511085510254
    }
  ]
}