{
  "summary": {
    "scene_name": "drain_cleaner_env_1",
    "psnr": 24.707576751708984,
    "lpips": 0.06396484375,
    "ssim": 0.9328163862228394
  },
  "per_view": [
    {
      "view": 39,
      "psnr": 24.28886604309082,
      "lpips": 0.0751953125,
      "ssim": 0.9174776077270508
    },
    {
      "view": 41,
      "psnr": 24.465953826904297,
      "lpips": 0.06591796875,
      "ssim": 0.9244926571846008
    },
    {
      "view": 50,
      "psnr": 26.267013549804688,
      "lpips": 0.0478515625,
      "ssim": 0.9559705853462219
    },
    {
      "view": 54,
      "psnr": 23.808467864990234,
      "lpips": 0.06640625,
      "ssim": 0.9333246350288391
    }
  ]
}