{
  "summary": {
    "scene_name": "drawer_cabinet_env_2",
    "psnr": 29.377721786499023,
    "lpips": 0.03759765625,
    "ssim": 0.9622198343276978
  },
  "per_view": [
    {
      "view": 36,
      "psnr": 29.36004638671875,
      "lpips": 0.03955078125,
      "ssim": 0.9603584408760071
    },
    {
      "view": 44,
      "psnr": 29.33670425415039,
      "lpips": 0.029296875,
      "ssim": 0.9700910449028015
    },
    {
      "view": 79,
      "psnr": 30.819971084594727,
      "lpips": 0.04052734375,
      "ssim": 0.9636712670326233
    },
    {
      "view": 91,
      "psnr": 27.994165420532227,
      "lpips": 0.040771484375,
      "ssim": 0.9547585844993591
    }
  ]
}