{
  "summary": {
    "scene_name": "drawer_cabinet_env_1",
    "psnr": 28.139705657958984,
    "lpips": 0.047607421875,
    "ssim": 0.9407646656036377
  },
  "per_view": [
    {
      "view": 36,
      "psnr": 27.864553451538086,
      "lpips": 0.048583984375,
      "ssim": 0.94352787733078
    },
    {
      "view": 44,
      "psnr": 28.556068420410156,
      "lpips": 0.041015625,
      "ssim": 0.9555428624153137
    },
    {
      "view": 79,
      "psnr": 28.317277908325195,
      "lpips": 0.05224609375,
      "ssim": 0.9295651912689209
    },
    {
      "view": 91,
      "psnr": 27.820919036865234,
      "lpips": 0.048583984375,
      "ssim": 0.9344227313995361
    }
  ]
}