{
  "summary": {
    "scene_name": "drawer_cabinet_env_0",
    "psnr": 25.50302505493164,
    "lpips": 0.06640625,
    "ssim": 0.917191207408905
  },
  "per_view": [
    {
      "view": 36,
      "psnr": 24.18858528137207,
      "lpips": 0.0703125,
      "ssim": 0.9150792956352234
    },
    {
      "view": 44,
      "psnr": 25.434953689575195,
      "lpips": 0.04931640625,
      "ssim": 0.9392135739326477
    },
    {
      "view": 79,
      "psnr": 26.777843475341797,
      "lpips": 0.08203125,
      "ssim": 0.9022707939147949
    },
    {
      "view": 91,
      "psnr": 25.6107234954834,
      "lpips": 0.064453125,
      "ssim": 0.9122011065483093
    }
  ]
}