{
  "summary": {
    "scene_name": "drawer_cabinet_white_env_0",
    "psnr": 23.04583740234375,
    "lpips": 0.0869140625,
    "ssim": 0.876911997795105
  },
  "per_view": [
    {
      "view": 36,
      "psnr": 19.44033432006836,
      "lpips": 0.10498046875,
      "ssim": 0.8595468997955322
    },
    {
      "view": 44,
      "psnr": 24.06332015991211,
      "lpips": 0.0693359375,
      "ssim": 0.9043315052986145
    },
    {
      "view": 79,
      "psnr": 23.65428924560547,
      "lpips": 0.0986328125,
      "ssim": 0.8608565926551819
    },
    {
      "view": 91,
      "psnr": 25.025405883789062,
      "lpips": 0.07373046875,
      "ssim": 0.8829130530357361
    }
  ]
}