{
  "summary": {
    "scene_name": "Drill_01_env_0",
    "psnr": 30.482219696044922,
    "lpips": 0.0380859375,
    "ssim": 0.9543272852897644
  },
  "per_view": [
    {
      "view": 74,
      "psnr": 29.916555404663086,
      "lpips": 0.03955078125,
      "ssim": 0.9509701728820801
    },
    {
      "view": 77,
      "psnr": 31.465177536010742,
      "lpips": 0.03564453125,
      "ssim": 0.9582330584526062
    },
    {
      "view": 81,
      "psnr": 29.96124267578125,
      "lpips": 0.0380859375,
      "ssim": 0.9525342583656311
    },
    {
      "view": 82,
      "psnr": 30.585908889770508,
      "lpips": 0.03857421875,
      "ssim": 0.9555716514587402
    }
  ]
}