{
  "summary": {
    "scene_name": "Drill_01_white_env_0",
    "psnr": 29.178678512573242,
    "lpips": 0.048828125,
    "ssim": 0.9469558000564575
  },
  "per_view": [
    {
      "view": 74,
      "psnr": 28.881328582763672,
      "lpips": 0.052734375,
      "ssim": 0.9454200863838196
    },
    {
      "view": 77,
      "psnr": 29.79060935974121,
      "lpips": 0.0517578125,
      "ssim": 0.9523037075996399
    },
    {
      "view": 81,
      "psnr": 28.676612854003906,
      "lpips": 0.04541015625,
      "ssim": 0.9443938136100769
    },
    {
      "view": 82,
      "psnr": 29.366167068481445,
      "lpips": 0.0458984375,
      "ssim": 0.9457057118415833
    }
  ]
}