{
  "summary": {
    "scene_name": "Drill_01_env_1",
    "psnr": 30.182138442993164,
    "lpips": 0.037109375,
    "ssim": 0.9603890776634216
  },
  "per_view": [
    {
      "view": 74,
      "psnr": 30.33819580078125,
      "lpips": 0.038330078125,
      "ssim": 0.9609224200248718
    },
    {
      "view": 77,
      "psnr": 30.564163208007812,
      "lpips": 0.03515625,
      "ssim": 0.9630448222160339
    },
    {
      "view": 81,
      "psnr": 29.535791397094727,
      "lpips": 0.037109375,
      "ssim": 0.9596119523048401
    },
    {
      "view": 82,
      "psnr": 30.290403366088867,
      "lpips": 0.037841796875,
      "ssim": 0.9579771161079407
    }
  ]
}