{
  "summary": {
    "scene_name": "Drill_01_env_2",
    "psnr": 29.288515090942383,
    "lpips": 0.041015625,
    "ssim": 0.9486910104751587
  },
  "per_view": [
    {
      "view": 74,
      "psnr": 29.224960327148438,
      "lpips": 0.048095703125,
      "ssim": 0.9483452439308167
    },
    {
      "view": 77,
      "psnr": 30.241283416748047,
      "lpips": 0.037109375,
      "ssim": 0.9562276005744934
    },
    {
      "view": 81,
      "psnr": 28.581993103027344,
      "lpips": 0.03955078125,
      "ssim": 0.9464754462242126
    },
    {
      "view": 82,
      "psnr": 29.105823516845703,
      "lpips": 0.038818359375,
      "ssim": 0.9437157511711121
    }
  ]
}