{
  "summary": {
    "scene_name": "dutch_ship_large_01_env_2",
    "psnr": 34.70482635498047,
    "lpips": 0.0263671875,
    "ssim": 0.977019190788269
  },
  "per_view": [
    {
      "view": 32,
      "psnr": 33.51213455200195,
      "lpips": 0.027099609375,
      "ssim": 0.9747202396392822
    },
    {
      "view": 43,
      "psnr": 33.222633361816406,
      "lpips": 0.04296875,
      "ssim": 0.9637224078178406
    },
    {
      "view": 75,
      "psnr": 36.895225524902344,
      "lpips": 0.014892578125,
      "ssim": 0.9862229228019714
    },
    {
      "view": 79,
      "psnr": 35.189308166503906,
      "lpips": 0.0205078125,
      "ssim": 0.9834110140800476
    }
  ]
}