{
  "summary": {
    "scene_name": "dutch_ship_large_01_env_1",
    "psnr": 32.509674072265625,
    "lpips": 0.033203125,
    "ssim": 0.965472400188446
  },
  "per_view": [
    {
      "view": 32,
      "psnr": 31.665027618408203,
      "lpips": 0.03125,
      "ssim": 0.9624196887016296
    },
    {
      "view": 43,
      "psnr": 30.15224838256836,
      "lpips": 0.05322265625,
      "ssim": 0.9501352310180664
    },
    {
      "view": 75,
      "psnr": 34.48362731933594,
      "lpips": 0.022705078125,
      "ssim": 0.9765570163726807
    },
    {
      "view": 79,
      "psnr": 33.73778533935547,
      "lpips": 0.0257568359375,
      "ssim": 0.9727776646614075
    }
  ]
}