{
  "summary": {
    "scene_name": "dutch_ship_large_02_env_1",
    "psnr": 29.783401489257812,
    "lpips": 0.040283203125,
    "ssim": 0.9604203104972839
  },
  "per_view": [
    {
      "view": 22,
      "psnr": 28.160785675048828,
      "lpips": 0.037109375,
      "ssim": 0.9624045491218567
    },
    {
      "view": 46,
      "psnr": 29.308658599853516,
      "lpips": 0.05517578125,
      "ssim": 0.9484307169914246
    },
    {
      "view": 54,
      "psnr": 29.529773712158203,
      "lpips": 0.04736328125,
      "ssim": 0.9547154307365417
    },
    {
      "view": 79,
      "psnr": 32.13438415527344,
      "lpips": 0.021728515625,
      "ssim": 0.976130485534668
    }
  ]
}