{
  "summary": {
    "scene_name": "dutch_ship_large_01_env_0",
    "psnr": 34.636993408203125,
    "lpips": 0.023681640625,
    "ssim": 0.981332540512085
  },
  "per_view": [
    {
      "view": 32,
      "psnr": 33.189090728759766,
      "lpips": 0.025634765625,
      "ssim": 0.9800230860710144
    },
    {
      "view": 43,
      "psnr": 33.18760299682617,
      "lpips": 0.038818359375,
      "ssim": 0.9674439430236816
    },
    {
      "view": 75,
      "psnr": 36.47728729248047,
      "lpips": 0.01263427734375,
      "ssim": 0.9898472428321838
    },
    {
      "view": 79,
      "psnr": 35.693992614746094,
      "lpips": 0.017822265625,
      "ssim": 0.9880158305168152
    }
  ]
}