{
  "summary": {
    "scene_name": "dutch_ship_large_02_env_0",
    "psnr": 30.147783279418945,
    "lpips": 0.04052734375,
    "ssim": 0.9602985978126526
  },
  "per_view": [
    {
      "view": 22,
      "psnr": 30.38013458251953,
      "lpips": 0.03662109375,
      "ssim": 0.9640951156616211
    },
    {
      "view": 46,
      "psnr": 29.738182067871094,
      "lpips": 0.05224609375,
      "ssim": 0.9495468139648438
    },
    {
      "view": 54,
      "psnr": 30.510339736938477,
      "lpips": 0.046142578125,
      "ssim": 0.9551282525062561
    },
    {
      "view": 79,
      "psnr": 29.962478637695312,
      "lpips": 0.027587890625,
      "ssim": 0.9724242687225342
    }
  ]
}