{
  "summary": {
    "scene_name": "dutch_ship_large_02_env_2",
    "psnr": 28.664873123168945,
    "lpips": 0.040771484375,
    "ssim": 0.9546763896942139
  },
  "per_view": [
    {
      "view": 22,
      "psnr": 27.489604949951172,
      "lpips": 0.037109375,
      "ssim": 0.9573681950569153
    },
    {
      "view": 46,
      "psnr": 28.183380126953125,
      "lpips": 0.05419921875,
      "ssim": 0.9442328810691833
    },
    {
      "view": 54,
      "psnr": 28.96576690673828,
      "lpips": 0.0478515625,
      "ssim": 0.9487976431846619
    },
    {
      "view": 79,
      "psnr": 30.020740509033203,
      "lpips": 0.02392578125,
      "ssim": 0.9683069586753845
    }
  ]
}