{
  "summary": {
    "scene_name": "dutch_ship_large_02_white_env_0",
    "psnr": 33.26615524291992,
    "lpips": 0.033203125,
    "ssim": 0.9717926383018494
  },
  "per_view": [
    {
      "view": 22,
      "psnr": 33.7517204284668,
      "lpips": 0.026611328125,
      "ssim": 0.9767486453056335
    },
    {
      "view": 46,
      "psnr": 32.94194793701172,
      "lpips": 0.042236328125,
      "ssim": 0.9630253911018372
    },
    {
      "view": 54,
      "psnr": 33.24272155761719,
      "lpips": 0.0390625,
      "ssim": 0.9680390357971191
    },
    {
      "view": 79,
      "psnr": 33.128238677978516,
      "lpips": 0.02490234375,
      "ssim": 0.9793575406074524
    }
  ]
}