{
  "summary": {
    "scene_name": "dutch_ship_large_01_white_env_0",
    "psnr": 33.78349685668945,
    "lpips": 0.026611328125,
    "ssim": 0.9753465056419373
  },
  "per_view": [
    {
      "view": 32,
      "psnr": 32.819576263427734,
      "lpips": 0.025146484375,
      "ssim": 0.9740778803825378
    },
    {
      "view": 43,
      "psnr": 33.25574493408203,
      "lpips": 0.0390625,
      "ssim": 0.9642718434333801
    },
    {
      "view": 75,
      "psnr": 35.261844635009766,
      "lpips": 0.017822265625,
      "ssim": 0.9834415316581726
    },
    {
      "view": 79,
      "psnr": 33.79682159423828,
      "lpips": 0.0244140625,
      "ssim": 0.9795947074890137
    }
  ]
}