{
  "summary": {
    "scene_name": "electric_stove_white_env_0",
    "psnr": 26.84768295288086,
    "lpips": 0.047607421875,
    "ssim": 0.9484521150588989
  },
  "per_view": [
    {
      "view": 29,
      "psnr": 22.28524398803711,
      "lpips": 0.0869140625,
      "ssim": 0.9027939438819885
    },
    {
      "view": 44,
      "psnr": 26.711288452148438,
      "lpips": 0.038330078125,
      "ssim": 0.963954508304596
    },
    {
      "view": 48,
      "psnr": 30.669567108154297,
      "lpips": 0.027099609375,
      "ssim": 0.9788519740104675
    },
    {
      "view": 66,
      "psnr": 27.72463607788086,
      "lpips": 0.0380859375,
      "ssim": 0.9482080936431885
    }
  ]
}