{
  "summary": {
    "scene_name": "electric_stove_env_0",
    "psnr": 22.052501678466797,
    "lpips": 0.055908203125,
    "ssim": 0.9354990720748901
  },
  "per_view": [
    {
      "view": 29,
      "psnr": 23.1282958984375,
      "lpips": 0.0869140625,
      "ssim": 0.9147482514381409
    },
    {
      "view": 44,
      "psnr": 21.829069137573242,
      "lpips": 0.0458984375,
      "ssim": 0.9554876685142517
    },
    {
      "view": 48,
      "psnr": 21.856571197509766,
      "lpips": 0.0380859375,
      "ssim": 0.9653027057647705
    },
    {
      "view": 66,
      "psnr": 21.39606475830078,
      "lpips": 0.052490234375,
      "ssim": 0.9064577221870422
    }
  ]
}