{
  "summary": {
    "scene_name": "electric_stove_env_1",
    "psnr": 28.610870361328125,
    "lpips": 0.041015625,
    "ssim": 0.9668629169464111
  },
  "per_view": [
    {
      "view": 29,
      "psnr": 21.955581665039062,
      "lpips": 0.07080078125,
      "ssim": 0.9284996390342712
    },
    {
      "view": 44,
      "psnr": 27.98758316040039,
      "lpips": 0.0341796875,
      "ssim": 0.9763336181640625
    },
    {
      "view": 48,
      "psnr": 33.136810302734375,
      "lpips": 0.02490234375,
      "ssim": 0.9894688725471497
    },
    {
      "view": 66,
      "psnr": 31.36350440979004,
      "lpips": 0.034423828125,
      "ssim": 0.9731494784355164
    }
  ]
}