{
  "summary": {
    "scene_name": "electric_stove_env_2",
    "psnr": 27.354310989379883,
    "lpips": 0.0419921875,
    "ssim": 0.9551630616188049
  },
  "per_view": [
    {
      "view": 29,
      "psnr": 29.983369827270508,
      "lpips": 0.0361328125,
      "ssim": 0.9672240614891052
    },
    {
      "view": 44,
      "psnr": 27.917224884033203,
      "lpips": 0.037109375,
      "ssim": 0.968364953994751
    },
    {
      "view": 48,
      "psnr": 28.351118087768555,
      "lpips": 0.03515625,
      "ssim": 0.9798991084098816
    },
    {
      "view": 66,
      "psnr": 23.16552734375,
      "lpips": 0.059814453125,
      "ssim": 0.9051640629768372
    }
  ]
}