{
  "summary": {
    "scene_name": "fancy_picture_frame_02_env_1",
    "psnr": 24.90390968322754,
    "lpips": 0.0634765625,
    "ssim": 0.9284210801124573
  },
  "per_view": [
    {
      "view": 35,
      "psnr": 23.106689453125,
      "lpips": 0.0869140625,
      "ssim": 0.9176959991455078
    },
    {
      "view": 57,
      "psnr": 25.98541259765625,
      "lpips": 0.0439453125,
      "ssim": 0.9402812123298645
    },
    {
      "view": 86,
      "psnr": 24.92225456237793,
      "lpips": 0.0732421875,
      "ssim": 0.9173796772956848
    },
    {
      "view": 91,
      "psnr": 25.601280212402344,
      "lpips": 0.05029296875,
      "ssim": 0.9383275508880615
    }
  ]
}