{
  "summary": {
    "scene_name": "fancy_picture_frame_01_env_0",
    "psnr": 32.91535949707031,
    "lpips": 0.029052734375,
    "ssim": 0.9853902459144592
  },
  "per_view": [
    {
      "view": 2,
      "psnr": 34.618812561035156,
      "lpips": 0.0087890625,
      "ssim": 0.9947335720062256
    },
    {
      "view": 13,
      "psnr": 36.41618728637695,
      "lpips": 0.03564453125,
      "ssim": 0.9913466572761536
    },
    {
      "view": 19,
      "psnr": 35.270233154296875,
      "lpips": 0.04638671875,
      "ssim": 0.9868554472923279
    },
    {
      "view": 56,
      "psnr": 25.356199264526367,
      "lpips": 0.025390625,
      "ssim": 0.9686253666877747
    }
  ]
}