{
  "summary": {
    "scene_name": "fancy_picture_frame_02_env_0",
    "psnr": 28.099876403808594,
    "lpips": 0.061767578125,
    "ssim": 0.926027774810791
  },
  "per_view": [
    {
      "view": 35,
      "psnr": 28.669824600219727,
      "lpips": 0.06787109375,
      "ssim": 0.9252294898033142
    },
    {
      "view": 57,
      "psnr": 29.19564437866211,
      "lpips": 0.0546875,
      "ssim": 0.9302399158477783
    },
    {
      "view": 86,
      "psnr": 27.786399841308594,
      "lpips": 0.07568359375,
      "ssim": 0.9146087765693665
    },
    {
      "view": 91,
      "psnr": 26.747638702392578,
      "lpips": 0.048583984375,
      "ssim": 0.9340328574180603
    }
  ]
}