{
  "summary": {
    "scene_name": "fancy_picture_frame_02_white_env_0",
    "psnr": 30.216320037841797,
    "lpips": 0.053955078125,
    "ssim": 0.9433631896972656
  },
  "per_view": [
    {
      "view": 35,
      "psnr": 25.622785568237305,
      "lpips": 0.07861328125,
      "ssim": 0.9172728061676025
    },
    {
      "view": 57,
      "psnr": 31.823213577270508,
      "lpips": 0.036376953125,
      "ssim": 0.9589570164680481
    },
    {
      "view": 86,
      "psnr": 31.39937973022461,
      "lpips": 0.0625,
      "ssim": 0.9396035075187683
    },
    {
      "view": 91,
      "psnr": 32.0198974609375,
      "lpips": 0.03857421875,
      "ssim": 0.9576194882392883
    }
  ]
}