{
  "summary": {
    "scene_name": "fancy_picture_frame_01_env_1",
    "psnr": 30.83149528503418,
    "lpips": 0.0283203125,
    "ssim": 0.9624933004379272
  },
  "per_view": [
    {
      "view": 2,
      "psnr": 32.2759895324707,
      "lpips": 0.00787353515625,
      "ssim": 0.9904950261116028
    },
    {
      "view": 13,
      "psnr": 32.22453308105469,
      "lpips": 0.02978515625,
      "ssim": 0.9415497779846191
    },
    {
      "view": 19,
      "psnr": 33.3994140625,
      "lpips": 0.035888671875,
      "ssim": 0.948906660079956
    },
    {
      "view": 56,
      "psnr": 25.426048278808594,
      "lpips": 0.03955078125,
      "ssim": 0.9690218567848206
    }
  ]
}