{
  "summary": {
    "scene_name": "fancy_picture_frame_02_env_2",
    "psnr": 28.109119415283203,
    "lpips": 0.06494140625,
    "ssim": 0.9267151355743408
  },
  "per_view": [
    {
      "view": 35,
      "psnr": 30.10222625732422,
      "lpips": 0.072265625,
      "ssim": 0.9300152659416199
    },
    {
      "view": 57,
      "psnr": 27.075084686279297,
      "lpips": 0.05712890625,
      "ssim": 0.9288213849067688
    },
    {
      "view": 86,
      "psnr": 27.650606155395508,
      "lpips": 0.0791015625,
      "ssim": 0.9137193560600281
    },
    {
      "view": 91,
      "psnr": 27.608562469482422,
      "lpips": 0.0517578125,
      "ssim": 0.934304416179657
    }
  ]
}