{
  "summary": {
    "scene_name": "fancy_picture_frame_01_white_env_0",
    "psnr": 37.207611083984375,
    "lpips": 0.025390625,
    "ssim": 0.98980313539505
  },
  "per_view": [
    {
      "view": 2,
      "psnr": 38.492210388183594,
      "lpips": 0.005615234375,
      "ssim": 0.9969613552093506
    },
    {
      "view": 13,
      "psnr": 40.31550979614258,
      "lpips": 0.031005859375,
      "ssim": 0.99639493227005
    },
    {
      "view": 19,
      "psnr": 38.03960037231445,
      "lpips": 0.034423828125,
      "ssim": 0.9943558573722839
    },
    {
      "view": 56,
      "psnr": 31.983118057250977,
      "lpips": 0.030517578125,
      "ssim": 0.9715003967285156
    }
  ]
}