{
  "summary": {
    "scene_name": "fancy_picture_frame_01_env_2",
    "psnr": 27.997875213623047,
    "lpips": 0.041259765625,
    "ssim": 0.9685890078544617
  },
  "per_view": [
    {
      "view": 2,
      "psnr": 30.209434509277344,
      "lpips": 0.0115966796875,
      "ssim": 0.9878029823303223
    },
    {
      "view": 13,
      "psnr": 28.036977767944336,
      "lpips": 0.053466796875,
      "ssim": 0.9648410677909851
    },
    {
      "view": 19,
      "psnr": 28.28748893737793,
      "lpips": 0.06396484375,
      "ssim": 0.9612132906913757
    },
    {
      "view": 56,
      "psnr": 25.457595825195312,
      "lpips": 0.0361328125,
      "ssim": 0.9604986310005188
    }
  ]
}