{
  "summary": {
    "scene_name": "flathead_screwdriver_env_2",
    "psnr": 37.729942321777344,
    "lpips": 0.00653076171875,
    "ssim": 0.9943161010742188
  },
  "per_view": [
    {
      "view": 55,
      "psnr": 37.50759506225586,
      "lpips": 0.00579833984375,
      "ssim": 0.994640052318573
    },
    {
      "view": 60,
      "psnr": 37.24303436279297,
      "lpips": 0.00640869140625,
      "ssim": 0.993757426738739
    },
    {
      "view": 63,
      "psnr": 37.193153381347656,
      "lpips": 0.00640869140625,
      "ssim": 0.9936647415161133
    },
    {
      "view": 75,
      "psnr": 38.975990295410156,
      "lpips": 0.00750732421875,
      "ssim": 0.9952020645141602
    }
  ]
}