{
  "summary": {
    "scene_name": "flathead_screwdriver_white_env_0",
    "psnr": 40.90589904785156,
    "lpips": 0.007049560546875,
    "ssim": 0.9948952198028564
  },
  "per_view": [
    {
      "view": 55,
      "psnr": 40.72532272338867,
      "lpips": 0.006591796875,
      "ssim": 0.994945228099823
    },
    {
      "view": 60,
      "psnr": 40.73728561401367,
      "lpips": 0.00689697265625,
      "ssim": 0.994371235370636
    },
    {
      "view": 63,
      "psnr": 41.1677131652832,
      "lpips": 0.0081787109375,
      "ssim": 0.9945877194404602
    },
    {
      "view": 75,
      "psnr": 40.993263244628906,
      "lpips": 0.006561279296875,
      "ssim": 0.9956768155097961
    }
  ]
}