{
  "summary": {
    "scene_name": "flathead_screwdriver_env_0",
    "psnr": 40.66004943847656,
    "lpips": 0.004638671875,
    "ssim": 0.9963386654853821
  },
  "per_view": [
    {
      "view": 55,
      "psnr": 40.049407958984375,
      "lpips": 0.00390625,
      "ssim": 0.9968967437744141
    },
    {
      "view": 60,
      "psnr": 40.27779006958008,
      "lpips": 0.005126953125,
      "ssim": 0.9967766404151917
    },
    {
      "view": 63,
      "psnr": 40.86140060424805,
      "lpips": 0.004638671875,
      "ssim": 0.9964983463287354
    },
    {
      "view": 75,
      "psnr": 41.451602935791016,
      "lpips": 0.00482177734375,
      "ssim": 0.995182991027832
    }
  ]
}