{
  "summary": {
    "scene_name": "flathead_screwdriver_env_1",
    "psnr": 36.101051330566406,
    "lpips": 0.0062255859375,
    "ssim": 0.9947981834411621
  },
  "per_view": [
    {
      "view": 55,
      "psnr": 36.059207916259766,
      "lpips": 0.005615234375,
      "ssim": 0.9947322010993958
    },
    {
      "view": 60,
      "psnr": 35.424957275390625,
      "lpips": 0.005584716796875,
      "ssim": 0.9942305088043213
    },
    {
      "view": 63,
      "psnr": 35.411922454833984,
      "lpips": 0.006591796875,
      "ssim": 0.9942564368247986
    },
    {
      "view": 75,
      "psnr": 37.50811767578125,
      "lpips": 0.007049560546875,
      "ssim": 0.9959736466407776
    }
  ]
}