{
  "summary": {
    "scene_name": "food_pomegranate_01_env_0",
    "psnr": 30.671810150146484,
    "lpips": 0.09521484375,
    "ssim": 0.9002453088760376
  },
  "per_view": [
    {
      "view": 27,
      "psnr": 30.886354446411133,
      "lpips": 0.0986328125,
      "ssim": 0.8984041213989258
    },
    {
      "view": 35,
      "psnr": 30.494386672973633,
      "lpips": 0.0927734375,
      "ssim": 0.9043071866035461
    },
    {
      "view": 41,
      "psnr": 30.896108627319336,
      "lpips": 0.0947265625,
      "ssim": 0.8999705910682678
    },
    {
      "view": 45,
      "psnr": 30.41039276123047,
      "lpips": 0.0947265625,
      "ssim": 0.8982992768287659
    }
  ]
}