{
  "summary": {
    "scene_name": "food_ginger_01_env_0",
    "psnr": 33.82362365722656,
    "lpips": 0.028076171875,
    "ssim": 0.9779205322265625
  },
  "per_view": [
    {
      "view": 10,
      "psnr": 34.16382598876953,
      "lpips": 0.024658203125,
      "ssim": 0.9796949028968811
    },
    {
      "view": 14,
      "psnr": 33.44953155517578,
      "lpips": 0.028564453125,
      "ssim": 0.978870689868927
    },
    {
      "view": 27,
      "psnr": 34.31282424926758,
      "lpips": 0.029541015625,
      "ssim": 0.9762268662452698
    },
    {
      "view": 37,
      "psnr": 33.36832046508789,
      "lpips": 0.0294189453125,
      "ssim": 0.9768897891044617
    }
  ]
}