{
  "summary": {
    "scene_name": "food_lychee_01_white_env_0",
    "psnr": 24.37221336364746,
    "lpips": 0.11474609375,
    "ssim": 0.8591816425323486
  },
  "per_view": [
    {
      "view": 8,
      "psnr": 25.444639205932617,
      "lpips": 0.1005859375,
      "ssim": 0.8971590995788574
    },
    {
      "view": 40,
      "psnr": 23.641307830810547,
      "lpips": 0.1220703125,
      "ssim": 0.8481449484825134
    },
    {
      "view": 85,
      "psnr": 23.86078643798828,
      "lpips": 0.125,
      "ssim": 0.8353317379951477
    },
    {
      "view": 95,
      "psnr": 24.54212188720703,
      "lpips": 0.11083984375,
      "ssim": 0.856090784072876
    }
  ]
}