{
  "summary": {
    "scene_name": "food_lime_01_env_1",
    "psnr": 26.726259231567383,
    "lpips": 0.10400390625,
    "ssim": 0.9187924265861511
  },
  "per_view": [
    {
      "view": 4,
      "psnr": 28.50248146057129,
      "lpips": 0.1005859375,
      "ssim": 0.9127449989318848
    },
    {
      "view": 29,
      "psnr": 27.241378784179688,
      "lpips": 0.10009765625,
      "ssim": 0.9156299233436584
    },
    {
      "view": 39,
      "psnr": 25.59857940673828,
      "lpips": 0.1142578125,
      "ssim": 0.9185924530029297
    },
    {
      "view": 60,
      "psnr": 25.56260108947754,
      "lpips": 0.1015625,
      "ssim": 0.9282023310661316
    }
  ]
}