{
  "summary": {
    "scene_name": "food_kiwi_01_env_1",
    "psnr": 30.375102996826172,
    "lpips": 0.1103515625,
    "ssim": 0.8992180228233337
  },
  "per_view": [
    {
      "view": 18,
      "psnr": 30.272769927978516,
      "lpips": 0.1103515625,
      "ssim": 0.8874604105949402
    },
    {
      "view": 21,
      "psnr": 30.165664672851562,
      "lpips": 0.10986328125,
      "ssim": 0.8854406476020813
    },
    {
      "view": 43,
      "psnr": 30.5546932220459,
      "lpips": 0.1103515625,
      "ssim": 0.9072430729866028
    },
    {
      "view": 51,
      "psnr": 30.507287979125977,
      "lpips": 0.10986328125,
      "ssim": 0.9167280197143555
    }
  ]
}