{
  "summary": {
    "scene_name": "food_pomegranate_01_env_2",
    "psnr": 32.89717102050781,
    "lpips": 0.08154296875,
    "ssim": 0.9277350902557373
  },
  "per_view": [
    {
      "view": 27,
      "psnr": 34.239418029785156,
      "lpips": 0.07568359375,
      "ssim": 0.9310059547424316
    },
    {
      "view": 35,
      "psnr": 31.587648391723633,
      "lpips": 0.08056640625,
      "ssim": 0.930239200592041
    },
    {
      "view": 41,
      "psnr": 32.80471420288086,
      "lpips": 0.0859375,
      "ssim": 0.9256384372711182
    },
    {
      "view": 45,
      "psnr": 32.95690155029297,
      "lpips": 0.083984375,
      "ssim": 0.9240567088127136
    }
  ]
}