{
  "summary": {
    "scene_name": "food_lychee_01_env_0",
    "psnr": 23.085044860839844,
    "lpips": 0.126953125,
    "ssim": 0.8293671607971191
  },
  "per_view": [
    {
      "view": 8,
      "psnr": 24.668798446655273,
      "lpips": 0.11669921875,
      "ssim": 0.8711846470832825
    },
    {
      "view": 40,
      "psnr": 23.45531463623047,
      "lpips": 0.12890625,
      "ssim": 0.8216369152069092
    },
    {
      "view": 85,
      "psnr": 21.475566864013672,
      "lpips": 0.134765625,
      "ssim": 0.7998608946800232
    },
    {
      "view": 95,
      "psnr": 22.740497589111328,
      "lpips": 0.126953125,
      "ssim": 0.8247861862182617
    }
  ]
}