{
  "summary": {
    "scene_name": "food_avocado_01_white_env_0",
    "psnr": 23.88006591796875,
    "lpips": 0.060546875,
    "ssim": 0.855588972568512
  },
  "per_view": [
    {
      "view": 9,
      "psnr": 23.772838592529297,
      "lpips": 0.054931640625,
      "ssim": 0.8581008315086365
    },
    {
      "view": 16,
      "psnr": 24.10020637512207,
      "lpips": 0.056640625,
      "ssim": 0.8624563217163086
    },
    {
      "view": 18,
      "psnr": 24.157794952392578,
      "lpips": 0.05908203125,
      "ssim": 0.8604605793952942
    },
    {
      "view": 43,
      "psnr": 23.489425659179688,
      "lpips": 0.0712890625,
      "ssim": 0.8413381576538086
    }
  ]
}