{
  "summary": {
    "scene_name": "food_lime_01_white_env_0",
    "psnr": 29.913795471191406,
    "lpips": 0.1005859375,
    "ssim": 0.8765801787376404
  },
  "per_view": [
    {
      "view": 4,
      "psnr": 30.642385482788086,
      "lpips": 0.09228515625,
      "ssim": 0.871035099029541
    },
    {
      "view": 29,
      "psnr": 29.964590072631836,
      "lpips": 0.1025390625,
      "ssim": 0.8699567317962646
    },
    {
      "view": 39,
      "psnr": 29.398239135742188,
      "lpips": 0.1123046875,
      "ssim": 0.8726250529289246
    },
    {
      "view": 60,
      "psnr": 29.649965286254883,
      "lpips": 0.095703125,
      "ssim": 0.8927038311958313
    }
  ]
}