{
  "summary": {
    "scene_name": "food_ginger_01_env_2",
    "psnr": 37.76679229736328,
    "lpips": 0.0218505859375,
    "ssim": 0.984455406665802
  },
  "per_view": [
    {
      "view": 10,
      "psnr": 38.67054748535156,
      "lpips": 0.018798828125,
      "ssim": 0.9867592453956604
    },
    {
      "view": 14,
      "psnr": 38.04107666015625,
      "lpips": 0.021728515625,
      "ssim": 0.9867699146270752
    },
    {
      "view": 27,
      "psnr": 37.12653350830078,
      "lpips": 0.023193359375,
      "ssim": 0.9827423095703125
    },
    {
      "view": 37,
      "psnr": 37.229007720947266,
      "lpips": 0.0238037109375,
      "ssim": 0.9815501570701599
    }
  ]
}