{
  "summary": {
    "scene_name": "food_kiwi_01_white_env_0",
    "psnr": 35.37826156616211,
    "lpips": 0.1015625,
    "ssim": 0.9019721746444702
  },
  "per_view": [
    {
      "view": 18,
      "psnr": 35.38885498046875,
      "lpips": 0.10498046875,
      "ssim": 0.9109625220298767
    },
    {
      "view": 21,
      "psnr": 35.66083908081055,
      "lpips": 0.103515625,
      "ssim": 0.907247006893158
    },
    {
      "view": 43,
      "psnr": 35.28350067138672,
      "lpips": 0.1005859375,
      "ssim": 0.894906222820282
    },
    {
      "view": 51,
      "psnr": 35.179847717285156,
      "lpips": 0.0966796875,
      "ssim": 0.8947728276252747
    }
  ]
}