{
  "summary": {
    "scene_name": "food_kiwi_01_env_2",
    "psnr": 29.634462356567383,
    "lpips": 0.1005859375,
    "ssim": 0.8941084146499634
  },
  "per_view": [
    {
      "view": 18,
      "psnr": 30.43035888671875,
      "lpips": 0.1005859375,
      "ssim": 0.8822522163391113
    },
    {
      "view": 21,
      "psnr": 29.891708374023438,
      "lpips": 0.1005859375,
      "ssim": 0.8804299235343933
    },
    {
      "view": 43,
      "psnr": 29.337770462036133,
      "lpips": 0.103515625,
      "ssim": 0.902848482131958
    },
    {
      "view": 51,
      "psnr": 28.87801170349121,
      "lpips": 0.09765625,
      "ssim": 0.9109029173851013
    }
  ]
}