{
  "summary": {
    "scene_name": "food_lime_01_env_0",
    "psnr": 26.72334098815918,
    "lpips": 0.09033203125,
    "ssim": 0.9243470430374146
  },
  "per_view": [
    {
      "view": 4,
      "psnr": 25.511150360107422,
      "lpips": 0.09375,
      "ssim": 0.9171080589294434
    },
    {
      "view": 29,
      "psnr": 26.289695739746094,
      "lpips": 0.09228515625,
      "ssim": 0.9217100739479065
    },
    {
      "view": 39,
      "psnr": 27.40053939819336,
      "lpips": 0.09228515625,
      "ssim": 0.9261297583580017
    },
    {
      "view": 60,
      "psnr": 27.691978454589844,
      "lpips": 0.0830078125,
      "ssim": 0.932440459728241
    }
  ]
}