{
  "summary": {
    "scene_name": "food_avocado_01_env_2",
    "psnr": 23.947895050048828,
    "lpips": 0.0625,
    "ssim": 0.816726803779602
  },
  "per_view": [
    {
      "view": 9,
      "psnr": 23.92667579650879,
      "lpips": 0.05908203125,
      "ssim": 0.826246976852417
    },
    {
      "view": 16,
      "psnr": 24.1783447265625,
      "lpips": 0.0595703125,
      "ssim": 0.8232555389404297
    },
    {
      "view": 18,
      "psnr": 24.035789489746094,
      "lpips": 0.05908203125,
      "ssim": 0.8207408785820007
    },
    {
      "view": 43,
      "psnr": 23.650775909423828,
      "lpips": 0.07275390625,
      "ssim": 0.7966637015342712
    }
  ]
}