{
  "summary": {
    "scene_name": "food_pears_asian_01_env_1",
    "psnr": 41.128684997558594,
    "lpips": 0.0074462890625,
    "ssim": 0.995829164981842
  },
  "per_view": [
    {
      "view": 2,
      "psnr": 42.396202087402344,
      "lpips": 0.00726318359375,
      "ssim": 0.9957615733146667
    },
    {
      "view": 22,
      "psnr": 41.91169738769531,
      "lpips": 0.00634765625,
      "ssim": 0.9964437484741211
    },
    {
      "view": 41,
      "psnr": 40.228309631347656,
      "lpips": 0.008056640625,
      "ssim": 0.9956874847412109
    },
    {
      "view": 44,
      "psnr": 39.9785270690918,
      "lpips": 0.00811767578125,
      "ssim": 0.9954237341880798
    }
  ]
}