{
  "summary": {
    "scene_name": "food_pomegranate_01_white_env_0",
    "psnr": 29.54735565185547,
    "lpips": 0.10302734375,
    "ssim": 0.877424955368042
  },
  "per_view": [
    {
      "view": 27,
      "psnr": 29.79621124267578,
      "lpips": 0.103515625,
      "ssim": 0.8826308846473694
    },
    {
      "view": 35,
      "psnr": 29.579620361328125,
      "lpips": 0.09765625,
      "ssim": 0.8816784024238586
    },
    {
      "view": 41,
      "psnr": 29.583450317382812,
      "lpips": 0.103515625,
      "ssim": 0.874802827835083
    },
    {
      "view": 45,
      "psnr": 29.230138778686523,
      "lpips": 0.10791015625,
      "ssim": 0.8705876469612122
    }
  ]
}