{
  "summary": {
    "scene_name": "food_ginger_01_env_1",
    "psnr": 36.682586669921875,
    "lpips": 0.0283203125,
    "ssim": 0.9809730052947998
  },
  "per_view": [
    {
      "view": 10,
      "psnr": 36.708988189697266,
      "lpips": 0.02587890625,
      "ssim": 0.9820953011512756
    },
    {
      "view": 14,
      "psnr": 37.22354507446289,
      "lpips": 0.029296875,
      "ssim": 0.9817472100257874
    },
    {
      "view": 27,
      "psnr": 36.62311935424805,
      "lpips": 0.0294189453125,
      "ssim": 0.9798176884651184
    },
    {
      "view": 37,
      "psnr": 36.174705505371094,
      "lpips": 0.0286865234375,
      "ssim": 0.9802317023277283
    }
  ]
}