{
  "summary": {
    "scene_name": "food_lychee_01_env_1",
    "psnr": 26.328969955444336,
    "lpips": 0.12060546875,
    "ssim": 0.8100903034210205
  },
  "per_view": [
    {
      "view": 8,
      "psnr": 26.896608352661133,
      "lpips": 0.11962890625,
      "ssim": 0.8019704222679138
    },
    {
      "view": 40,
      "psnr": 25.670852661132812,
      "lpips": 0.11669921875,
      "ssim": 0.8607005476951599
    },
    {
      "view": 85,
      "psnr": 25.168804168701172,
      "lpips": 0.12890625,
      "ssim": 0.7789403796195984
    },
    {
      "view": 95,
      "psnr": 27.57961654663086,
      "lpips": 0.11669921875,
      "ssim": 0.7987499833106995
    }
  ]
}