{
  "summary": {
    "scene_name": "food_pomegranate_01_env_1",
    "psnr": 30.544898986816406,
    "lpips": 0.095703125,
    "ssim": 0.8952474594116211
  },
  "per_view": [
    {
      "view": 27,
      "psnr": 29.951379776000977,
      "lpips": 0.095703125,
      "ssim": 0.8961115479469299
    },
    {
      "view": 35,
      "psnr": 30.502145767211914,
      "lpips": 0.0908203125,
      "ssim": 0.9016526341438293
    },
    {
      "view": 41,
      "psnr": 30.902515411376953,
      "lpips": 0.0966796875,
      "ssim": 0.8939270973205566
    },
    {
      "view": 45,
      "psnr": 30.82355499267578,
      "lpips": 0.099609375,
      "ssim": 0.8892984390258789
    }
  ]
}