{
  "summary": {
    "scene_name": "food_pears_asian_01_white_env_0",
    "psnr": 37.86003494262695,
    "lpips": 0.00787353515625,
    "ssim": 0.9937263131141663
  },
  "per_view": [
    {
      "view": 2,
      "psnr": 34.980567932128906,
      "lpips": 0.00811767578125,
      "ssim": 0.9925148487091064
    },
    {
      "view": 22,
      "psnr": 38.41249084472656,
      "lpips": 0.00555419921875,
      "ssim": 0.995516300201416
    },
    {
      "view": 41,
      "psnr": 39.377105712890625,
      "lpips": 0.00823974609375,
      "ssim": 0.9940721392631531
    },
    {
      "view": 44,
      "psnr": 38.66997528076172,
      "lpips": 0.009521484375,
      "ssim": 0.9928019642829895
    }
  ]
}