{
  "summary": {
    "scene_name": "food_avocado_01_env_1",
    "psnr": 22.226329803466797,
    "lpips": 0.062255859375,
    "ssim": 0.8168519139289856
  },
  "per_view": [
    {
      "view": 9,
      "psnr": 22.55703353881836,
      "lpips": 0.057373046875,
      "ssim": 0.8261127471923828
    },
    {
      "view": 16,
      "psnr": 22.501766204833984,
      "lpips": 0.0615234375,
      "ssim": 0.8225308060646057
    },
    {
      "view": 18,
      "psnr": 22.487699508666992,
      "lpips": 0.059814453125,
      "ssim": 0.8210447430610657
    },
    {
      "view": 43,
      "psnr": 21.358816146850586,
      "lpips": 0.0703125,
      "ssim": 0.7977194786071777
    }
  ]
}