{
  "summary": {
    "scene_name": "food_lychee_01_env_2",
    "psnr": 32.45313262939453,
    "lpips": 0.0869140625,
    "ssim": 0.8882043361663818
  },
  "per_view": [
    {
      "view": 8,
      "psnr": 33.16427230834961,
      "lpips": 0.080078125,
      "ssim": 0.8995671272277832
    },
    {
      "view": 40,
      "psnr": 32.50959014892578,
      "lpips": 0.08837890625,
      "ssim": 0.8958671689033508
    },
    {
      "view": 85,
      "psnr": 31.982120513916016,
      "lpips": 0.08984375,
      "ssim": 0.872922956943512
    },
    {
      "view": 95,
      "psnr": 32.15654754638672,
      "lpips": 0.0888671875,
      "ssim": 0.8844602704048157
    }
  ]
}