{
  "summary": {
    "scene_name": "food_pears_asian_01_env_2",
    "psnr": 34.63304138183594,
    "lpips": 0.008544921875,
    "ssim": 0.9946469068527222
  },
  "per_view": [
    {
      "view": 2,
      "psnr": 36.807037353515625,
      "lpips": 0.008056640625,
      "ssim": 0.9953052401542664
    },
    {
      "view": 22,
      "psnr": 34.41655731201172,
      "lpips": 0.0087890625,
      "ssim": 0.9944711327552795
    },
    {
      "view": 41,
      "psnr": 33.69501876831055,
      "lpips": 0.009033203125,
      "ssim": 0.9944918751716614
    },
    {
      "view": 44,
      "psnr": 33.61354064941406,
      "lpips": 0.00823974609375,
      "ssim": 0.9943194389343262
    }
  ]
}