{
  "summary": {
    "scene_name": "food_pears_asian_01_env_0",
    "psnr": 39.172054290771484,
    "lpips": 0.0089111328125,
    "ssim": 0.9934749603271484
  },
  "per_view": [
    {
      "view": 2,
      "psnr": 38.412391662597656,
      "lpips": 0.00958251953125,
      "ssim": 0.9918319582939148
    },
    {
      "view": 22,
      "psnr": 38.995643615722656,
      "lpips": 0.008056640625,
      "ssim": 0.9937111735343933
    },
    {
      "view": 41,
      "psnr": 39.61433029174805,
      "lpips": 0.00897216796875,
      "ssim": 0.9944073557853699
    },
    {
      "view": 44,
      "psnr": 39.665855407714844,
      "lpips": 0.0089111328125,
      "ssim": 0.9939491748809814
    }
  ]
}