{
  "summary": {
    "scene_name": "food_avocado_01_env_0",
    "psnr": 22.53607177734375,
    "lpips": 0.06982421875,
    "ssim": 0.831188976764679
  },
  "per_view": [
    {
      "view": 9,
      "psnr": 22.418773651123047,
      "lpips": 0.06396484375,
      "ssim": 0.8341701030731201
    },
    {
      "view": 16,
      "psnr": 22.70185089111328,
      "lpips": 0.06689453125,
      "ssim": 0.8342392444610596
    },
    {
      "view": 18,
      "psnr": 22.82910919189453,
      "lpips": 0.0693359375,
      "ssim": 0.8346160054206848
    },
    {
      "view": 43,
      "psnr": 22.194547653198242,
      "lpips": 0.07958984375,
      "ssim": 0.8217305541038513
    }
  ]
}