{
  "summary": {
    "scene_name": "food_lime_01_env_2",
    "psnr": 27.849014282226562,
    "lpips": 0.11328125,
    "ssim": 0.8625222444534302
  },
  "per_view": [
    {
      "view": 4,
      "psnr": 29.6663818359375,
      "lpips": 0.099609375,
      "ssim": 0.8891680836677551
    },
    {
      "view": 29,
      "psnr": 26.96717071533203,
      "lpips": 0.1220703125,
      "ssim": 0.8460167050361633
    },
    {
      "view": 39,
      "psnr": 26.478254318237305,
      "lpips": 0.125,
      "ssim": 0.849321186542511
    },
    {
      "view": 60,
      "psnr": 28.28425407409668,
      "lpips": 0.10546875,
      "ssim": 0.8655831217765808
    }
  ]
}