{
  "summary": {
    "scene_name": "food_ginger_01_white_env_0",
    "psnr": 35.632598876953125,
    "lpips": 0.026123046875,
    "ssim": 0.9740719795227051
  },
  "per_view": [
    {
      "view": 10,
      "psnr": 35.90116882324219,
      "lpips": 0.0220947265625,
      "ssim": 0.9778981804847717
    },
    {
      "view": 14,
      "psnr": 35.731773376464844,
      "lpips": 0.0228271484375,
      "ssim": 0.9754385948181152
    },
    {
      "view": 27,
      "psnr": 35.480430603027344,
      "lpips": 0.02978515625,
      "ssim": 0.9704496264457703
    },
    {
      "view": 37,
      "psnr": 35.41701889038086,
      "lpips": 0.029541015625,
      "ssim": 0.9725016951560974
    }
  ]
}