{
  "summary": {
    "scene_name": "food_kiwi_01_env_0",
    "psnr": 32.036781311035156,
    "lpips": 0.10009765625,
    "ssim": 0.9094952344894409
  },
  "per_view": [
    {
      "view": 18,
      "psnr": 33.38454818725586,
      "lpips": 0.09619140625,
      "ssim": 0.9121239185333252
    },
    {
      "view": 21,
      "psnr": 32.27473449707031,
      "lpips": 0.10009765625,
      "ssim": 0.9105859398841858
    },
    {
      "view": 43,
      "psnr": 31.558473587036133,
      "lpips": 0.1064453125,
      "ssim": 0.9070073962211609
    },
    {
      "view": 51,
      "psnr": 30.929357528686523,
      "lpips": 0.09765625,
      "ssim": 0.908263623714447
    }
  ]
}