{
  "summary": {
    "scene_name": "football_white_env_0",
    "psnr": 35.29711151123047,
    "lpips": 0.023193359375,
    "ssim": 0.9760510921478271
  },
  "per_view": [
    {
      "view": 33,
      "psnr": 34.51418685913086,
      "lpips": 0.0238037109375,
      "ssim": 0.9746224284172058
    },
    {
      "view": 41,
      "psnr": 36.50127410888672,
      "lpips": 0.023193359375,
      "ssim": 0.9778062701225281
    },
    {
      "view": 66,
      "psnr": 34.334877014160156,
      "lpips": 0.025634765625,
      "ssim": 0.9730202555656433
    },
    {
      "view": 97,
      "psnr": 35.838104248046875,
      "lpips": 0.020263671875,
      "ssim": 0.9787552952766418
    }
  ]
}