{
  "summary": {
    "scene_name": "football_env_1",
    "psnr": 36.78907012939453,
    "lpips": 0.021728515625,
    "ssim": 0.978238046169281
  },
  "per_view": [
    {
      "view": 33,
      "psnr": 35.765220642089844,
      "lpips": 0.0235595703125,
      "ssim": 0.9750550389289856
    },
    {
      "view": 41,
      "psnr": 36.21640396118164,
      "lpips": 0.0208740234375,
      "ssim": 0.9797719120979309
    },
    {
      "view": 66,
      "psnr": 37.43899917602539,
      "lpips": 0.022705078125,
      "ssim": 0.9773905873298645
    },
    {
      "view": 97,
      "psnr": 37.73565673828125,
      "lpips": 0.01953125,
      "ssim": 0.980734646320343
    }
  ]
}