{
  "summary": {
    "scene_name": "football_env_2",
    "psnr": 38.55690002441406,
    "lpips": 0.017822265625,
    "ssim": 0.9827843904495239
  },
  "per_view": [
    {
      "view": 33,
      "psnr": 38.934635162353516,
      "lpips": 0.018310546875,
      "ssim": 0.9821615219116211
    },
    {
      "view": 41,
      "psnr": 38.91065979003906,
      "lpips": 0.017333984375,
      "ssim": 0.9831735491752625
    },
    {
      "view": 66,
      "psnr": 37.49984359741211,
      "lpips": 0.019287109375,
      "ssim": 0.9812904000282288
    },
    {
      "view": 97,
      "psnr": 38.882469177246094,
      "lpips": 0.0166015625,
      "ssim": 0.9845121502876282
    }
  ]
}