{
  "summary": {
    "scene_name": "football_env_0",
    "psnr": 32.48047637939453,
    "lpips": 0.02294921875,
    "ssim": 0.9745409488677979
  },
  "per_view": [
    {
      "view": 33,
      "psnr": 32.26036834716797,
      "lpips": 0.023193359375,
      "ssim": 0.9742429852485657
    },
    {
      "view": 41,
      "psnr": 31.849369049072266,
      "lpips": 0.026611328125,
      "ssim": 0.9740772843360901
    },
    {
      "view": 66,
      "psnr": 31.61963653564453,
      "lpips": 0.02197265625,
      "ssim": 0.9726912379264832
    },
    {
      "view": 97,
      "psnr": 34.192527770996094,
      "lpips": 0.02001953125,
      "ssim": 0.9771521687507629
    }
  ]
}