{
  "summary": {
    "scene_name": "gamepad_env_1",
    "psnr": 30.179340362548828,
    "lpips": 0.01495361328125,
    "ssim": 0.9872437119483948
  },
  "per_view": [
    {
      "view": 15,
      "psnr": 30.17955780029297,
      "lpips": 0.014404296875,
      "ssim": 0.9880176186561584
    },
    {
      "view": 16,
      "psnr": 30.790271759033203,
      "lpips": 0.0145263671875,
      "ssim": 0.9887804985046387
    },
    {
      "view": 28,
      "psnr": 28.519866943359375,
      "lpips": 0.01953125,
      "ssim": 0.9840967059135437
    },
    {
      "view": 57,
      "psnr": 31.227664947509766,
      "lpips": 0.0113525390625,
      "ssim": 0.9880800247192383
    }
  ]
}