{
  "summary": {
    "scene_name": "gamepad_env_2",
    "psnr": 31.96957778930664,
    "lpips": 0.00897216796875,
    "ssim": 0.9901922941207886
  },
  "per_view": [
    {
      "view": 15,
      "psnr": 29.653072357177734,
      "lpips": 0.01123046875,
      "ssim": 0.9859610199928284
    },
    {
      "view": 16,
      "psnr": 31.440250396728516,
      "lpips": 0.00927734375,
      "ssim": 0.9903375506401062
    },
    {
      "view": 28,
      "psnr": 33.407047271728516,
      "lpips": 0.008056640625,
      "ssim": 0.9930627942085266
    },
    {
      "view": 57,
      "psnr": 33.37794494628906,
      "lpips": 0.00732421875,
      "ssim": 0.9914078712463379
    }
  ]
}