{
  "summary": {
    "scene_name": "gamepad_white_env_0",
    "psnr": 31.468748092651367,
    "lpips": 0.015380859375,
    "ssim": 0.9903067350387573
  },
  "per_view": [
    {
      "view": 15,
      "psnr": 30.9383602142334,
      "lpips": 0.014892578125,
      "ssim": 0.9902117848396301
    },
    {
      "view": 16,
      "psnr": 31.14492416381836,
      "lpips": 0.0166015625,
      "ssim": 0.9904385209083557
    },
    {
      "view": 28,
      "psnr": 30.645036697387695,
      "lpips": 0.02001953125,
      "ssim": 0.989180862903595
    },
    {
      "view": 57,
      "psnr": 33.14667510986328,
      "lpips": 0.010009765625,
      "ssim": 0.9913957715034485
    }
  ]
}