{
  "summary": {
    "scene_name": "gamepad_env_0",
    "psnr": 33.827545166015625,
    "lpips": 0.005828857421875,
    "ssim": 0.9938987493515015
  },
  "per_view": [
    {
      "view": 15,
      "psnr": 32.012908935546875,
      "lpips": 0.006866455078125,
      "ssim": 0.9915959239006042
    },
    {
      "view": 16,
      "psnr": 34.37897491455078,
      "lpips": 0.007476806640625,
      "ssim": 0.9947614669799805
    },
    {
      "view": 28,
      "psnr": 36.079978942871094,
      "lpips": 0.00408935546875,
      "ssim": 0.9959601759910583
    },
    {
      "view": 57,
      "psnr": 32.83832931518555,
      "lpips": 0.0048828125,
      "ssim": 0.9932772517204285
    }
  ]
}