{
  "summary": {
    "scene_name": "garden_hose_wall_mounted_01_env_0",
    "psnr": 28.033878326416016,
    "lpips": 0.033447265625,
    "ssim": 0.933367133140564
  },
  "per_view": [
    {
      "view": 30,
      "psnr": 29.16326332092285,
      "lpips": 0.028564453125,
      "ssim": 0.939526379108429
    },
    {
      "view": 33,
      "psnr": 28.265995025634766,
      "lpips": 0.03076171875,
      "ssim": 0.9351803660392761
    },
    {
      "view": 45,
      "psnr": 28.300495147705078,
      "lpips": 0.043701171875,
      "ssim": 0.9291951060295105
    },
    {
      "view": 77,
      "psnr": 26.40575408935547,
      "lpips": 0.031005859375,
      "ssim": 0.9295666813850403
    }
  ]
}