{
  "summary": {
    "scene_name": "garden_sprinkler_01_env_1",
    "psnr": 29.40753173828125,
    "lpips": 0.0322265625,
    "ssim": 0.9684658050537109
  },
  "per_view": [
    {
      "view": 44,
      "psnr": 30.23780632019043,
      "lpips": 0.02783203125,
      "ssim": 0.9743056297302246
    },
    {
      "view": 54,
      "psnr": 30.448720932006836,
      "lpips": 0.0322265625,
      "ssim": 0.9733466506004333
    },
    {
      "view": 59,
      "psnr": 29.49767303466797,
      "lpips": 0.0341796875,
      "ssim": 0.9687642455101013
    },
    {
      "view": 70,
      "psnr": 27.44593048095703,
      "lpips": 0.034423828125,
      "ssim": 0.9574466347694397
    }
  ]
}