{
  "summary": {
    "scene_name": "garden_hose_wall_mounted_01_env_2",
    "psnr": 23.94738006591797,
    "lpips": 0.037841796875,
    "ssim": 0.9280928373336792
  },
  "per_view": [
    {
      "view": 30,
      "psnr": 23.739837646484375,
      "lpips": 0.040283203125,
      "ssim": 0.9257659912109375
    },
    {
      "view": 33,
      "psnr": 23.324460983276367,
      "lpips": 0.040283203125,
      "ssim": 0.9197801947593689
    },
    {
      "view": 45,
      "psnr": 23.353843688964844,
      "lpips": 0.04150390625,
      "ssim": 0.9291141629219055
    },
    {
      "view": 77,
      "psnr": 25.37137222290039,
      "lpips": 0.029052734375,
      "ssim": 0.9377110004425049
    }
  ]
}