{
  "summary": {
    "scene_name": "garden_hose_wall_mounted_01_white_env_0",
    "psnr": 25.04778289794922,
    "lpips": 0.033447265625,
    "ssim": 0.9364141225814819
  },
  "per_view": [
    {
      "view": 30,
      "psnr": 24.701250076293945,
      "lpips": 0.033447265625,
      "ssim": 0.93609219789505
    },
    {
      "view": 33,
      "psnr": 24.604598999023438,
      "lpips": 0.0361328125,
      "ssim": 0.9351940155029297
    },
    {
      "view": 45,
      "psnr": 24.417434692382812,
      "lpips": 0.03662109375,
      "ssim": 0.9303781390190125
    },
    {
      "view": 77,
      "psnr": 26.467849731445312,
      "lpips": 0.0277099609375,
      "ssim": 0.9439920783042908
    }
  ]
}