{
  "summary": {
    "scene_name": "garden_gloves_01_env_2",
    "psnr": 36.08049392700195,
    "lpips": 0.0198974609375,
    "ssim": 0.9814280271530151
  },
  "per_view": [
    {
      "view": 47,
      "psnr": 35.332550048828125,
      "lpips": 0.0203857421875,
      "ssim": 0.9813210368156433
    },
    {
      "view": 52,
      "psnr": 36.43006896972656,
      "lpips": 0.0211181640625,
      "ssim": 0.9813191294670105
    },
    {
      "view": 54,
      "psnr": 36.439422607421875,
      "lpips": 0.020751953125,
      "ssim": 0.9805483818054199
    },
    {
      "view": 68,
      "psnr": 36.119930267333984,
      "lpips": 0.017333984375,
      "ssim": 0.9825233817100525
    }
  ]
}