{
  "summary": {
    "scene_name": "garden_sprinkler_01_env_0",
    "psnr": 28.838714599609375,
    "lpips": 0.0390625,
    "ssim": 0.9606580138206482
  },
  "per_view": [
    {
      "view": 44,
      "psnr": 28.687091827392578,
      "lpips": 0.037109375,
      "ssim": 0.9567656517028809
    },
    {
      "view": 54,
      "psnr": 28.543067932128906,
      "lpips": 0.0478515625,
      "ssim": 0.9601001739501953
    },
    {
      "view": 59,
      "psnr": 29.217832565307617,
      "lpips": 0.0380859375,
      "ssim": 0.9623489379882812
    },
    {
      "view": 70,
      "psnr": 28.906869888305664,
      "lpips": 0.033203125,
      "ssim": 0.9634173512458801
    }
  ]
}