{
  "summary": {
    "scene_name": "garden_sprinkler_01_white_env_0",
    "psnr": 33.17292022705078,
    "lpips": 0.0216064453125,
    "ssim": 0.9780659675598145
  },
  "per_view": [
    {
      "view": 44,
      "psnr": 33.14884567260742,
      "lpips": 0.0225830078125,
      "ssim": 0.9771366119384766
    },
    {
      "view": 54,
      "psnr": 33.52162170410156,
      "lpips": 0.021728515625,
      "ssim": 0.979158341884613
    },
    {
      "view": 59,
      "psnr": 33.0825309753418,
      "lpips": 0.02001953125,
      "ssim": 0.9776639342308044
    },
    {
      "view": 70,
      "psnr": 32.93868637084961,
      "lpips": 0.02197265625,
      "ssim": 0.9783050417900085
    }
  ]
}