{
  "summary": {
    "scene_name": "garden_sprinkler_01_env_2",
    "psnr": 32.6844596862793,
    "lpips": 0.025390625,
    "ssim": 0.9761892557144165
  },
  "per_view": [
    {
      "view": 44,
      "psnr": 33.116905212402344,
      "lpips": 0.0263671875,
      "ssim": 0.9734687209129333
    },
    {
      "view": 54,
      "psnr": 32.57908248901367,
      "lpips": 0.027099609375,
      "ssim": 0.97529536485672
    },
    {
      "view": 59,
      "psnr": 32.44950485229492,
      "lpips": 0.025634765625,
      "ssim": 0.9755781292915344
    },
    {
      "view": 70,
      "psnr": 32.592350006103516,
      "lpips": 0.0224609375,
      "ssim": 0.980414867401123
    }
  ]
}