{
  "summary": {
    "scene_name": "garden_gloves_01_env_1",
    "psnr": 37.920989990234375,
    "lpips": 0.02001953125,
    "ssim": 0.9806220531463623
  },
  "per_view": [
    {
      "view": 47,
      "psnr": 37.528526306152344,
      "lpips": 0.021484375,
      "ssim": 0.9797497391700745
    },
    {
      "view": 52,
      "psnr": 38.28118896484375,
      "lpips": 0.0203857421875,
      "ssim": 0.9803873896598816
    },
    {
      "view": 54,
      "psnr": 37.99604797363281,
      "lpips": 0.020751953125,
      "ssim": 0.9802455902099609
    },
    {
      "view": 68,
      "psnr": 37.8781852722168,
      "lpips": 0.0177001953125,
      "ssim": 0.9821054339408875
    }
  ]
}