{
  "summary": {
    "scene_name": "garden_hose_wall_mounted_01_env_1",
    "psnr": 26.661083221435547,
    "lpips": 0.03271484375,
    "ssim": 0.9258806109428406
  },
  "per_view": [
    {
      "view": 30,
      "psnr": 26.06125831604004,
      "lpips": 0.02978515625,
      "ssim": 0.9253689646720886
    },
    {
      "view": 33,
      "psnr": 26.267375946044922,
      "lpips": 0.033935546875,
      "ssim": 0.9153915047645569
    },
    {
      "view": 45,
      "psnr": 27.12010955810547,
      "lpips": 0.036376953125,
      "ssim": 0.9299953579902649
    },
    {
      "view": 77,
      "psnr": 27.19558334350586,
      "lpips": 0.031005859375,
      "ssim": 0.9327666163444519
    }
  ]
}