{
  "summary": {
    "scene_name": "garden_gloves_01_env_0",
    "psnr": 35.14289474487305,
    "lpips": 0.0191650390625,
    "ssim": 0.9793605804443359
  },
  "per_view": [
    {
      "view": 47,
      "psnr": 36.30916976928711,
      "lpips": 0.022216796875,
      "ssim": 0.9802606701850891
    },
    {
      "view": 52,
      "psnr": 34.4256477355957,
      "lpips": 0.0203857421875,
      "ssim": 0.9775500297546387
    },
    {
      "view": 54,
      "psnr": 33.65912628173828,
      "lpips": 0.019287109375,
      "ssim": 0.977363109588623
    },
    {
      "view": 68,
      "psnr": 36.17763137817383,
      "lpips": 0.014892578125,
      "ssim": 0.9822685122489929
    }
  ]
}