{
  "summary": {
    "scene_name": "garden_gloves_01_white_env_0",
    "psnr": 38.41761016845703,
    "lpips": 0.0166015625,
    "ssim": 0.9830988049507141
  },
  "per_view": [
    {
      "view": 47,
      "psnr": 39.056907653808594,
      "lpips": 0.016845703125,
      "ssim": 0.9829123020172119
    },
    {
      "view": 52,
      "psnr": 38.557525634765625,
      "lpips": 0.017578125,
      "ssim": 0.9829215407371521
    },
    {
      "view": 54,
      "psnr": 37.97846221923828,
      "lpips": 0.0169677734375,
      "ssim": 0.9827218651771545
    },
    {
      "view": 68,
      "psnr": 38.077552795410156,
      "lpips": 0.01495361328125,
      "ssim": 0.9838395118713379
    }
  ]
}