{
  "summary": {
    "scene_name": "gate_latch_01_env_2",
    "psnr": 30.840124130249023,
    "lpips": 0.0240478515625,
    "ssim": 0.9767387509346008
  },
  "per_view": [
    {
      "view": 72,
      "psnr": 31.737356185913086,
      "lpips": 0.021484375,
      "ssim": 0.9783383011817932
    },
    {
      "view": 80,
      "psnr": 30.598655700683594,
      "lpips": 0.023193359375,
      "ssim": 0.9750251173973083
    },
    {
      "view": 81,
      "psnr": 30.502212524414062,
      "lpips": 0.025634765625,
      "ssim": 0.9756593704223633
    },
    {
      "view": 87,
      "psnr": 30.52227210998535,
      "lpips": 0.02587890625,
      "ssim": 0.9779321551322937
    }
  ]
}