{
  "summary": {
    "scene_name": "gate_latch_01_env_1",
    "psnr": 34.963600158691406,
    "lpips": 0.016357421875,
    "ssim": 0.9844189286231995
  },
  "per_view": [
    {
      "view": 72,
      "psnr": 36.100914001464844,
      "lpips": 0.0142822265625,
      "ssim": 0.986548662185669
    },
    {
      "view": 80,
      "psnr": 34.91636657714844,
      "lpips": 0.016357421875,
      "ssim": 0.9840214848518372
    },
    {
      "view": 81,
      "psnr": 34.156700134277344,
      "lpips": 0.018310546875,
      "ssim": 0.9824250340461731
    },
    {
      "view": 87,
      "psnr": 34.680419921875,
      "lpips": 0.0164794921875,
      "ssim": 0.9846806526184082
    }
  ]
}