{
  "summary": {
    "scene_name": "gate_latch_01_env_0",
    "psnr": 28.876853942871094,
    "lpips": 0.01318359375,
    "ssim": 0.9857907295227051
  },
  "per_view": [
    {
      "view": 72,
      "psnr": 31.473957061767578,
      "lpips": 0.01092529296875,
      "ssim": 0.9888190627098083
    },
    {
      "view": 80,
      "psnr": 27.732810974121094,
      "lpips": 0.013427734375,
      "ssim": 0.9849364757537842
    },
    {
      "view": 81,
      "psnr": 27.800048828125,
      "lpips": 0.0135498046875,
      "ssim": 0.9851148128509521
    },
    {
      "view": 87,
      "psnr": 28.50059700012207,
      "lpips": 0.01483154296875,
      "ssim": 0.9842924475669861
    }
  ]
}