{
  "summary": {
    "scene_name": "gate_latch_01_white_env_0",
    "psnr": 33.899574279785156,
    "lpips": 0.0150146484375,
    "ssim": 0.9831979274749756
  },
  "per_view": [
    {
      "view": 72,
      "psnr": 33.17396545410156,
      "lpips": 0.013427734375,
      "ssim": 0.9850373268127441
    },
    {
      "view": 80,
      "psnr": 33.667518615722656,
      "lpips": 0.0164794921875,
      "ssim": 0.9828775525093079
    },
    {
      "view": 81,
      "psnr": 34.16591262817383,
      "lpips": 0.0142822265625,
      "ssim": 0.9830530285835266
    },
    {
      "view": 87,
      "psnr": 34.59090805053711,
      "lpips": 0.0157470703125,
      "ssim": 0.9818239212036133
    }
  ]
}