{
  "summary": {
    "scene_name": "GothicCommode_01_env_2",
    "psnr": 27.90005874633789,
    "lpips": 0.1015625,
    "ssim": 0.8910917043685913
  },
  "per_view": [
    {
      "view": 36,
      "psnr": 28.229658126831055,
      "lpips": 0.1201171875,
      "ssim": 0.9228480458259583
    },
    {
      "view": 48,
      "psnr": 29.105487823486328,
      "lpips": 0.08154296875,
      "ssim": 0.9169273376464844
    },
    {
      "view": 49,
      "psnr": 29.851091384887695,
      "lpips": 0.0703125,
      "ssim": 0.9302316308021545
    },
    {
      "view": 60,
      "psnr": 24.41400146484375,
      "lpips": 0.134765625,
      "ssim": 0.7943599224090576
    }
  ]
}