{
  "summary": {
    "scene_name": "GothicBed_01_white_env_0",
    "psnr": 30.50666618347168,
    "lpips": 0.06884765625,
    "ssim": 0.9576020240783691
  },
  "per_view": [
    {
      "view": 2,
      "psnr": 31.357097625732422,
      "lpips": 0.0791015625,
      "ssim": 0.9640915989875793
    },
    {
      "view": 33,
      "psnr": 31.21219825744629,
      "lpips": 0.046875,
      "ssim": 0.961458683013916
    },
    {
      "view": 48,
      "psnr": 30.57610511779785,
      "lpips": 0.0771484375,
      "ssim": 0.9606766700744629
    },
    {
      "view": 60,
      "psnr": 28.88125991821289,
      "lpips": 0.072265625,
      "ssim": 0.9441812038421631
    }
  ]
}