{
  "summary": {
    "scene_name": "GothicCabinet_01_env_2",
    "psnr": 25.156688690185547,
    "lpips": 0.08154296875,
    "ssim": 0.9353628158569336
  },
  "per_view": [
    {
      "view": 58,
      "psnr": 25.213777542114258,
      "lpips": 0.080078125,
      "ssim": 0.9229808449745178
    },
    {
      "view": 72,
      "psnr": 25.495737075805664,
      "lpips": 0.09375,
      "ssim": 0.9398606419563293
    },
    {
      "view": 77,
      "psnr": 25.59299087524414,
      "lpips": 0.07958984375,
      "ssim": 0.9466469883918762
    },
    {
      "view": 81,
      "psnr": 24.324254989624023,
      "lpips": 0.072265625,
      "ssim": 0.9319629669189453
    }
  ]
}