{
  "summary": {
    "scene_name": "GothicBed_01_env_2",
    "psnr": 29.383930206298828,
    "lpips": 0.0927734375,
    "ssim": 0.9376735687255859
  },
  "per_view": [
    {
      "view": 2,
      "psnr": 29.067461013793945,
      "lpips": 0.11328125,
      "ssim": 0.9447410702705383
    },
    {
      "view": 33,
      "psnr": 28.862701416015625,
      "lpips": 0.06591796875,
      "ssim": 0.9430075287818909
    },
    {
      "view": 48,
      "psnr": 30.248577117919922,
      "lpips": 0.1025390625,
      "ssim": 0.9409747123718262
    },
    {
      "view": 60,
      "psnr": 29.356979370117188,
      "lpips": 0.0888671875,
      "ssim": 0.9219708442687988
    }
  ]
}