{
  "summary": {
    "scene_name": "GothicBed_01_env_0",
    "psnr": 22.42751693725586,
    "lpips": 0.08935546875,
    "ssim": 0.9472910761833191
  },
  "per_view": [
    {
      "view": 2,
      "psnr": 21.896068572998047,
      "lpips": 0.1044921875,
      "ssim": 0.9528186321258545
    },
    {
      "view": 33,
      "psnr": 23.18401527404785,
      "lpips": 0.068359375,
      "ssim": 0.9486925005912781
    },
    {
      "view": 48,
      "psnr": 22.06690788269043,
      "lpips": 0.0947265625,
      "ssim": 0.9572002291679382
    },
    {
      "view": 60,
      "psnr": 22.563077926635742,
      "lpips": 0.09033203125,
      "ssim": 0.930452823638916
    }
  ]
}