{
  "summary": {
    "scene_name": "GothicCommode_01_env_0",
    "psnr": 27.078330993652344,
    "lpips": 0.119140625,
    "ssim": 0.8757433891296387
  },
  "per_view": [
    {
      "view": 36,
      "psnr": 29.457660675048828,
      "lpips": 0.11083984375,
      "ssim": 0.9180970191955566
    },
    {
      "view": 48,
      "psnr": 26.713125228881836,
      "lpips": 0.095703125,
      "ssim": 0.9055517315864563
    },
    {
      "view": 49,
      "psnr": 26.764686584472656,
      "lpips": 0.09423828125,
      "ssim": 0.9030963778495789
    },
    {
      "view": 60,
      "psnr": 25.37785530090332,
      "lpips": 0.1767578125,
      "ssim": 0.7762283682823181
    }
  ]
}