{
  "summary": {
    "scene_name": "GothicCabinet_01_env_1",
    "psnr": 27.379749298095703,
    "lpips": 0.054443359375,
    "ssim": 0.9434697031974792
  },
  "per_view": [
    {
      "view": 58,
      "psnr": 28.9706974029541,
      "lpips": 0.041015625,
      "ssim": 0.9507253170013428
    },
    {
      "view": 72,
      "psnr": 27.551164627075195,
      "lpips": 0.05615234375,
      "ssim": 0.9439163208007812
    },
    {
      "view": 77,
      "psnr": 26.289806365966797,
      "lpips": 0.058349609375,
      "ssim": 0.9401577115058899
    },
    {
      "view": 81,
      "psnr": 26.707332611083984,
      "lpips": 0.062255859375,
      "ssim": 0.9390794634819031
    }
  ]
}