{
  "summary": {
    "scene_name": "GothicCabinet_01_white_env_0",
    "psnr": 30.454387664794922,
    "lpips": 0.0478515625,
    "ssim": 0.9562461376190186
  },
  "per_view": [
    {
      "view": 58,
      "psnr": 29.759685516357422,
      "lpips": 0.0517578125,
      "ssim": 0.9445942044258118
    },
    {
      "view": 72,
      "psnr": 31.163429260253906,
      "lpips": 0.04345703125,
      "ssim": 0.96161288022995
    },
    {
      "view": 77,
      "psnr": 30.60570526123047,
      "lpips": 0.044677734375,
      "ssim": 0.9629462361335754
    },
    {
      "view": 81,
      "psnr": 30.288726806640625,
      "lpips": 0.051025390625,
      "ssim": 0.9558312296867371
    }
  ]
}