{
  "summary": {
    "scene_name": "GothicBed_01_env_1",
    "psnr": 30.286333084106445,
    "lpips": 0.068359375,
    "ssim": 0.9565390348434448
  },
  "per_view": [
    {
      "view": 2,
      "psnr": 28.91810417175293,
      "lpips": 0.07958984375,
      "ssim": 0.9520156979560852
    },
    {
      "view": 33,
      "psnr": 31.571796417236328,
      "lpips": 0.05029296875,
      "ssim": 0.9604237675666809
    },
    {
      "view": 48,
      "psnr": 30.66655731201172,
      "lpips": 0.0751953125,
      "ssim": 0.954077422618866
    },
    {
      "view": 60,
      "psnr": 29.98887825012207,
      "lpips": 0.068359375,
      "ssim": 0.9596390724182129
    }
  ]
}