{
  "summary": {
    "scene_name": "GothicCommode_01_env_1",
    "psnr": 26.995317459106445,
    "lpips": 0.13671875,
    "ssim": 0.8431025743484497
  },
  "per_view": [
    {
      "view": 36,
      "psnr": 29.609966278076172,
      "lpips": 0.1669921875,
      "ssim": 0.8680149912834167
    },
    {
      "view": 48,
      "psnr": 26.587535858154297,
      "lpips": 0.11962890625,
      "ssim": 0.857914388179779
    },
    {
      "view": 49,
      "psnr": 27.100276947021484,
      "lpips": 0.11328125,
      "ssim": 0.8720962405204773
    },
    {
      "view": 60,
      "psnr": 24.68349266052246,
      "lpips": 0.146484375,
      "ssim": 0.7743846774101257
    }
  ]
}