{
  "summary": {
    "scene_name": "GothicCommode_01_white_env_0",
    "psnr": 27.267549514770508,
    "lpips": 0.1259765625,
    "ssim": 0.8828930258750916
  },
  "per_view": [
    {
      "view": 36,
      "psnr": 27.423879623413086,
      "lpips": 0.130859375,
      "ssim": 0.910423994064331
    },
    {
      "view": 48,
      "psnr": 27.883071899414062,
      "lpips": 0.10986328125,
      "ssim": 0.909743070602417
    },
    {
      "view": 49,
      "psnr": 28.878232955932617,
      "lpips": 0.10205078125,
      "ssim": 0.9143419861793518
    },
    {
      "view": 60,
      "psnr": 24.885009765625,
      "lpips": 0.1611328125,
      "ssim": 0.7970630526542664
    }
  ]
}