{
  "summary": {
    "scene_name": "GothicCabinet_01_env_0",
    "psnr": 29.15686798095703,
    "lpips": 0.0498046875,
    "ssim": 0.9524775147438049
  },
  "per_view": [
    {
      "view": 58,
      "psnr": 29.25442123413086,
      "lpips": 0.059326171875,
      "ssim": 0.9359879493713379
    },
    {
      "view": 72,
      "psnr": 29.634496688842773,
      "lpips": 0.0458984375,
      "ssim": 0.9588351249694824
    },
    {
      "view": 77,
      "psnr": 29.24738121032715,
      "lpips": 0.044677734375,
      "ssim": 0.9595494270324707
    },
    {
      "view": 81,
      "psnr": 28.49117660522461,
      "lpips": 0.048828125,
      "ssim": 0.9555374979972839
    }
  ]
}