{
  "summary": {
    "scene_name": "GreenChair_01_env_2",
    "psnr": 29.357833862304688,
    "lpips": 0.0478515625,
    "ssim": 0.947858989238739
  },
  "per_view": [
    {
      "view": 50,
      "psnr": 30.668277740478516,
      "lpips": 0.03759765625,
      "ssim": 0.958300769329071
    },
    {
      "view": 61,
      "psnr": 28.356637954711914,
      "lpips": 0.05029296875,
      "ssim": 0.9442556500434875
    },
    {
      "view": 83,
      "psnr": 29.36046600341797,
      "lpips": 0.052001953125,
      "ssim": 0.9455607533454895
    },
    {
      "view": 84,
      "psnr": 29.04595375061035,
      "lpips": 0.0517578125,
      "ssim": 0.9433188438415527
    }
  ]
}