{
  "summary": {
    "scene_name": "GreenChair_01_white_env_0",
    "psnr": 33.888790130615234,
    "lpips": 0.03173828125,
    "ssim": 0.9762064814567566
  },
  "per_view": [
    {
      "view": 50,
      "psnr": 35.333213806152344,
      "lpips": 0.02587890625,
      "ssim": 0.977562427520752
    },
    {
      "view": 61,
      "psnr": 34.23090744018555,
      "lpips": 0.031005859375,
      "ssim": 0.975649356842041
    },
    {
      "view": 83,
      "psnr": 33.07352066040039,
      "lpips": 0.03466796875,
      "ssim": 0.9769033789634705
    },
    {
      "view": 84,
      "psnr": 32.91752243041992,
      "lpips": 0.035888671875,
      "ssim": 0.9747107028961182
    }
  ]
}