{
  "summary": {
    "scene_name": "GreenChair_01_env_1",
    "psnr": 35.099037170410156,
    "lpips": 0.034423828125,
    "ssim": 0.9748006463050842
  },
  "per_view": [
    {
      "view": 50,
      "psnr": 36.996070861816406,
      "lpips": 0.024658203125,
      "ssim": 0.9769589304924011
    },
    {
      "view": 61,
      "psnr": 35.21546173095703,
      "lpips": 0.0341796875,
      "ssim": 0.9729030132293701
    },
    {
      "view": 83,
      "psnr": 34.084495544433594,
      "lpips": 0.038818359375,
      "ssim": 0.9756021499633789
    },
    {
      "view": 84,
      "psnr": 34.100120544433594,
      "lpips": 0.039794921875,
      "ssim": 0.9737384915351868
    }
  ]
}