{
  "summary": {
    "scene_name": "GreenChair_01_env_0",
    "psnr": 32.59619140625,
    "lpips": 0.043701171875,
    "ssim": 0.9737924933433533
  },
  "per_view": [
    {
      "view": 50,
      "psnr": 34.411800384521484,
      "lpips": 0.0301513671875,
      "ssim": 0.9791470170021057
    },
    {
      "view": 61,
      "psnr": 32.4482307434082,
      "lpips": 0.046630859375,
      "ssim": 0.9703936576843262
    },
    {
      "view": 83,
      "psnr": 32.23126220703125,
      "lpips": 0.048828125,
      "ssim": 0.9739727973937988
    },
    {
      "view": 84,
      "psnr": 31.29347801208496,
      "lpips": 0.04931640625,
      "ssim": 0.9716565012931824
    }
  ]
}