{
  "summary": {
    "scene_name": "hand_plane_no4_white_env_0",
    "psnr": 31.59559440612793,
    "lpips": 0.03173828125,
    "ssim": 0.9607215523719788
  },
  "per_view": [
    {
      "view": 16,
      "psnr": 32.8101692199707,
      "lpips": 0.029296875,
      "ssim": 0.9703631401062012
    },
    {
      "view": 32,
      "psnr": 31.976516723632812,
      "lpips": 0.0322265625,
      "ssim": 0.9664270281791687
    },
    {
      "view": 63,
      "psnr": 31.820526123046875,
      "lpips": 0.031982421875,
      "ssim": 0.9571089744567871
    },
    {
      "view": 71,
      "psnr": 29.775171279907227,
      "lpips": 0.033203125,
      "ssim": 0.9489869475364685
    }
  ]
}