{
  "summary": {
    "scene_name": "hand_plane_no4_env_2",
    "psnr": 32.632232666015625,
    "lpips": 0.038818359375,
    "ssim": 0.9550706148147583
  },
  "per_view": [
    {
      "view": 16,
      "psnr": 32.6187858581543,
      "lpips": 0.0390625,
      "ssim": 0.9562638401985168
    },
    {
      "view": 32,
      "psnr": 33.83009338378906,
      "lpips": 0.03955078125,
      "ssim": 0.9596173167228699
    },
    {
      "view": 63,
      "psnr": 32.482887268066406,
      "lpips": 0.03466796875,
      "ssim": 0.9542196393013
    },
    {
      "view": 71,
      "psnr": 31.597156524658203,
      "lpips": 0.042236328125,
      "ssim": 0.9501817226409912
    }
  ]
}