{
  "summary": {
    "scene_name": "hand_plane_no4_env_0",
    "psnr": 33.06853485107422,
    "lpips": 0.02734375,
    "ssim": 0.9702178239822388
  },
  "per_view": [
    {
      "view": 16,
      "psnr": 33.71405029296875,
      "lpips": 0.02392578125,
      "ssim": 0.9777742028236389
    },
    {
      "view": 32,
      "psnr": 30.77618408203125,
      "lpips": 0.02880859375,
      "ssim": 0.9689567685127258
    },
    {
      "view": 63,
      "psnr": 33.386417388916016,
      "lpips": 0.02685546875,
      "ssim": 0.968517005443573
    },
    {
      "view": 71,
      "psnr": 34.397483825683594,
      "lpips": 0.030029296875,
      "ssim": 0.9656234383583069
    }
  ]
}