{
  "summary": {
    "scene_name": "hand_plane_no4_env_1",
    "psnr": 32.2293586730957,
    "lpips": 0.029052734375,
    "ssim": 0.9657759070396423
  },
  "per_view": [
    {
      "view": 16,
      "psnr": 34.58317565917969,
      "lpips": 0.027099609375,
      "ssim": 0.9744164943695068
    },
    {
      "view": 32,
      "psnr": 30.722515106201172,
      "lpips": 0.02734375,
      "ssim": 0.9695567488670349
    },
    {
      "view": 63,
      "psnr": 30.804920196533203,
      "lpips": 0.0294189453125,
      "ssim": 0.9588924050331116
    },
    {
      "view": 71,
      "psnr": 32.80682373046875,
      "lpips": 0.0322265625,
      "ssim": 0.960237979888916
    }
  ]
}