{
  "summary": {
    "scene_name": "hanging_picture_frame_02_env_0",
    "psnr": 23.834671020507812,
    "lpips": 0.04150390625,
    "ssim": 0.9676216840744019
  },
  "per_view": [
    {
      "view": 11,
      "psnr": 25.22228240966797,
      "lpips": 0.0283203125,
      "ssim": 0.9761760830879211
    },
    {
      "view": 15,
      "psnr": 23.721731185913086,
      "lpips": 0.037109375,
      "ssim": 0.9690322279930115
    },
    {
      "view": 24,
      "psnr": 23.266197204589844,
      "lpips": 0.04736328125,
      "ssim": 0.964325487613678
    },
    {
      "view": 25,
      "psnr": 23.128475189208984,
      "lpips": 0.052734375,
      "ssim": 0.9609530568122864
    }
  ]
}