{
  "summary": {
    "scene_name": "hanging_picture_frame_02_env_1",
    "psnr": 22.977474212646484,
    "lpips": 0.03564453125,
    "ssim": 0.9478822946548462
  },
  "per_view": [
    {
      "view": 11,
      "psnr": 23.84140968322754,
      "lpips": 0.023193359375,
      "ssim": 0.961146354675293
    },
    {
      "view": 15,
      "psnr": 23.08548355102539,
      "lpips": 0.029541015625,
      "ssim": 0.9512503743171692
    },
    {
      "view": 24,
      "psnr": 22.497461318969727,
      "lpips": 0.040771484375,
      "ssim": 0.9419539570808411
    },
    {
      "view": 25,
      "psnr": 22.48554229736328,
      "lpips": 0.048828125,
      "ssim": 0.9371786713600159
    }
  ]
}