{
  "summary": {
    "scene_name": "hanging_picture_frame_03_env_1",
    "psnr": 27.68865394592285,
    "lpips": 0.059326171875,
    "ssim": 0.925172746181488
  },
  "per_view": [
    {
      "view": 52,
      "psnr": 29.747142791748047,
      "lpips": 0.021728515625,
      "ssim": 0.9727553725242615
    },
    {
      "view": 56,
      "psnr": 27.825241088867188,
      "lpips": 0.04541015625,
      "ssim": 0.9362740516662598
    },
    {
      "view": 62,
      "psnr": 28.120195388793945,
      "lpips": 0.068359375,
      "ssim": 0.9006091952323914
    },
    {
      "view": 69,
      "psnr": 25.062036514282227,
      "lpips": 0.1015625,
      "ssim": 0.8910523056983948
    }
  ]
}