{
  "summary": {
    "scene_name": "hanging_picture_frame_03_white_env_0",
    "psnr": 31.862106323242188,
    "lpips": 0.03857421875,
    "ssim": 0.9555729627609253
  },
  "per_view": [
    {
      "view": 52,
      "psnr": 32.80775451660156,
      "lpips": 0.01495361328125,
      "ssim": 0.98006671667099
    },
    {
      "view": 56,
      "psnr": 31.857582092285156,
      "lpips": 0.02880859375,
      "ssim": 0.9615564942359924
    },
    {
      "view": 62,
      "psnr": 34.892696380615234,
      "lpips": 0.04638671875,
      "ssim": 0.9543116092681885
    },
    {
      "view": 69,
      "psnr": 27.89039421081543,
      "lpips": 0.064453125,
      "ssim": 0.926357090473175
    }
  ]
}