{
  "summary": {
    "scene_name": "hanging_picture_frame_02_white_env_0",
    "psnr": 33.34575653076172,
    "lpips": 0.0341796875,
    "ssim": 0.9820488691329956
  },
  "per_view": [
    {
      "view": 11,
      "psnr": 35.77388000488281,
      "lpips": 0.02099609375,
      "ssim": 0.9863483905792236
    },
    {
      "view": 15,
      "psnr": 35.77477264404297,
      "lpips": 0.02685546875,
      "ssim": 0.9869620203971863
    },
    {
      "view": 24,
      "psnr": 31.22422981262207,
      "lpips": 0.04150390625,
      "ssim": 0.9795320630073547
    },
    {
      "view": 25,
      "psnr": 30.610151290893555,
      "lpips": 0.047607421875,
      "ssim": 0.9753530025482178
    }
  ]
}