{
  "summary": {
    "scene_name": "hanging_picture_frame_03_env_0",
    "psnr": 29.234861373901367,
    "lpips": 0.047119140625,
    "ssim": 0.9428716897964478
  },
  "per_view": [
    {
      "view": 52,
      "psnr": 32.00831604003906,
      "lpips": 0.018798828125,
      "ssim": 0.979157030582428
    },
    {
      "view": 56,
      "psnr": 29.537260055541992,
      "lpips": 0.03466796875,
      "ssim": 0.9517579674720764
    },
    {
      "view": 62,
      "psnr": 31.597719192504883,
      "lpips": 0.046630859375,
      "ssim": 0.9402451515197754
    },
    {
      "view": 69,
      "psnr": 23.796146392822266,
      "lpips": 0.08837890625,
      "ssim": 0.9003265500068665
    }
  ]
}