{
  "summary": {
    "scene_name": "hanging_picture_frame_03_env_2",
    "psnr": 26.222124099731445,
    "lpips": 0.045654296875,
    "ssim": 0.9363939762115479
  },
  "per_view": [
    {
      "view": 52,
      "psnr": 30.5020694732666,
      "lpips": 0.0191650390625,
      "ssim": 0.9802200198173523
    },
    {
      "view": 56,
      "psnr": 26.93285369873047,
      "lpips": 0.036376953125,
      "ssim": 0.9518402218818665
    },
    {
      "view": 62,
      "psnr": 25.161697387695312,
      "lpips": 0.04833984375,
      "ssim": 0.9319217801094055
    },
    {
      "view": 69,
      "psnr": 22.291879653930664,
      "lpips": 0.0791015625,
      "ssim": 0.8815940022468567
    }
  ]
}