{
  "summary": {
    "scene_name": "hanging_picture_frame_02_env_2",
    "psnr": 24.065670013427734,
    "lpips": 0.04296875,
    "ssim": 0.9479745626449585
  },
  "per_view": [
    {
      "view": 11,
      "psnr": 25.154726028442383,
      "lpips": 0.029541015625,
      "ssim": 0.9620057940483093
    },
    {
      "view": 15,
      "psnr": 24.247533798217773,
      "lpips": 0.035400390625,
      "ssim": 0.9517938494682312
    },
    {
      "view": 24,
      "psnr": 23.39909553527832,
      "lpips": 0.050537109375,
      "ssim": 0.939995288848877
    },
    {
      "view": 25,
      "psnr": 23.461320877075195,
      "lpips": 0.055908203125,
      "ssim": 0.9381033778190613
    }
  ]
}