{
  "summary": {
    "scene_name": "horse_statue_01_env_1",
    "psnr": 36.41941833496094,
    "lpips": 0.027587890625,
    "ssim": 0.9865779876708984
  },
  "per_view": [
    {
      "view": 31,
      "psnr": 35.87248992919922,
      "lpips": 0.0308837890625,
      "ssim": 0.983320415019989
    },
    {
      "view": 51,
      "psnr": 36.99620056152344,
      "lpips": 0.019775390625,
      "ssim": 0.9890263676643372
    },
    {
      "view": 67,
      "psnr": 35.88518142700195,
      "lpips": 0.0277099609375,
      "ssim": 0.9867260456085205
    },
    {
      "view": 73,
      "psnr": 36.92380905151367,
      "lpips": 0.031982421875,
      "ssim": 0.9872391819953918
    }
  ]
}