{
  "summary": {
    "scene_name": "horse_statue_01_env_0",
    "psnr": 34.45880889892578,
    "lpips": 0.034912109375,
    "ssim": 0.982274055480957
  },
  "per_view": [
    {
      "view": 31,
      "psnr": 34.77912139892578,
      "lpips": 0.039794921875,
      "ssim": 0.9817607998847961
    },
    {
      "view": 51,
      "psnr": 35.06446075439453,
      "lpips": 0.0264892578125,
      "ssim": 0.984300434589386
    },
    {
      "view": 67,
      "psnr": 33.73456573486328,
      "lpips": 0.034423828125,
      "ssim": 0.9815754294395447
    },
    {
      "view": 73,
      "psnr": 34.25708770751953,
      "lpips": 0.0390625,
      "ssim": 0.9814596176147461
    }
  ]
}