{
  "summary": {
    "scene_name": "horse_statue_01_env_2",
    "psnr": 33.27559280395508,
    "lpips": 0.030029296875,
    "ssim": 0.9703347086906433
  },
  "per_view": [
    {
      "view": 31,
      "psnr": 33.60294723510742,
      "lpips": 0.0322265625,
      "ssim": 0.9661568999290466
    },
    {
      "view": 51,
      "psnr": 33.3126220703125,
      "lpips": 0.02978515625,
      "ssim": 0.966965913772583
    },
    {
      "view": 67,
      "psnr": 32.55693817138672,
      "lpips": 0.0279541015625,
      "ssim": 0.9737200736999512
    },
    {
      "view": 73,
      "psnr": 33.629859924316406,
      "lpips": 0.030029296875,
      "ssim": 0.9744958877563477
    }
  ]
}