{
  "summary": {
    "scene_name": "horse_statue_01_white_env_0",
    "psnr": 37.9709587097168,
    "lpips": 0.0322265625,
    "ssim": 0.9776709675788879
  },
  "per_view": [
    {
      "view": 31,
      "psnr": 36.571407318115234,
      "lpips": 0.0341796875,
      "ssim": 0.9768471121788025
    },
    {
      "view": 51,
      "psnr": 38.57637023925781,
      "lpips": 0.028076171875,
      "ssim": 0.9802155494689941
    },
    {
      "view": 67,
      "psnr": 38.26784133911133,
      "lpips": 0.03173828125,
      "ssim": 0.9763968586921692
    },
    {
      "view": 73,
      "psnr": 38.46821212768555,
      "lpips": 0.035400390625,
      "ssim": 0.9772243499755859
    }
  ]
}