{
  "summary": {
    "scene_name": "jug_01_env_0",
    "psnr": 31.046401977539062,
    "lpips": 0.032470703125,
    "ssim": 0.9633473753929138
  },
  "per_view": [
    {
      "view": 75,
      "psnr": 30.500396728515625,
      "lpips": 0.03173828125,
      "ssim": 0.9608756899833679
    },
    {
      "view": 83,
      "psnr": 31.498653411865234,
      "lpips": 0.0311279296875,
      "ssim": 0.9618992805480957
    },
    {
      "view": 87,
      "psnr": 31.620637893676758,
      "lpips": 0.03173828125,
      "ssim": 0.9683436751365662
    },
    {
      "view": 88,
      "psnr": 30.565914154052734,
      "lpips": 0.03515625,
      "ssim": 0.9622707962989807
    }
  ]
}