{
  "summary": {
    "scene_name": "jug_01_env_2",
    "psnr": 30.736719131469727,
    "lpips": 0.033203125,
    "ssim": 0.9695826768875122
  },
  "per_view": [
    {
      "view": 75,
      "psnr": 29.947402954101562,
      "lpips": 0.034423828125,
      "ssim": 0.9658802151679993
    },
    {
      "view": 83,
      "psnr": 30.988664627075195,
      "lpips": 0.031005859375,
      "ssim": 0.9707987904548645
    },
    {
      "view": 87,
      "psnr": 31.292383193969727,
      "lpips": 0.03125,
      "ssim": 0.97367262840271
    },
    {
      "view": 88,
      "psnr": 30.718425750732422,
      "lpips": 0.035888671875,
      "ssim": 0.9679788947105408
    }
  ]
}