{
  "summary": {
    "scene_name": "jug_01_white_env_0",
    "psnr": 31.18190574645996,
    "lpips": 0.0390625,
    "ssim": 0.9640981554985046
  },
  "per_view": [
    {
      "view": 75,
      "psnr": 31.225135803222656,
      "lpips": 0.03955078125,
      "ssim": 0.9619036316871643
    },
    {
      "view": 83,
      "psnr": 31.433300018310547,
      "lpips": 0.036865234375,
      "ssim": 0.96565842628479
    },
    {
      "view": 87,
      "psnr": 31.424894332885742,
      "lpips": 0.0380859375,
      "ssim": 0.9678176045417786
    },
    {
      "view": 88,
      "psnr": 30.6442928314209,
      "lpips": 0.04150390625,
      "ssim": 0.9610130190849304
    }
  ]
}