{
  "summary": {
    "scene_name": "jug_01_env_1",
    "psnr": 34.04035949707031,
    "lpips": 0.038330078125,
    "ssim": 0.9764071702957153
  },
  "per_view": [
    {
      "view": 75,
      "psnr": 33.51322937011719,
      "lpips": 0.035400390625,
      "ssim": 0.9720101356506348
    },
    {
      "view": 83,
      "psnr": 34.14879608154297,
      "lpips": 0.033935546875,
      "ssim": 0.9775867462158203
    },
    {
      "view": 87,
      "psnr": 34.62302017211914,
      "lpips": 0.039306640625,
      "ssim": 0.980333149433136
    },
    {
      "view": 88,
      "psnr": 33.87638473510742,
      "lpips": 0.04443359375,
      "ssim": 0.9756987690925598
    }
  ]
}