{
  "summary": {
    "scene_name": "katana_stand_01_env_0",
    "psnr": 32.09667205810547,
    "lpips": 0.0216064453125,
    "ssim": 0.9798352718353271
  },
  "per_view": [
    {
      "view": 52,
      "psnr": 33.65354537963867,
      "lpips": 0.016845703125,
      "ssim": 0.9835881590843201
    },
    {
      "view": 55,
      "psnr": 32.863956451416016,
      "lpips": 0.02001953125,
      "ssim": 0.9816851615905762
    },
    {
      "view": 67,
      "psnr": 30.139455795288086,
      "lpips": 0.023681640625,
      "ssim": 0.9749196171760559
    },
    {
      "view": 72,
      "psnr": 31.729736328125,
      "lpips": 0.0257568359375,
      "ssim": 0.9791482090950012
    }
  ]
}