{
  "summary": {
    "scene_name": "katana_stand_01_env_2",
    "psnr": 33.44171905517578,
    "lpips": 0.016845703125,
    "ssim": 0.9808344841003418
  },
  "per_view": [
    {
      "view": 52,
      "psnr": 36.11463928222656,
      "lpips": 0.01324462890625,
      "ssim": 0.9848400950431824
    },
    {
      "view": 55,
      "psnr": 35.89601135253906,
      "lpips": 0.0128173828125,
      "ssim": 0.9842464923858643
    },
    {
      "view": 67,
      "psnr": 30.79593849182129,
      "lpips": 0.021240234375,
      "ssim": 0.9744343757629395
    },
    {
      "view": 72,
      "psnr": 30.96029281616211,
      "lpips": 0.02001953125,
      "ssim": 0.9798169732093811
    }
  ]
}