{
  "summary": {
    "scene_name": "katana_stand_01_env_1",
    "psnr": 33.3004150390625,
    "lpips": 0.0191650390625,
    "ssim": 0.9848527908325195
  },
  "per_view": [
    {
      "view": 52,
      "psnr": 33.711177825927734,
      "lpips": 0.01507568359375,
      "ssim": 0.9861529469490051
    },
    {
      "view": 55,
      "psnr": 33.918487548828125,
      "lpips": 0.017333984375,
      "ssim": 0.9870664477348328
    },
    {
      "view": 67,
      "psnr": 32.918678283691406,
      "lpips": 0.021484375,
      "ssim": 0.9818756580352783
    },
    {
      "view": 72,
      "psnr": 32.65331268310547,
      "lpips": 0.02294921875,
      "ssim": 0.9843161106109619
    }
  ]
}