{
  "summary": {
    "scene_name": "katana_stand_01_white_env_0",
    "psnr": 39.907470703125,
    "lpips": 0.01226806640625,
    "ssim": 0.99298095703125
  },
  "per_view": [
    {
      "view": 52,
      "psnr": 40.70361328125,
      "lpips": 0.00970458984375,
      "ssim": 0.9931113719940186
    },
    {
      "view": 55,
      "psnr": 40.306644439697266,
      "lpips": 0.010498046875,
      "ssim": 0.9930562973022461
    },
    {
      "view": 67,
      "psnr": 39.15818405151367,
      "lpips": 0.0155029296875,
      "ssim": 0.9918976426124573
    },
    {
      "view": 72,
      "psnr": 39.46144104003906,
      "lpips": 0.0133056640625,
      "ssim": 0.9938585758209229
    }
  ]
}