{
  "summary": {
    "scene_name": "kite_shield_env_1",
    "psnr": 32.05126953125,
    "lpips": 0.0157470703125,
    "ssim": 0.9865988492965698
  },
  "per_view": [
    {
      "view": 28,
      "psnr": 35.75852966308594,
      "lpips": 0.023193359375,
      "ssim": 0.9824634194374084
    },
    {
      "view": 59,
      "psnr": 31.53986930847168,
      "lpips": 0.01348876953125,
      "ssim": 0.9879787564277649
    },
    {
      "view": 93,
      "psnr": 29.7269287109375,
      "lpips": 0.0133056640625,
      "ssim": 0.9855231642723083
    },
    {
      "view": 95,
      "psnr": 31.179750442504883,
      "lpips": 0.0128173828125,
      "ssim": 0.9904301166534424
    }
  ]
}