{
  "summary": {
    "scene_name": "kite_shield_white_env_0",
    "psnr": 30.0615177154541,
    "lpips": 0.0262451171875,
    "ssim": 0.9769005179405212
  },
  "per_view": [
    {
      "view": 28,
      "psnr": 27.803447723388672,
      "lpips": 0.042724609375,
      "ssim": 0.9571905732154846
    },
    {
      "view": 59,
      "psnr": 32.111915588378906,
      "lpips": 0.017578125,
      "ssim": 0.9872319102287292
    },
    {
      "view": 93,
      "psnr": 30.27968978881836,
      "lpips": 0.0218505859375,
      "ssim": 0.9812278747558594
    },
    {
      "view": 95,
      "psnr": 30.05101776123047,
      "lpips": 0.022705078125,
      "ssim": 0.9819517731666565
    }
  ]
}