{
  "summary": {
    "scene_name": "kite_shield_env_2",
    "psnr": 28.377635955810547,
    "lpips": 0.0286865234375,
    "ssim": 0.9702608585357666
  },
  "per_view": [
    {
      "view": 28,
      "psnr": 28.51797103881836,
      "lpips": 0.04150390625,
      "ssim": 0.9595625996589661
    },
    {
      "view": 59,
      "psnr": 28.97521209716797,
      "lpips": 0.02392578125,
      "ssim": 0.9765995144844055
    },
    {
      "view": 93,
      "psnr": 28.24812889099121,
      "lpips": 0.0250244140625,
      "ssim": 0.9721559882164001
    },
    {
      "view": 95,
      "psnr": 27.76923370361328,
      "lpips": 0.0242919921875,
      "ssim": 0.9727252125740051
    }
  ]
}