{
  "summary": {
    "scene_name": "kite_shield_env_0",
    "psnr": 33.03541564941406,
    "lpips": 0.021240234375,
    "ssim": 0.982062816619873
  },
  "per_view": [
    {
      "view": 28,
      "psnr": 30.62384033203125,
      "lpips": 0.03662109375,
      "ssim": 0.9656950831413269
    },
    {
      "view": 59,
      "psnr": 33.4196891784668,
      "lpips": 0.016845703125,
      "ssim": 0.9881331920623779
    },
    {
      "view": 93,
      "psnr": 33.59328079223633,
      "lpips": 0.0167236328125,
      "ssim": 0.9849228262901306
    },
    {
      "view": 95,
      "psnr": 34.50485610961914,
      "lpips": 0.014892578125,
      "ssim": 0.9894999861717224
    }
  ]
}