{
  "summary": {
    "scene_name": "ladder_sectioned_01_white_env_0",
    "psnr": 27.446739196777344,
    "lpips": 0.018310546875,
    "ssim": 0.9855021834373474
  },
  "per_view": [
    {
      "view": 74,
      "psnr": 27.486949920654297,
      "lpips": 0.024169921875,
      "ssim": 0.9880018830299377
    },
    {
      "view": 81,
      "psnr": 26.966726303100586,
      "lpips": 0.0130615234375,
      "ssim": 0.9867283701896667
    },
    {
      "view": 88,
      "psnr": 27.62961196899414,
      "lpips": 0.0181884765625,
      "ssim": 0.9820256233215332
    },
    {
      "view": 89,
      "psnr": 27.703670501708984,
      "lpips": 0.017822265625,
      "ssim": 0.985252857208252
    }
  ]
}