{
  "summary": {
    "scene_name": "ladder_sectioned_01_env_0",
    "psnr": 25.235197067260742,
    "lpips": 0.020263671875,
    "ssim": 0.9796996116638184
  },
  "per_view": [
    {
      "view": 74,
      "psnr": 25.76003646850586,
      "lpips": 0.021484375,
      "ssim": 0.9841493964195251
    },
    {
      "view": 81,
      "psnr": 24.852130889892578,
      "lpips": 0.014404296875,
      "ssim": 0.9800181984901428
    },
    {
      "view": 88,
      "psnr": 25.243873596191406,
      "lpips": 0.022705078125,
      "ssim": 0.9760740399360657
    },
    {
      "view": 89,
      "psnr": 25.084747314453125,
      "lpips": 0.022705078125,
      "ssim": 0.9785568118095398
    }
  ]
}