{
  "summary": {
    "scene_name": "ladder_sectioned_01_env_1",
    "psnr": 26.708438873291016,
    "lpips": 0.017333984375,
    "ssim": 0.9815070033073425
  },
  "per_view": [
    {
      "view": 74,
      "psnr": 27.41509246826172,
      "lpips": 0.01531982421875,
      "ssim": 0.9855008125305176
    },
    {
      "view": 81,
      "psnr": 26.696029663085938,
      "lpips": 0.01544189453125,
      "ssim": 0.9825778603553772
    },
    {
      "view": 88,
      "psnr": 26.337949752807617,
      "lpips": 0.0205078125,
      "ssim": 0.9770291447639465
    },
    {
      "view": 89,
      "psnr": 26.384681701660156,
      "lpips": 0.017822265625,
      "ssim": 0.9809203147888184
    }
  ]
}