{
  "summary": {
    "scene_name": "ladder_sectioned_01_env_2",
    "psnr": 27.681209564208984,
    "lpips": 0.0177001953125,
    "ssim": 0.9840787649154663
  },
  "per_view": [
    {
      "view": 74,
      "psnr": 27.7904109954834,
      "lpips": 0.01611328125,
      "ssim": 0.9866845607757568
    },
    {
      "view": 81,
      "psnr": 28.44978141784668,
      "lpips": 0.0135498046875,
      "ssim": 0.9874981045722961
    },
    {
      "view": 88,
      "psnr": 27.260608673095703,
      "lpips": 0.0223388671875,
      "ssim": 0.9787476658821106
    },
    {
      "view": 89,
      "psnr": 27.224037170410156,
      "lpips": 0.018798828125,
      "ssim": 0.983384907245636
    }
  ]
}