{
  "summary": {
    "scene_name": "lantern_chandelier_01_env_1",
    "psnr": 25.128826141357422,
    "lpips": 0.05859375,
    "ssim": 0.9222146272659302
  },
  "per_view": [
    {
      "view": 36,
      "psnr": 24.58687973022461,
      "lpips": 0.061767578125,
      "ssim": 0.9143906235694885
    },
    {
      "view": 43,
      "psnr": 25.09552001953125,
      "lpips": 0.060546875,
      "ssim": 0.9179611206054688
    },
    {
      "view": 53,
      "psnr": 25.465076446533203,
      "lpips": 0.05810546875,
      "ssim": 0.9236927032470703
    },
    {
      "view": 59,
      "psnr": 25.367822647094727,
      "lpips": 0.0537109375,
      "ssim": 0.9328141808509827
    }
  ]
}