{
  "summary": {
    "scene_name": "lantern_chandelier_01_env_0",
    "psnr": 21.88617706298828,
    "lpips": 0.0625,
    "ssim": 0.892694890499115
  },
  "per_view": [
    {
      "view": 36,
      "psnr": 21.5927677154541,
      "lpips": 0.05810546875,
      "ssim": 0.8941975235939026
    },
    {
      "view": 43,
      "psnr": 21.088960647583008,
      "lpips": 0.0634765625,
      "ssim": 0.8868557810783386
    },
    {
      "view": 53,
      "psnr": 22.530820846557617,
      "lpips": 0.0634765625,
      "ssim": 0.8908988833427429
    },
    {
      "view": 59,
      "psnr": 22.332155227661133,
      "lpips": 0.06494140625,
      "ssim": 0.898827314376831
    }
  ]
}