{
  "summary": {
    "scene_name": "lantern_chandelier_01_env_2",
    "psnr": 21.233747482299805,
    "lpips": 0.06103515625,
    "ssim": 0.8969191312789917
  },
  "per_view": [
    {
      "view": 36,
      "psnr": 21.248884201049805,
      "lpips": 0.05908203125,
      "ssim": 0.9028531908988953
    },
    {
      "view": 43,
      "psnr": 20.462890625,
      "lpips": 0.0615234375,
      "ssim": 0.8958634734153748
    },
    {
      "view": 53,
      "psnr": 21.743961334228516,
      "lpips": 0.060546875,
      "ssim": 0.8918930888175964
    },
    {
      "view": 59,
      "psnr": 21.4792537689209,
      "lpips": 0.0634765625,
      "ssim": 0.8970667719841003
    }
  ]
}