{
  "summary": {
    "scene_name": "lantern_chandelier_01_white_env_0",
    "psnr": 22.636627197265625,
    "lpips": 0.0625,
    "ssim": 0.9046355485916138
  },
  "per_view": [
    {
      "view": 36,
      "psnr": 23.180419921875,
      "lpips": 0.06103515625,
      "ssim": 0.9142098426818848
    },
    {
      "view": 43,
      "psnr": 21.988624572753906,
      "lpips": 0.064453125,
      "ssim": 0.9032304883003235
    },
    {
      "view": 53,
      "psnr": 22.691219329833984,
      "lpips": 0.062255859375,
      "ssim": 0.8969046473503113
    },
    {
      "view": 59,
      "psnr": 22.686241149902344,
      "lpips": 0.0625,
      "ssim": 0.9041973948478699
    }
  ]
}