{
  "summary": {
    "scene_name": "lateral_sea_marker_white_env_0",
    "psnr": 32.304473876953125,
    "lpips": 0.020263671875,
    "ssim": 0.9734487533569336
  },
  "per_view": [
    {
      "view": 0,
      "psnr": 31.379091262817383,
      "lpips": 0.020263671875,
      "ssim": 0.9722318053245544
    },
    {
      "view": 71,
      "psnr": 32.99647521972656,
      "lpips": 0.0196533203125,
      "ssim": 0.9741260409355164
    },
    {
      "view": 72,
      "psnr": 33.343223571777344,
      "lpips": 0.0198974609375,
      "ssim": 0.9754161834716797
    },
    {
      "view": 99,
      "psnr": 31.499099731445312,
      "lpips": 0.0211181640625,
      "ssim": 0.9720209240913391
    }
  ]
}