{
  "summary": {
    "scene_name": "lateral_sea_marker_env_0",
    "psnr": 33.40074920654297,
    "lpips": 0.01507568359375,
    "ssim": 0.9818204641342163
  },
  "per_view": [
    {
      "view": 0,
      "psnr": 32.517879486083984,
      "lpips": 0.0157470703125,
      "ssim": 0.9793727397918701
    },
    {
      "view": 71,
      "psnr": 33.98015594482422,
      "lpips": 0.0147705078125,
      "ssim": 0.983468770980835
    },
    {
      "view": 72,
      "psnr": 34.32719039916992,
      "lpips": 0.01373291015625,
      "ssim": 0.9846761226654053
    },
    {
      "view": 99,
      "psnr": 32.77777099609375,
      "lpips": 0.01611328125,
      "ssim": 0.9797642230987549
    }
  ]
}