{
  "summary": {
    "scene_name": "lateral_sea_marker_env_1",
    "psnr": 33.61177062988281,
    "lpips": 0.01483154296875,
    "ssim": 0.9831165075302124
  },
  "per_view": [
    {
      "view": 0,
      "psnr": 32.89842987060547,
      "lpips": 0.0146484375,
      "ssim": 0.9821926951408386
    },
    {
      "view": 71,
      "psnr": 34.066864013671875,
      "lpips": 0.0137939453125,
      "ssim": 0.9837815165519714
    },
    {
      "view": 72,
      "psnr": 34.64479064941406,
      "lpips": 0.01483154296875,
      "ssim": 0.9849395751953125
    },
    {
      "view": 99,
      "psnr": 32.83700942993164,
      "lpips": 0.01611328125,
      "ssim": 0.9815521836280823
    }
  ]
}