{
  "summary": {
    "scene_name": "lateral_sea_marker_env_2",
    "psnr": 33.216880798339844,
    "lpips": 0.0169677734375,
    "ssim": 0.9811602830886841
  },
  "per_view": [
    {
      "view": 0,
      "psnr": 33.03459548950195,
      "lpips": 0.0169677734375,
      "ssim": 0.9805408120155334
    },
    {
      "view": 71,
      "psnr": 33.14607238769531,
      "lpips": 0.01611328125,
      "ssim": 0.9811895489692688
    },
    {
      "view": 72,
      "psnr": 33.407920837402344,
      "lpips": 0.017333984375,
      "ssim": 0.9822631478309631
    },
    {
      "view": 99,
      "psnr": 33.2789421081543,
      "lpips": 0.017333984375,
      "ssim": 0.9806477427482605
    }
  ]
}