{
  "summary": {
    "scene_name": "lightbulb_led_env_0",
    "psnr": 36.772003173828125,
    "lpips": 0.037353515625,
    "ssim": 0.9776336550712585
  },
  "per_view": [
    {
      "view": 35,
      "psnr": 36.41922378540039,
      "lpips": 0.037109375,
      "ssim": 0.976139485836029
    },
    {
      "view": 49,
      "psnr": 37.26080322265625,
      "lpips": 0.037109375,
      "ssim": 0.9783856868743896
    },
    {
      "view": 63,
      "psnr": 36.82613754272461,
      "lpips": 0.03759765625,
      "ssim": 0.9773040413856506
    },
    {
      "view": 68,
      "psnr": 36.58185577392578,
      "lpips": 0.037353515625,
      "ssim": 0.9787053465843201
    }
  ]
}