{
  "summary": {
    "scene_name": "lightbulb_01_white_env_0",
    "psnr": 32.491111755371094,
    "lpips": 0.04345703125,
    "ssim": 0.9643795490264893
  },
  "per_view": [
    {
      "view": 32,
      "psnr": 32.69395446777344,
      "lpips": 0.04296875,
      "ssim": 0.9599087238311768
    },
    {
      "view": 53,
      "psnr": 32.67448043823242,
      "lpips": 0.0458984375,
      "ssim": 0.9658992886543274
    },
    {
      "view": 65,
      "psnr": 32.37545394897461,
      "lpips": 0.042724609375,
      "ssim": 0.9664408564567566
    },
    {
      "view": 66,
      "psnr": 32.220558166503906,
      "lpips": 0.04248046875,
      "ssim": 0.9652693867683411
    }
  ]
}