{
  "summary": {
    "scene_name": "lightbulb_led_env_2",
    "psnr": 35.26793670654297,
    "lpips": 0.043701171875,
    "ssim": 0.9732059240341187
  },
  "per_view": [
    {
      "view": 35,
      "psnr": 35.12116622924805,
      "lpips": 0.042724609375,
      "ssim": 0.9718641638755798
    },
    {
      "view": 49,
      "psnr": 35.06759262084961,
      "lpips": 0.0458984375,
      "ssim": 0.9732439517974854
    },
    {
      "view": 63,
      "psnr": 35.5368537902832,
      "lpips": 0.042724609375,
      "ssim": 0.9741960167884827
    },
    {
      "view": 68,
      "psnr": 35.34613800048828,
      "lpips": 0.043701171875,
      "ssim": 0.9735196232795715
    }
  ]
}