{
  "summary": {
    "scene_name": "lightbulb_led_env_1",
    "psnr": 26.02027130126953,
    "lpips": 0.058349609375,
    "ssim": 0.9642177820205688
  },
  "per_view": [
    {
      "view": 35,
      "psnr": 24.497995376586914,
      "lpips": 0.0888671875,
      "ssim": 0.9453784823417664
    },
    {
      "view": 49,
      "psnr": 25.890411376953125,
      "lpips": 0.0625,
      "ssim": 0.9602975845336914
    },
    {
      "view": 63,
      "psnr": 26.77049446105957,
      "lpips": 0.043212890625,
      "ssim": 0.9748057723045349
    },
    {
      "view": 68,
      "psnr": 26.92218589782715,
      "lpips": 0.038818359375,
      "ssim": 0.9763891100883484
    }
  ]
}