{
  "summary": {
    "scene_name": "lightbulb_01_env_1",
    "psnr": 33.711212158203125,
    "lpips": 0.03271484375,
    "ssim": 0.972101628780365
  },
  "per_view": [
    {
      "view": 32,
      "psnr": 33.566375732421875,
      "lpips": 0.033447265625,
      "ssim": 0.968629777431488
    },
    {
      "view": 53,
      "psnr": 33.92474365234375,
      "lpips": 0.0341796875,
      "ssim": 0.9738891124725342
    },
    {
      "view": 65,
      "psnr": 33.74067687988281,
      "lpips": 0.031494140625,
      "ssim": 0.973353385925293
    },
    {
      "view": 66,
      "psnr": 33.61304473876953,
      "lpips": 0.0322265625,
      "ssim": 0.9725341200828552
    }
  ]
}