{
  "summary": {
    "scene_name": "lightbulb_led_white_env_0",
    "psnr": 23.251184463500977,
    "lpips": 0.061767578125,
    "ssim": 0.9240217208862305
  },
  "per_view": [
    {
      "view": 35,
      "psnr": 23.312700271606445,
      "lpips": 0.0625,
      "ssim": 0.9218758940696716
    },
    {
      "view": 49,
      "psnr": 23.793256759643555,
      "lpips": 0.06396484375,
      "ssim": 0.9241251945495605
    },
    {
      "view": 63,
      "psnr": 23.128721237182617,
      "lpips": 0.060791015625,
      "ssim": 0.9261155724525452
    },
    {
      "view": 68,
      "psnr": 22.770057678222656,
      "lpips": 0.059814453125,
      "ssim": 0.9239701628684998
    }
  ]
}