{
  "summary": {
    "scene_name": "lightbulb_01_env_2",
    "psnr": 32.24827575683594,
    "lpips": 0.03076171875,
    "ssim": 0.9810914993286133
  },
  "per_view": [
    {
      "view": 32,
      "psnr": 31.81603240966797,
      "lpips": 0.030029296875,
      "ssim": 0.9803628921508789
    },
    {
      "view": 53,
      "psnr": 31.028593063354492,
      "lpips": 0.03076171875,
      "ssim": 0.981161892414093
    },
    {
      "view": 65,
      "psnr": 32.963863372802734,
      "lpips": 0.03125,
      "ssim": 0.9813818335533142
    },
    {
      "view": 66,
      "psnr": 33.184600830078125,
      "lpips": 0.0308837890625,
      "ssim": 0.981459379196167
    }
  ]
}