{
  "summary": {
    "scene_name": "lightbulb_01_env_0",
    "psnr": 34.26480484008789,
    "lpips": 0.046875,
    "ssim": 0.966498851776123
  },
  "per_view": [
    {
      "view": 32,
      "psnr": 33.628536224365234,
      "lpips": 0.047119140625,
      "ssim": 0.964438259601593
    },
    {
      "view": 53,
      "psnr": 34.46719741821289,
      "lpips": 0.04443359375,
      "ssim": 0.9676575660705566
    },
    {
      "view": 65,
      "psnr": 34.522186279296875,
      "lpips": 0.04833984375,
      "ssim": 0.9671322703361511
    },
    {
      "view": 66,
      "psnr": 34.4412956237793,
      "lpips": 0.047607421875,
      "ssim": 0.9667674899101257
    }
  ]
}