{
  "summary": {
    "scene_name": "machete_env_0",
    "psnr": 41.90755081176758,
    "lpips": 0.0048828125,
    "ssim": 0.9984780550003052
  },
  "per_view": [
    {
      "view": 2,
      "psnr": 40.84162139892578,
      "lpips": 0.004119873046875,
      "ssim": 0.9983599185943604
    },
    {
      "view": 6,
      "psnr": 41.744022369384766,
      "lpips": 0.00390625,
      "ssim": 0.9986365437507629
    },
    {
      "view": 47,
      "psnr": 42.45704650878906,
      "lpips": 0.006561279296875,
      "ssim": 0.9977125525474548
    },
    {
      "view": 66,
      "psnr": 42.5875129699707,
      "lpips": 0.00494384765625,
      "ssim": 0.9992032647132874
    }
  ]
}