{
  "summary": {
    "scene_name": "machete_env_2",
    "psnr": 38.11017608642578,
    "lpips": 0.005859375,
    "ssim": 0.9969124794006348
  },
  "per_view": [
    {
      "view": 2,
      "psnr": 34.34917449951172,
      "lpips": 0.009033203125,
      "ssim": 0.9946833252906799
    },
    {
      "view": 6,
      "psnr": 34.68187713623047,
      "lpips": 0.008056640625,
      "ssim": 0.9958711266517639
    },
    {
      "view": 47,
      "psnr": 42.951778411865234,
      "lpips": 0.0035858154296875,
      "ssim": 0.998358964920044
    },
    {
      "view": 66,
      "psnr": 40.457881927490234,
      "lpips": 0.00274658203125,
      "ssim": 0.9987363219261169
    }
  ]
}