{
  "summary": {
    "scene_name": "machete_white_env_0",
    "psnr": 38.78195571899414,
    "lpips": 0.005706787109375,
    "ssim": 0.9965901374816895
  },
  "per_view": [
    {
      "view": 2,
      "psnr": 33.331180572509766,
      "lpips": 0.009033203125,
      "ssim": 0.9931204915046692
    },
    {
      "view": 6,
      "psnr": 34.3601188659668,
      "lpips": 0.0081787109375,
      "ssim": 0.9949684739112854
    },
    {
      "view": 47,
      "psnr": 45.08990478515625,
      "lpips": 0.002227783203125,
      "ssim": 0.9990191459655762
    },
    {
      "view": 66,
      "psnr": 42.346614837646484,
      "lpips": 0.003387451171875,
      "ssim": 0.9992526173591614
    }
  ]
}