{
  "summary": {
    "scene_name": "machete_env_1",
    "psnr": 36.07672882080078,
    "lpips": 0.0081787109375,
    "ssim": 0.9955395460128784
  },
  "per_view": [
    {
      "view": 2,
      "psnr": 38.9636344909668,
      "lpips": 0.00738525390625,
      "ssim": 0.996220052242279
    },
    {
      "view": 6,
      "psnr": 37.68418502807617,
      "lpips": 0.00775146484375,
      "ssim": 0.996273934841156
    },
    {
      "view": 47,
      "psnr": 35.59292984008789,
      "lpips": 0.00909423828125,
      "ssim": 0.9942314028739929
    },
    {
      "view": 66,
      "psnr": 32.066165924072266,
      "lpips": 0.0084228515625,
      "ssim": 0.9954326748847961
    }
  ]
}