{
  "summary": {
    "scene_name": "magnifying_glass_01_env_1",
    "psnr": 28.95009994506836,
    "lpips": 0.0291748046875,
    "ssim": 0.9632435441017151
  },
  "per_view": [
    {
      "view": 43,
      "psnr": 32.70576858520508,
      "lpips": 0.018798828125,
      "ssim": 0.980414092540741
    },
    {
      "view": 44,
      "psnr": 33.65462875366211,
      "lpips": 0.0159912109375,
      "ssim": 0.9829989075660706
    },
    {
      "view": 53,
      "psnr": 32.50309371948242,
      "lpips": 0.01055908203125,
      "ssim": 0.986518383026123
    },
    {
      "view": 57,
      "psnr": 16.93691062927246,
      "lpips": 0.0712890625,
      "ssim": 0.9030427932739258
    }
  ]
}