{
  "summary": {
    "scene_name": "magnifying_glass_01_env_0",
    "psnr": 30.596904754638672,
    "lpips": 0.02490234375,
    "ssim": 0.9707081317901611
  },
  "per_view": [
    {
      "view": 43,
      "psnr": 31.94170379638672,
      "lpips": 0.019775390625,
      "ssim": 0.981137216091156
    },
    {
      "view": 44,
      "psnr": 33.71598815917969,
      "lpips": 0.017578125,
      "ssim": 0.9835066199302673
    },
    {
      "view": 53,
      "psnr": 38.569522857666016,
      "lpips": 0.00628662109375,
      "ssim": 0.9947304129600525
    },
    {
      "view": 57,
      "psnr": 18.16040802001953,
      "lpips": 0.05615234375,
      "ssim": 0.9234583973884583
    }
  ]
}