{
  "summary": {
    "scene_name": "magnifying_glass_01_env_2",
    "psnr": 28.099227905273438,
    "lpips": 0.023681640625,
    "ssim": 0.9735302329063416
  },
  "per_view": [
    {
      "view": 43,
      "psnr": 28.355989456176758,
      "lpips": 0.0211181640625,
      "ssim": 0.9799656867980957
    },
    {
      "view": 44,
      "psnr": 29.725839614868164,
      "lpips": 0.01708984375,
      "ssim": 0.9832260012626648
    },
    {
      "view": 53,
      "psnr": 34.65632247924805,
      "lpips": 0.0067138671875,
      "ssim": 0.9925267100334167
    },
    {
      "view": 57,
      "psnr": 19.658763885498047,
      "lpips": 0.0498046875,
      "ssim": 0.9384024739265442
    }
  ]
}