{
  "summary": {
    "scene_name": "mantel_clock_01_white_env_0",
    "psnr": 38.357940673828125,
    "lpips": 0.00958251953125,
    "ssim": 0.9925220012664795
  },
  "per_view": [
    {
      "view": 27,
      "psnr": 40.69347381591797,
      "lpips": 0.00653076171875,
      "ssim": 0.9957146048545837
    },
    {
      "view": 29,
      "psnr": 40.6484375,
      "lpips": 0.0072021484375,
      "ssim": 0.9957454800605774
    },
    {
      "view": 53,
      "psnr": 39.7887077331543,
      "lpips": 0.0078125,
      "ssim": 0.9937713742256165
    },
    {
      "view": 69,
      "psnr": 32.30113983154297,
      "lpips": 0.016845703125,
      "ssim": 0.9848566651344299
    }
  ]
}