{
  "summary": {
    "scene_name": "mantel_clock_01_env_0",
    "psnr": 37.40908432006836,
    "lpips": 0.00946044921875,
    "ssim": 0.9916669130325317
  },
  "per_view": [
    {
      "view": 27,
      "psnr": 38.14558029174805,
      "lpips": 0.0086669921875,
      "ssim": 0.993341863155365
    },
    {
      "view": 29,
      "psnr": 38.16002655029297,
      "lpips": 0.0084228515625,
      "ssim": 0.9931351542472839
    },
    {
      "view": 53,
      "psnr": 37.45957946777344,
      "lpips": 0.0118408203125,
      "ssim": 0.990533173084259
    },
    {
      "view": 69,
      "psnr": 35.871158599853516,
      "lpips": 0.0089111328125,
      "ssim": 0.9896573424339294
    }
  ]
}