{
  "summary": {
    "scene_name": "mantel_clock_01_env_1",
    "psnr": 40.707733154296875,
    "lpips": 0.00885009765625,
    "ssim": 0.9946551322937012
  },
  "per_view": [
    {
      "view": 27,
      "psnr": 43.21822738647461,
      "lpips": 0.0081787109375,
      "ssim": 0.9963198304176331
    },
    {
      "view": 29,
      "psnr": 43.15593338012695,
      "lpips": 0.00677490234375,
      "ssim": 0.9961078763008118
    },
    {
      "view": 53,
      "psnr": 39.255088806152344,
      "lpips": 0.0101318359375,
      "ssim": 0.9939117431640625
    },
    {
      "view": 69,
      "psnr": 37.201690673828125,
      "lpips": 0.01025390625,
      "ssim": 0.992280900478363
    }
  ]
}