{
  "summary": {
    "scene_name": "mantel_clock_01_env_2",
    "psnr": 39.88562774658203,
    "lpips": 0.01025390625,
    "ssim": 0.9938395023345947
  },
  "per_view": [
    {
      "view": 27,
      "psnr": 41.60804748535156,
      "lpips": 0.0084228515625,
      "ssim": 0.9960920214653015
    },
    {
      "view": 29,
      "psnr": 41.420143127441406,
      "lpips": 0.00848388671875,
      "ssim": 0.9959439635276794
    },
    {
      "view": 53,
      "psnr": 39.37376403808594,
      "lpips": 0.01025390625,
      "ssim": 0.993264377117157
    },
    {
      "view": 69,
      "psnr": 37.14056396484375,
      "lpips": 0.0137939453125,
      "ssim": 0.9900575280189514
    }
  ]
}