{
  "summary": {
    "scene_name": "marble_bust_01_env_0",
    "psnr": 30.62755012512207,
    "lpips": 0.04931640625,
    "ssim": 0.9566900134086609
  },
  "per_view": [
    {
      "view": 29,
      "psnr": 31.563072204589844,
      "lpips": 0.04248046875,
      "ssim": 0.9613017439842224
    },
    {
      "view": 36,
      "psnr": 29.90758514404297,
      "lpips": 0.0458984375,
      "ssim": 0.9602473378181458
    },
    {
      "view": 41,
      "psnr": 28.6803035736084,
      "lpips": 0.05322265625,
      "ssim": 0.9544873237609863
    },
    {
      "view": 92,
      "psnr": 32.3592414855957,
      "lpips": 0.0556640625,
      "ssim": 0.9507236480712891
    }
  ]
}