{
  "summary": {
    "scene_name": "marble_bust_01_white_env_0",
    "psnr": 33.64757537841797,
    "lpips": 0.041015625,
    "ssim": 0.9585832357406616
  },
  "per_view": [
    {
      "view": 29,
      "psnr": 35.242897033691406,
      "lpips": 0.0419921875,
      "ssim": 0.9628259539604187
    },
    {
      "view": 36,
      "psnr": 34.06591796875,
      "lpips": 0.035888671875,
      "ssim": 0.9614860415458679
    },
    {
      "view": 41,
      "psnr": 32.94580078125,
      "lpips": 0.044189453125,
      "ssim": 0.9567985534667969
    },
    {
      "view": 92,
      "psnr": 32.335693359375,
      "lpips": 0.04248046875,
      "ssim": 0.9532222747802734
    }
  ]
}