{
  "summary": {
    "scene_name": "marble_bust_01_env_1",
    "psnr": 28.98915672302246,
    "lpips": 0.0517578125,
    "ssim": 0.9337865710258484
  },
  "per_view": [
    {
      "view": 29,
      "psnr": 29.360504150390625,
      "lpips": 0.048828125,
      "ssim": 0.9441534876823425
    },
    {
      "view": 36,
      "psnr": 30.1911563873291,
      "lpips": 0.0498046875,
      "ssim": 0.9383872151374817
    },
    {
      "view": 41,
      "psnr": 28.874855041503906,
      "lpips": 0.052490234375,
      "ssim": 0.9304483532905579
    },
    {
      "view": 92,
      "psnr": 27.530113220214844,
      "lpips": 0.0556640625,
      "ssim": 0.9221572875976562
    }
  ]
}