{
  "summary": {
    "scene_name": "marble_bust_01_env_2",
    "psnr": 27.78118133544922,
    "lpips": 0.0546875,
    "ssim": 0.9317129850387573
  },
  "per_view": [
    {
      "view": 29,
      "psnr": 29.600675582885742,
      "lpips": 0.0517578125,
      "ssim": 0.9463555216789246
    },
    {
      "view": 36,
      "psnr": 27.916719436645508,
      "lpips": 0.052001953125,
      "ssim": 0.938347578048706
    },
    {
      "view": 41,
      "psnr": 26.61989402770996,
      "lpips": 0.053466796875,
      "ssim": 0.9284952282905579
    },
    {
      "view": 92,
      "psnr": 26.98744010925293,
      "lpips": 0.061279296875,
      "ssim": 0.9136534333229065
    }
  ]
}