{
  "summary": {
    "scene_name": "measuring_tape_01_white_env_0",
    "psnr": 37.355411529541016,
    "lpips": 0.0096435546875,
    "ssim": 0.9893847703933716
  },
  "per_view": [
    {
      "view": 42,
      "psnr": 38.69537353515625,
      "lpips": 0.0087890625,
      "ssim": 0.9904401898384094
    },
    {
      "view": 52,
      "psnr": 37.755958557128906,
      "lpips": 0.01019287109375,
      "ssim": 0.9880684018135071
    },
    {
      "view": 70,
      "psnr": 36.20594787597656,
      "lpips": 0.00799560546875,
      "ssim": 0.9899598956108093
    },
    {
      "view": 86,
      "psnr": 36.764366149902344,
      "lpips": 0.011474609375,
      "ssim": 0.98907071352005
    }
  ]
}