{
  "summary": {
    "scene_name": "measuring_tape_01_env_1",
    "psnr": 35.82082748413086,
    "lpips": 0.0126953125,
    "ssim": 0.9876528978347778
  },
  "per_view": [
    {
      "view": 42,
      "psnr": 38.235286712646484,
      "lpips": 0.0107421875,
      "ssim": 0.9909622073173523
    },
    {
      "view": 52,
      "psnr": 36.70981216430664,
      "lpips": 0.0115966796875,
      "ssim": 0.989056408405304
    },
    {
      "view": 70,
      "psnr": 33.61421203613281,
      "lpips": 0.009521484375,
      "ssim": 0.9871037006378174
    },
    {
      "view": 86,
      "psnr": 34.724002838134766,
      "lpips": 0.018798828125,
      "ssim": 0.9834893345832825
    }
  ]
}