{
  "summary": {
    "scene_name": "measuring_tape_01_env_2",
    "psnr": 37.48539733886719,
    "lpips": 0.0113525390625,
    "ssim": 0.9898643493652344
  },
  "per_view": [
    {
      "view": 42,
      "psnr": 38.56901168823242,
      "lpips": 0.01080322265625,
      "ssim": 0.9919939041137695
    },
    {
      "view": 52,
      "psnr": 36.541629791259766,
      "lpips": 0.01171875,
      "ssim": 0.9895866513252258
    },
    {
      "view": 70,
      "psnr": 37.9732666015625,
      "lpips": 0.010009765625,
      "ssim": 0.9901445508003235
    },
    {
      "view": 86,
      "psnr": 36.85768127441406,
      "lpips": 0.0128173828125,
      "ssim": 0.9877322316169739
    }
  ]
}