{
  "summary": {
    "scene_name": "measuring_tape_01_env_0",
    "psnr": 35.584617614746094,
    "lpips": 0.01104736328125,
    "ssim": 0.9885398149490356
  },
  "per_view": [
    {
      "view": 42,
      "psnr": 37.30328369140625,
      "lpips": 0.01043701171875,
      "ssim": 0.9912590980529785
    },
    {
      "view": 52,
      "psnr": 35.38749313354492,
      "lpips": 0.0101318359375,
      "ssim": 0.9893158078193665
    },
    {
      "view": 70,
      "psnr": 34.03546905517578,
      "lpips": 0.0107421875,
      "ssim": 0.9880712628364563
    },
    {
      "view": 86,
      "psnr": 35.612213134765625,
      "lpips": 0.01287841796875,
      "ssim": 0.9855132102966309
    }
  ]
}