{
  "summary": {
    "scene_name": "Megaphone_01_env_1",
    "psnr": 30.501514434814453,
    "lpips": 0.032958984375,
    "ssim": 0.9584689736366272
  },
  "per_view": [
    {
      "view": 51,
      "psnr": 34.080989837646484,
      "lpips": 0.0245361328125,
      "ssim": 0.9665415287017822
    },
    {
      "view": 53,
      "psnr": 33.58668899536133,
      "lpips": 0.0252685546875,
      "ssim": 0.9633727073669434
    },
    {
      "view": 64,
      "psnr": 29.658977508544922,
      "lpips": 0.031982421875,
      "ssim": 0.9661644101142883
    },
    {
      "view": 66,
      "psnr": 24.679401397705078,
      "lpips": 0.0498046875,
      "ssim": 0.9377972483634949
    }
  ]
}