{
  "summary": {
    "scene_name": "Megaphone_01_env_2",
    "psnr": 24.964731216430664,
    "lpips": 0.050537109375,
    "ssim": 0.9470544457435608
  },
  "per_view": [
    {
      "view": 51,
      "psnr": 27.771472930908203,
      "lpips": 0.04052734375,
      "ssim": 0.9681386351585388
    },
    {
      "view": 53,
      "psnr": 26.634906768798828,
      "lpips": 0.039794921875,
      "ssim": 0.9637477397918701
    },
    {
      "view": 64,
      "psnr": 25.350692749023438,
      "lpips": 0.0458984375,
      "ssim": 0.9573979377746582
    },
    {
      "view": 66,
      "psnr": 20.101850509643555,
      "lpips": 0.076171875,
      "ssim": 0.8989333510398865
    }
  ]
}