{
  "summary": {
    "scene_name": "Megaphone_01_env_0",
    "psnr": 29.84539794921875,
    "lpips": 0.032470703125,
    "ssim": 0.9637121558189392
  },
  "per_view": [
    {
      "view": 51,
      "psnr": 33.412925720214844,
      "lpips": 0.0223388671875,
      "ssim": 0.9790586829185486
    },
    {
      "view": 53,
      "psnr": 32.56318283081055,
      "lpips": 0.0230712890625,
      "ssim": 0.9786489605903625
    },
    {
      "view": 64,
      "psnr": 29.022769927978516,
      "lpips": 0.032470703125,
      "ssim": 0.9634566307067871
    },
    {
      "view": 66,
      "psnr": 24.382715225219727,
      "lpips": 0.05224609375,
      "ssim": 0.9336843490600586
    }
  ]
}