{
  "summary": {
    "scene_name": "Megaphone_01_white_env_0",
    "psnr": 31.638736724853516,
    "lpips": 0.035888671875,
    "ssim": 0.9647390842437744
  },
  "per_view": [
    {
      "view": 51,
      "psnr": 35.15206527709961,
      "lpips": 0.0228271484375,
      "ssim": 0.9838090538978577
    },
    {
      "view": 53,
      "psnr": 34.66309356689453,
      "lpips": 0.024169921875,
      "ssim": 0.9826390743255615
    },
    {
      "view": 64,
      "psnr": 33.0193977355957,
      "lpips": 0.03271484375,
      "ssim": 0.9724650979042053
    },
    {
      "view": 66,
      "psnr": 23.72039031982422,
      "lpips": 0.0634765625,
      "ssim": 0.9200431704521179
    }
  ]
}