{
  "summary": {
    "scene_name": "metal_trash_can_white_env_0",
    "psnr": 32.060333251953125,
    "lpips": 0.026611328125,
    "ssim": 0.9618182182312012
  },
  "per_view": [
    {
      "view": 22,
      "psnr": 33.50038146972656,
      "lpips": 0.021484375,
      "ssim": 0.9699029922485352
    },
    {
      "view": 38,
      "psnr": 31.093006134033203,
      "lpips": 0.034912109375,
      "ssim": 0.950848400592804
    },
    {
      "view": 51,
      "psnr": 31.744293212890625,
      "lpips": 0.02294921875,
      "ssim": 0.9659342169761658
    },
    {
      "view": 99,
      "psnr": 31.903650283813477,
      "lpips": 0.02734375,
      "ssim": 0.9605874419212341
    }
  ]
}