{
  "summary": {
    "scene_name": "metal_tool_chest_env_2",
    "psnr": 25.67165756225586,
    "lpips": 0.0322265625,
    "ssim": 0.9561842679977417
  },
  "per_view": [
    {
      "view": 55,
      "psnr": 26.545272827148438,
      "lpips": 0.0274658203125,
      "ssim": 0.9613804817199707
    },
    {
      "view": 57,
      "psnr": 25.632049560546875,
      "lpips": 0.024658203125,
      "ssim": 0.9581465721130371
    },
    {
      "view": 61,
      "psnr": 25.45358657836914,
      "lpips": 0.03369140625,
      "ssim": 0.9547481536865234
    },
    {
      "view": 77,
      "psnr": 25.055723190307617,
      "lpips": 0.04345703125,
      "ssim": 0.9504618048667908
    }
  ]
}