{
  "summary": {
    "scene_name": "metal_trash_can_env_0",
    "psnr": 32.65519714355469,
    "lpips": 0.028076171875,
    "ssim": 0.9687722325325012
  },
  "per_view": [
    {
      "view": 22,
      "psnr": 34.1292610168457,
      "lpips": 0.019775390625,
      "ssim": 0.976020097732544
    },
    {
      "view": 38,
      "psnr": 31.570127487182617,
      "lpips": 0.034912109375,
      "ssim": 0.9576433300971985
    },
    {
      "view": 51,
      "psnr": 33.48282241821289,
      "lpips": 0.028076171875,
      "ssim": 0.9710357189178467
    },
    {
      "view": 99,
      "psnr": 31.43857192993164,
      "lpips": 0.02978515625,
      "ssim": 0.9703897833824158
    }
  ]
}