{
  "summary": {
    "scene_name": "metal_trash_can_env_2",
    "psnr": 31.047473907470703,
    "lpips": 0.024658203125,
    "ssim": 0.9682092666625977
  },
  "per_view": [
    {
      "view": 22,
      "psnr": 32.16071701049805,
      "lpips": 0.0181884765625,
      "ssim": 0.979120671749115
    },
    {
      "view": 38,
      "psnr": 28.391218185424805,
      "lpips": 0.0306396484375,
      "ssim": 0.9519484043121338
    },
    {
      "view": 51,
      "psnr": 29.486753463745117,
      "lpips": 0.0233154296875,
      "ssim": 0.967108964920044
    },
    {
      "view": 99,
      "psnr": 34.15121078491211,
      "lpips": 0.0262451171875,
      "ssim": 0.9746589660644531
    }
  ]
}