{
  "summary": {
    "scene_name": "metal_tool_chest_env_1",
    "psnr": 27.103763580322266,
    "lpips": 0.033203125,
    "ssim": 0.94249427318573
  },
  "per_view": [
    {
      "view": 55,
      "psnr": 26.853797912597656,
      "lpips": 0.0250244140625,
      "ssim": 0.9517473578453064
    },
    {
      "view": 57,
      "psnr": 27.88955307006836,
      "lpips": 0.0281982421875,
      "ssim": 0.9513222575187683
    },
    {
      "view": 61,
      "psnr": 27.800365447998047,
      "lpips": 0.03271484375,
      "ssim": 0.9440252184867859
    },
    {
      "view": 77,
      "psnr": 25.871337890625,
      "lpips": 0.046630859375,
      "ssim": 0.9228823184967041
    }
  ]
}