{
  "summary": {
    "scene_name": "metal_trash_can_env_1",
    "psnr": 26.87256622314453,
    "lpips": 0.033935546875,
    "ssim": 0.9518477320671082
  },
  "per_view": [
    {
      "view": 22,
      "psnr": 28.510902404785156,
      "lpips": 0.027587890625,
      "ssim": 0.9624965786933899
    },
    {
      "view": 38,
      "psnr": 26.54401969909668,
      "lpips": 0.04638671875,
      "ssim": 0.9369639754295349
    },
    {
      "view": 51,
      "psnr": 27.191444396972656,
      "lpips": 0.0311279296875,
      "ssim": 0.9583873748779297
    },
    {
      "view": 99,
      "psnr": 25.243900299072266,
      "lpips": 0.0303955078125,
      "ssim": 0.9495430588722229
    }
  ]
}