{
  "summary": {
    "scene_name": "metal_tool_chest_env_0",
    "psnr": 29.607975006103516,
    "lpips": 0.030517578125,
    "ssim": 0.9481726288795471
  },
  "per_view": [
    {
      "view": 55,
      "psnr": 28.737266540527344,
      "lpips": 0.024169921875,
      "ssim": 0.9535439610481262
    },
    {
      "view": 57,
      "psnr": 29.972684860229492,
      "lpips": 0.0255126953125,
      "ssim": 0.9508016109466553
    },
    {
      "view": 61,
      "psnr": 30.360212326049805,
      "lpips": 0.024169921875,
      "ssim": 0.9496221542358398
    },
    {
      "view": 77,
      "psnr": 29.36173439025879,
      "lpips": 0.048095703125,
      "ssim": 0.9387227892875671
    }
  ]
}