{
  "summary": {
    "scene_name": "metal_tool_chest_white_env_0",
    "psnr": 31.114593505859375,
    "lpips": 0.0218505859375,
    "ssim": 0.96884685754776
  },
  "per_view": [
    {
      "view": 55,
      "psnr": 30.808860778808594,
      "lpips": 0.0185546875,
      "ssim": 0.9717085361480713
    },
    {
      "view": 57,
      "psnr": 31.68960952758789,
      "lpips": 0.0201416015625,
      "ssim": 0.9714295864105225
    },
    {
      "view": 61,
      "psnr": 30.9222412109375,
      "lpips": 0.02294921875,
      "ssim": 0.9658346772193909
    },
    {
      "view": 77,
      "psnr": 31.03765869140625,
      "lpips": 0.02587890625,
      "ssim": 0.9664146304130554
    }
  ]
}