{
  "summary": {
    "scene_name": "modern_coffee_table_02_env_0",
    "psnr": 25.92743492126465,
    "lpips": 0.08154296875,
    "ssim": 0.9257961511611938
  },
  "per_view": [
    {
      "view": 45,
      "psnr": 26.631832122802734,
      "lpips": 0.099609375,
      "ssim": 0.9127808213233948
    },
    {
      "view": 66,
      "psnr": 27.633817672729492,
      "lpips": 0.06591796875,
      "ssim": 0.9232504367828369
    },
    {
      "view": 84,
      "psnr": 20.16492462158203,
      "lpips": 0.09814453125,
      "ssim": 0.9095132946968079
    },
    {
      "view": 95,
      "psnr": 29.27916717529297,
      "lpips": 0.06298828125,
      "ssim": 0.9576401710510254
    }
  ]
}