{
  "summary": {
    "scene_name": "modern_arm_chair_01_env_1",
    "psnr": 16.585153579711914,
    "lpips": 0.1298828125,
    "ssim": 0.8343713283538818
  },
  "per_view": [
    {
      "view": 13,
      "psnr": 21.599529266357422,
      "lpips": 0.0888671875,
      "ssim": 0.9021286368370056
    },
    {
      "view": 16,
      "psnr": 13.941222190856934,
      "lpips": 0.1669921875,
      "ssim": 0.7638401985168457
    },
    {
      "view": 18,
      "psnr": 15.811853408813477,
      "lpips": 0.11767578125,
      "ssim": 0.8459404110908508
    },
    {
      "view": 25,
      "psnr": 14.98801040649414,
      "lpips": 0.146484375,
      "ssim": 0.82557612657547
    }
  ]
}