{
  "summary": {
    "scene_name": "modern_coffee_table_02_env_2",
    "psnr": 25.08946418762207,
    "lpips": 0.078125,
    "ssim": 0.9223586320877075
  },
  "per_view": [
    {
      "view": 45,
      "psnr": 26.84481430053711,
      "lpips": 0.08154296875,
      "ssim": 0.930518627166748
    },
    {
      "view": 66,
      "psnr": 25.29067611694336,
      "lpips": 0.0732421875,
      "ssim": 0.9064438939094543
    },
    {
      "view": 84,
      "psnr": 19.757583618164062,
      "lpips": 0.0947265625,
      "ssim": 0.9085267186164856
    },
    {
      "view": 95,
      "psnr": 28.46478271484375,
      "lpips": 0.06201171875,
      "ssim": 0.9439454674720764
    }
  ]
}