{
  "summary": {
    "scene_name": "modern_ceiling_lamp_01_env_2",
    "psnr": 20.516891479492188,
    "lpips": 0.051513671875,
    "ssim": 0.9455204010009766
  },
  "per_view": [
    {
      "view": 45,
      "psnr": 21.6800479888916,
      "lpips": 0.0390625,
      "ssim": 0.9621184468269348
    },
    {
      "view": 46,
      "psnr": 22.21062469482422,
      "lpips": 0.035888671875,
      "ssim": 0.9651835560798645
    },
    {
      "view": 54,
      "psnr": 19.702030181884766,
      "lpips": 0.064453125,
      "ssim": 0.9302825331687927
    },
    {
      "view": 55,
      "psnr": 18.47486686706543,
      "lpips": 0.06689453125,
      "ssim": 0.9244969487190247
    }
  ]
}