{
  "summary": {
    "scene_name": "modern_coffee_table_02_white_env_0",
    "psnr": 28.082006454467773,
    "lpips": 0.0556640625,
    "ssim": 0.9462957382202148
  },
  "per_view": [
    {
      "view": 45,
      "psnr": 30.604175567626953,
      "lpips": 0.048095703125,
      "ssim": 0.9532999396324158
    },
    {
      "view": 66,
      "psnr": 27.73389434814453,
      "lpips": 0.0517578125,
      "ssim": 0.9369074702262878
    },
    {
      "view": 84,
      "psnr": 28.104936599731445,
      "lpips": 0.05224609375,
      "ssim": 0.9519696235656738
    },
    {
      "view": 95,
      "psnr": 25.885019302368164,
      "lpips": 0.07080078125,
      "ssim": 0.9430060386657715
    }
  ]
}