{
  "summary": {
    "scene_name": "modern_coffee_table_01_env_0",
    "psnr": 27.157608032226562,
    "lpips": 0.0242919921875,
    "ssim": 0.9740690588951111
  },
  "per_view": [
    {
      "view": 1,
      "psnr": 26.002853393554688,
      "lpips": 0.026123046875,
      "ssim": 0.9707712531089783
    },
    {
      "view": 61,
      "psnr": 27.158855438232422,
      "lpips": 0.024658203125,
      "ssim": 0.9751901626586914
    },
    {
      "view": 68,
      "psnr": 27.81424331665039,
      "lpips": 0.024169921875,
      "ssim": 0.9752305150032043
    },
    {
      "view": 81,
      "psnr": 27.654476165771484,
      "lpips": 0.0220947265625,
      "ssim": 0.9750842452049255
    }
  ]
}