{
  "summary": {
    "scene_name": "modern_coffee_table_01_env_2",
    "psnr": 25.203962326049805,
    "lpips": 0.029052734375,
    "ssim": 0.9671809673309326
  },
  "per_view": [
    {
      "view": 1,
      "psnr": 25.53801727294922,
      "lpips": 0.032958984375,
      "ssim": 0.9655637741088867
    },
    {
      "view": 61,
      "psnr": 24.691184997558594,
      "lpips": 0.031005859375,
      "ssim": 0.9662286639213562
    },
    {
      "view": 68,
      "psnr": 24.860637664794922,
      "lpips": 0.028076171875,
      "ssim": 0.96685791015625
    },
    {
      "view": 81,
      "psnr": 25.726011276245117,
      "lpips": 0.02392578125,
      "ssim": 0.970073401927948
    }
  ]
}