{
  "summary": {
    "scene_name": "modern_arm_chair_01_env_0",
    "psnr": 16.89254379272461,
    "lpips": 0.1298828125,
    "ssim": 0.8402743339538574
  },
  "per_view": [
    {
      "view": 13,
      "psnr": 21.33045196533203,
      "lpips": 0.111328125,
      "ssim": 0.8743091225624084
    },
    {
      "view": 16,
      "psnr": 14.020795822143555,
      "lpips": 0.162109375,
      "ssim": 0.7684709429740906
    },
    {
      "view": 18,
      "psnr": 15.572233200073242,
      "lpips": 0.1181640625,
      "ssim": 0.8485477566719055
    },
    {
      "view": 25,
      "psnr": 16.64669418334961,
      "lpips": 0.12890625,
      "ssim": 0.8697693943977356
    }
  ]
}