{
  "summary": {
    "scene_name": "modern_arm_chair_01_env_2",
    "psnr": 16.776395797729492,
    "lpips": 0.13671875,
    "ssim": 0.8143642544746399
  },
  "per_view": [
    {
      "view": 13,
      "psnr": 21.39451026916504,
      "lpips": 0.1103515625,
      "ssim": 0.8698897957801819
    },
    {
      "view": 16,
      "psnr": 13.951415061950684,
      "lpips": 0.1640625,
      "ssim": 0.7429389357566833
    },
    {
      "view": 18,
      "psnr": 16.202129364013672,
      "lpips": 0.1171875,
      "ssim": 0.8333047032356262
    },
    {
      "view": 25,
      "psnr": 15.55752944946289,
      "lpips": 0.1572265625,
      "ssim": 0.8113236427307129
    }
  ]
}