{
  "summary": {
    "scene_name": "modern_ceiling_lamp_01_white_env_0",
    "psnr": 20.16649055480957,
    "lpips": 0.052734375,
    "ssim": 0.9413526058197021
  },
  "per_view": [
    {
      "view": 45,
      "psnr": 22.019390106201172,
      "lpips": 0.03955078125,
      "ssim": 0.9598860144615173
    },
    {
      "view": 46,
      "psnr": 21.959278106689453,
      "lpips": 0.03857421875,
      "ssim": 0.9601931571960449
    },
    {
      "view": 54,
      "psnr": 18.72517204284668,
      "lpips": 0.06591796875,
      "ssim": 0.9245988726615906
    },
    {
      "view": 55,
      "psnr": 17.962120056152344,
      "lpips": 0.06640625,
      "ssim": 0.9207322001457214
    }
  ]
}