{
  "summary": {
    "scene_name": "modern_ceiling_lamp_01_env_0",
    "psnr": 31.077028274536133,
    "lpips": 0.032470703125,
    "ssim": 0.9780364036560059
  },
  "per_view": [
    {
      "view": 45,
      "psnr": 33.46541213989258,
      "lpips": 0.024169921875,
      "ssim": 0.9900452494621277
    },
    {
      "view": 46,
      "psnr": 33.88818359375,
      "lpips": 0.0211181640625,
      "ssim": 0.9915582537651062
    },
    {
      "view": 54,
      "psnr": 30.498592376708984,
      "lpips": 0.03564453125,
      "ssim": 0.9762087464332581
    },
    {
      "view": 55,
      "psnr": 26.4559268951416,
      "lpips": 0.04931640625,
      "ssim": 0.9543333053588867
    }
  ]
}