{
  "summary": {
    "scene_name": "modern_coffee_table_02_env_1",
    "psnr": 24.88856315612793,
    "lpips": 0.08447265625,
    "ssim": 0.9104305505752563
  },
  "per_view": [
    {
      "view": 45,
      "psnr": 27.20702362060547,
      "lpips": 0.05712890625,
      "ssim": 0.9124793410301208
    },
    {
      "view": 66,
      "psnr": 17.794527053833008,
      "lpips": 0.11328125,
      "ssim": 0.8701526522636414
    },
    {
      "view": 84,
      "psnr": 26.908966064453125,
      "lpips": 0.0615234375,
      "ssim": 0.9326134324073792
    },
    {
      "view": 95,
      "psnr": 27.64373779296875,
      "lpips": 0.10546875,
      "ssim": 0.9264766573905945
    }
  ]
}