{
  "summary": {
    "scene_name": "modern_ceiling_lamp_01_env_1",
    "psnr": 31.421070098876953,
    "lpips": 0.0299072265625,
    "ssim": 0.979844331741333
  },
  "per_view": [
    {
      "view": 45,
      "psnr": 33.4690055847168,
      "lpips": 0.02197265625,
      "ssim": 0.9905921816825867
    },
    {
      "view": 46,
      "psnr": 34.03145217895508,
      "lpips": 0.0203857421875,
      "ssim": 0.9918600916862488
    },
    {
      "view": 54,
      "psnr": 30.895326614379883,
      "lpips": 0.03076171875,
      "ssim": 0.9788466095924377
    },
    {
      "view": 55,
      "psnr": 27.288496017456055,
      "lpips": 0.04638671875,
      "ssim": 0.9580785632133484
    }
  ]
}