{
  "summary": {
    "scene_name": "modern_arm_chair_01_white_env_0",
    "psnr": 17.400981903076172,
    "lpips": 0.1328125,
    "ssim": 0.8439433574676514
  },
  "per_view": [
    {
      "view": 13,
      "psnr": 22.411357879638672,
      "lpips": 0.10498046875,
      "ssim": 0.8780927658081055
    },
    {
      "view": 16,
      "psnr": 14.657191276550293,
      "lpips": 0.1640625,
      "ssim": 0.7833897471427917
    },
    {
      "view": 18,
      "psnr": 15.589146614074707,
      "lpips": 0.1396484375,
      "ssim": 0.8300933837890625
    },
    {
      "view": 25,
      "psnr": 16.94622802734375,
      "lpips": 0.1240234375,
      "ssim": 0.8841975331306458
    }
  ]
}