{
  "summary": {
    "scene_name": "modern_coffee_table_01_white_env_0",
    "psnr": 32.138816833496094,
    "lpips": 0.0283203125,
    "ssim": 0.9732128977775574
  },
  "per_view": [
    {
      "view": 1,
      "psnr": 30.784061431884766,
      "lpips": 0.037109375,
      "ssim": 0.9638828635215759
    },
    {
      "view": 61,
      "psnr": 34.65922546386719,
      "lpips": 0.025146484375,
      "ssim": 0.9819254875183105
    },
    {
      "view": 68,
      "psnr": 31.39464569091797,
      "lpips": 0.026611328125,
      "ssim": 0.9765336513519287
    },
    {
      "view": 81,
      "psnr": 31.717330932617188,
      "lpips": 0.0244140625,
      "ssim": 0.9705095887184143
    }
  ]
}