{
  "summary": {
    "scene_name": "modern_coffee_table_01_env_1",
    "psnr": 30.001237869262695,
    "lpips": 0.03173828125,
    "ssim": 0.9678338170051575
  },
  "per_view": [
    {
      "view": 1,
      "psnr": 32.79684829711914,
      "lpips": 0.04052734375,
      "ssim": 0.9669405817985535
    },
    {
      "view": 61,
      "psnr": 29.343111038208008,
      "lpips": 0.027099609375,
      "ssim": 0.9743497967720032
    },
    {
      "view": 68,
      "psnr": 28.64055633544922,
      "lpips": 0.0303955078125,
      "ssim": 0.9689972400665283
    },
    {
      "view": 81,
      "psnr": 29.224435806274414,
      "lpips": 0.0286865234375,
      "ssim": 0.9610476493835449
    }
  ]
}