{
  "summary": {
    "scene_name": "mousetrap_env_2",
    "psnr": 26.435659408569336,
    "lpips": 0.048828125,
    "ssim": 0.9257665872573853
  },
  "per_view": [
    {
      "view": 37,
      "psnr": 27.18081283569336,
      "lpips": 0.050048828125,
      "ssim": 0.9293875694274902
    },
    {
      "view": 53,
      "psnr": 26.500242233276367,
      "lpips": 0.0478515625,
      "ssim": 0.9235181212425232
    },
    {
      "view": 59,
      "psnr": 26.439037322998047,
      "lpips": 0.048095703125,
      "ssim": 0.9258701801300049
    },
    {
      "view": 98,
      "psnr": 25.622547149658203,
      "lpips": 0.048828125,
      "ssim": 0.9242904782295227
    }
  ]
}