{
  "summary": {
    "scene_name": "mousetrap_env_0",
    "psnr": 31.386669158935547,
    "lpips": 0.0301513671875,
    "ssim": 0.9588497877120972
  },
  "per_view": [
    {
      "view": 37,
      "psnr": 31.568435668945312,
      "lpips": 0.029296875,
      "ssim": 0.960388720035553
    },
    {
      "view": 53,
      "psnr": 31.367328643798828,
      "lpips": 0.0274658203125,
      "ssim": 0.9583942890167236
    },
    {
      "view": 59,
      "psnr": 31.598854064941406,
      "lpips": 0.033447265625,
      "ssim": 0.9582274556159973
    },
    {
      "view": 98,
      "psnr": 31.012054443359375,
      "lpips": 0.0302734375,
      "ssim": 0.9583888053894043
    }
  ]
}