{
  "summary": {
    "scene_name": "mousetrap_white_env_0",
    "psnr": 30.184246063232422,
    "lpips": 0.0277099609375,
    "ssim": 0.9587565660476685
  },
  "per_view": [
    {
      "view": 37,
      "psnr": 30.76296043395996,
      "lpips": 0.0230712890625,
      "ssim": 0.9652368426322937
    },
    {
      "view": 53,
      "psnr": 30.49448013305664,
      "lpips": 0.027099609375,
      "ssim": 0.9602743983268738
    },
    {
      "view": 59,
      "psnr": 29.129980087280273,
      "lpips": 0.03076171875,
      "ssim": 0.9486026763916016
    },
    {
      "view": 98,
      "psnr": 30.34956169128418,
      "lpips": 0.02978515625,
      "ssim": 0.9609125256538391
    }
  ]
}