{
  "summary": {
    "scene_name": "mousetrap_env_1",
    "psnr": 28.328319549560547,
    "lpips": 0.0361328125,
    "ssim": 0.9545803666114807
  },
  "per_view": [
    {
      "view": 37,
      "psnr": 29.84988784790039,
      "lpips": 0.037353515625,
      "ssim": 0.9544649124145508
    },
    {
      "view": 53,
      "psnr": 28.614459991455078,
      "lpips": 0.03564453125,
      "ssim": 0.959898054599762
    },
    {
      "view": 59,
      "psnr": 26.95941162109375,
      "lpips": 0.03466796875,
      "ssim": 0.9486949443817139
    },
    {
      "view": 98,
      "psnr": 27.8895206451416,
      "lpips": 0.037353515625,
      "ssim": 0.9552635550498962
    }
  ]
}