{
  "summary": {
    "scene_name": "multi_cleaner_5_litre_env_0",
    "psnr": 34.817787170410156,
    "lpips": 0.03466796875,
    "ssim": 0.9746582508087158
  },
  "per_view": [
    {
      "view": 2,
      "psnr": 37.0479621887207,
      "lpips": 0.0311279296875,
      "ssim": 0.9820690155029297
    },
    {
      "view": 18,
      "psnr": 30.022979736328125,
      "lpips": 0.042724609375,
      "ssim": 0.9578120708465576
    },
    {
      "view": 42,
      "psnr": 35.365699768066406,
      "lpips": 0.03369140625,
      "ssim": 0.9771825671195984
    },
    {
      "view": 56,
      "psnr": 36.834503173828125,
      "lpips": 0.03125,
      "ssim": 0.981569230556488
    }
  ]
}