{
  "summary": {
    "scene_name": "multi_cleaner_5_litre_env_1",
    "psnr": 34.5657958984375,
    "lpips": 0.029052734375,
    "ssim": 0.9845271110534668
  },
  "per_view": [
    {
      "view": 2,
      "psnr": 37.0638427734375,
      "lpips": 0.0186767578125,
      "ssim": 0.9915677905082703
    },
    {
      "view": 18,
      "psnr": 34.034427642822266,
      "lpips": 0.0322265625,
      "ssim": 0.979362428188324
    },
    {
      "view": 42,
      "psnr": 32.07234191894531,
      "lpips": 0.03271484375,
      "ssim": 0.9842610955238342
    },
    {
      "view": 56,
      "psnr": 35.09257888793945,
      "lpips": 0.03271484375,
      "ssim": 0.982917070388794
    }
  ]
}