{
  "summary": {
    "scene_name": "multi_cleaner_5_litre_env_2",
    "psnr": 33.47222137451172,
    "lpips": 0.0225830078125,
    "ssim": 0.9850592017173767
  },
  "per_view": [
    {
      "view": 2,
      "psnr": 34.59366226196289,
      "lpips": 0.0172119140625,
      "ssim": 0.9900315403938293
    },
    {
      "view": 18,
      "psnr": 30.521820068359375,
      "lpips": 0.0257568359375,
      "ssim": 0.9798474907875061
    },
    {
      "view": 42,
      "psnr": 34.01700973510742,
      "lpips": 0.022216796875,
      "ssim": 0.9854028820991516
    },
    {
      "view": 56,
      "psnr": 34.75639724731445,
      "lpips": 0.0250244140625,
      "ssim": 0.9849548935890198
    }
  ]
}