{
  "summary": {
    "scene_name": "multi_cleaner_5_litre_white_env_0",
    "psnr": 35.916221618652344,
    "lpips": 0.022216796875,
    "ssim": 0.9888598918914795
  },
  "per_view": [
    {
      "view": 2,
      "psnr": 37.90366744995117,
      "lpips": 0.013427734375,
      "ssim": 0.9937484860420227
    },
    {
      "view": 18,
      "psnr": 33.67226791381836,
      "lpips": 0.0296630859375,
      "ssim": 0.9846523404121399
    },
    {
      "view": 42,
      "psnr": 35.24974060058594,
      "lpips": 0.02001953125,
      "ssim": 0.9885981678962708
    },
    {
      "view": 56,
      "psnr": 36.8392219543457,
      "lpips": 0.0260009765625,
      "ssim": 0.9884406924247742
    }
  ]
}