{
  "summary": {
    "scene_name": "ornate_mirror_01_env_1",
    "psnr": 24.342390060424805,
    "lpips": 0.041748046875,
    "ssim": 0.9618498682975769
  },
  "per_view": [
    {
      "view": 6,
      "psnr": 24.598617553710938,
      "lpips": 0.031005859375,
      "ssim": 0.9711456298828125
    },
    {
      "view": 27,
      "psnr": 17.262680053710938,
      "lpips": 0.07080078125,
      "ssim": 0.9331298470497131
    },
    {
      "view": 38,
      "psnr": 19.750049591064453,
      "lpips": 0.04931640625,
      "ssim": 0.9508815407752991
    },
    {
      "view": 96,
      "psnr": 35.75821304321289,
      "lpips": 0.01611328125,
      "ssim": 0.9922425150871277
    }
  ]
}