{
  "summary": {
    "scene_name": "ornate_mirror_01_white_env_0",
    "psnr": 28.814361572265625,
    "lpips": 0.052978515625,
    "ssim": 0.9723687171936035
  },
  "per_view": [
    {
      "view": 6,
      "psnr": 32.391441345214844,
      "lpips": 0.03662109375,
      "ssim": 0.9824616312980652
    },
    {
      "view": 27,
      "psnr": 27.28346824645996,
      "lpips": 0.09423828125,
      "ssim": 0.9675567150115967
    },
    {
      "view": 38,
      "psnr": 25.578290939331055,
      "lpips": 0.059814453125,
      "ssim": 0.9546248316764832
    },
    {
      "view": 96,
      "psnr": 30.004243850708008,
      "lpips": 0.02099609375,
      "ssim": 0.9848315715789795
    }
  ]
}