{
  "summary": {
    "scene_name": "ornate_medieval_dagger_env_2",
    "psnr": 36.926334381103516,
    "lpips": 0.01007080078125,
    "ssim": 0.993733823299408
  },
  "per_view": [
    {
      "view": 60,
      "psnr": 38.83926010131836,
      "lpips": 0.00787353515625,
      "ssim": 0.9964661002159119
    },
    {
      "view": 78,
      "psnr": 35.73915100097656,
      "lpips": 0.01153564453125,
      "ssim": 0.9908361434936523
    },
    {
      "view": 81,
      "psnr": 36.98323440551758,
      "lpips": 0.01171875,
      "ssim": 0.9931705594062805
    },
    {
      "view": 85,
      "psnr": 36.1436882019043,
      "lpips": 0.0091552734375,
      "ssim": 0.9944624304771423
    }
  ]
}