{
  "summary": {
    "scene_name": "ornate_mirror_01_env_2",
    "psnr": 19.8166446685791,
    "lpips": 0.0673828125,
    "ssim": 0.9215065240859985
  },
  "per_view": [
    {
      "view": 6,
      "psnr": 17.796220779418945,
      "lpips": 0.056640625,
      "ssim": 0.9370002746582031
    },
    {
      "view": 27,
      "psnr": 15.192237854003906,
      "lpips": 0.103515625,
      "ssim": 0.879202663898468
    },
    {
      "view": 38,
      "psnr": 15.994253158569336,
      "lpips": 0.08251953125,
      "ssim": 0.8973631858825684
    },
    {
      "view": 96,
      "psnr": 30.28386688232422,
      "lpips": 0.027099609375,
      "ssim": 0.9724600911140442
    }
  ]
}