{
  "summary": {
    "scene_name": "ornate_medieval_dagger_env_1",
    "psnr": 32.917388916015625,
    "lpips": 0.00897216796875,
    "ssim": 0.9921375513076782
  },
  "per_view": [
    {
      "view": 60,
      "psnr": 35.39006042480469,
      "lpips": 0.00738525390625,
      "ssim": 0.9934937357902527
    },
    {
      "view": 78,
      "psnr": 31.4730167388916,
      "lpips": 0.010498046875,
      "ssim": 0.9908983707427979
    },
    {
      "view": 81,
      "psnr": 31.787494659423828,
      "lpips": 0.0098876953125,
      "ssim": 0.991298258304596
    },
    {
      "view": 85,
      "psnr": 33.01897430419922,
      "lpips": 0.00811767578125,
      "ssim": 0.9928596615791321
    }
  ]
}