{
  "summary": {
    "scene_name": "ornate_mirror_01_env_0",
    "psnr": 33.72673034667969,
    "lpips": 0.0206298828125,
    "ssim": 0.9888964295387268
  },
  "per_view": [
    {
      "view": 6,
      "psnr": 38.046260833740234,
      "lpips": 0.0120849609375,
      "ssim": 0.989504873752594
    },
    {
      "view": 27,
      "psnr": 28.947006225585938,
      "lpips": 0.031494140625,
      "ssim": 0.9863116145133972
    },
    {
      "view": 38,
      "psnr": 35.43113708496094,
      "lpips": 0.022216796875,
      "ssim": 0.9886260032653809
    },
    {
      "view": 96,
      "psnr": 32.48251724243164,
      "lpips": 0.0167236328125,
      "ssim": 0.9911431670188904
    }
  ]
}