{
  "summary": {
    "scene_name": "ornate_medieval_dagger_env_0",
    "psnr": 32.937828063964844,
    "lpips": 0.01239013671875,
    "ssim": 0.9890620708465576
  },
  "per_view": [
    {
      "view": 60,
      "psnr": 33.692440032958984,
      "lpips": 0.01104736328125,
      "ssim": 0.9924073815345764
    },
    {
      "view": 78,
      "psnr": 30.469478607177734,
      "lpips": 0.0145263671875,
      "ssim": 0.9837886691093445
    },
    {
      "view": 81,
      "psnr": 32.215675354003906,
      "lpips": 0.0140380859375,
      "ssim": 0.987732470035553
    },
    {
      "view": 85,
      "psnr": 35.37371063232422,
      "lpips": 0.0098876953125,
      "ssim": 0.9923197627067566
    }
  ]
}