{
  "summary": {
    "scene_name": "ornate_medieval_dagger_white_env_0",
    "psnr": 36.2183952331543,
    "lpips": 0.006866455078125,
    "ssim": 0.9938493967056274
  },
  "per_view": [
    {
      "view": 60,
      "psnr": 36.8871955871582,
      "lpips": 0.00714111328125,
      "ssim": 0.9936140179634094
    },
    {
      "view": 78,
      "psnr": 35.325714111328125,
      "lpips": 0.007568359375,
      "ssim": 0.9934991002082825
    },
    {
      "view": 81,
      "psnr": 36.01346206665039,
      "lpips": 0.0072021484375,
      "ssim": 0.993865430355072
    },
    {
      "view": 85,
      "psnr": 36.64720916748047,
      "lpips": 0.00555419921875,
      "ssim": 0.9944190979003906
    }
  ]
}