{
  "summary": {
    "scene_name": "Ottoman_01_env_1",
    "psnr": 29.534896850585938,
    "lpips": 0.1162109375,
    "ssim": 0.9343751668930054
  },
  "per_view": [
    {
      "view": 16,
      "psnr": 29.186613082885742,
      "lpips": 0.1201171875,
      "ssim": 0.9294800758361816
    },
    {
      "view": 55,
      "psnr": 30.17608642578125,
      "lpips": 0.123046875,
      "ssim": 0.9444136619567871
    },
    {
      "view": 73,
      "psnr": 27.893814086914062,
      "lpips": 0.12158203125,
      "ssim": 0.913362979888916
    },
    {
      "view": 93,
      "psnr": 30.883071899414062,
      "lpips": 0.1005859375,
      "ssim": 0.9502438902854919
    }
  ]
}