{
  "summary": {
    "scene_name": "Ottoman_01_env_0",
    "psnr": 29.559017181396484,
    "lpips": 0.12158203125,
    "ssim": 0.9288601875305176
  },
  "per_view": [
    {
      "view": 16,
      "psnr": 29.019887924194336,
      "lpips": 0.111328125,
      "ssim": 0.9244503974914551
    },
    {
      "view": 55,
      "psnr": 29.598386764526367,
      "lpips": 0.10302734375,
      "ssim": 0.9379773139953613
    },
    {
      "view": 73,
      "psnr": 29.459199905395508,
      "lpips": 0.15234375,
      "ssim": 0.9269244074821472
    },
    {
      "view": 93,
      "psnr": 30.158594131469727,
      "lpips": 0.119140625,
      "ssim": 0.9260885715484619
    }
  ]
}