{
  "summary": {
    "scene_name": "Ottoman_01_env_2",
    "psnr": 31.147769927978516,
    "lpips": 0.111328125,
    "ssim": 0.9353879690170288
  },
  "per_view": [
    {
      "view": 16,
      "psnr": 30.020843505859375,
      "lpips": 0.1142578125,
      "ssim": 0.9305271506309509
    },
    {
      "view": 55,
      "psnr": 31.221481323242188,
      "lpips": 0.0986328125,
      "ssim": 0.9384178519248962
    },
    {
      "view": 73,
      "psnr": 31.559228897094727,
      "lpips": 0.1220703125,
      "ssim": 0.9332111477851868
    },
    {
      "view": 93,
      "psnr": 31.789527893066406,
      "lpips": 0.1103515625,
      "ssim": 0.9393958449363708
    }
  ]
}