{
  "summary": {
    "scene_name": "Ottoman_01_white_env_0",
    "psnr": 34.60226058959961,
    "lpips": 0.099609375,
    "ssim": 0.9526631832122803
  },
  "per_view": [
    {
      "view": 16,
      "psnr": 34.93470764160156,
      "lpips": 0.10009765625,
      "ssim": 0.9502885937690735
    },
    {
      "view": 55,
      "psnr": 34.632965087890625,
      "lpips": 0.09765625,
      "ssim": 0.9536564946174622
    },
    {
      "view": 73,
      "psnr": 34.3278694152832,
      "lpips": 0.10986328125,
      "ssim": 0.9552904963493347
    },
    {
      "view": 93,
      "psnr": 34.51350402832031,
      "lpips": 0.09033203125,
      "ssim": 0.9514169692993164
    }
  ]
}