{
  "summary": {
    "scene_name": "outdoor_table_chair_set_01_env_2",
    "psnr": 30.10979461669922,
    "lpips": 0.021484375,
    "ssim": 0.9756157398223877
  },
  "per_view": [
    {
      "view": 8,
      "psnr": 31.034879684448242,
      "lpips": 0.0186767578125,
      "ssim": 0.9753429889678955
    },
    {
      "view": 11,
      "psnr": 30.07061004638672,
      "lpips": 0.0216064453125,
      "ssim": 0.9716836810112
    },
    {
      "view": 35,
      "psnr": 30.0856876373291,
      "lpips": 0.022705078125,
      "ssim": 0.9781315922737122
    },
    {
      "view": 45,
      "psnr": 29.247997283935547,
      "lpips": 0.02294921875,
      "ssim": 0.9773047566413879
    }
  ]
}