{
  "summary": {
    "scene_name": "outdoor_table_chair_set_01_env_0",
    "psnr": 33.09312438964844,
    "lpips": 0.020751953125,
    "ssim": 0.9797176122665405
  },
  "per_view": [
    {
      "view": 8,
      "psnr": 33.09297561645508,
      "lpips": 0.0224609375,
      "ssim": 0.9784936904907227
    },
    {
      "view": 11,
      "psnr": 32.86494445800781,
      "lpips": 0.0220947265625,
      "ssim": 0.9759463667869568
    },
    {
      "view": 35,
      "psnr": 33.68889236450195,
      "lpips": 0.01904296875,
      "ssim": 0.9827251434326172
    },
    {
      "view": 45,
      "psnr": 32.725685119628906,
      "lpips": 0.0194091796875,
      "ssim": 0.9817051887512207
    }
  ]
}