{
  "summary": {
    "scene_name": "outdoor_table_chair_set_01_env_1",
    "psnr": 28.750904083251953,
    "lpips": 0.0240478515625,
    "ssim": 0.969261109828949
  },
  "per_view": [
    {
      "view": 8,
      "psnr": 27.39377784729004,
      "lpips": 0.028564453125,
      "ssim": 0.9648544192314148
    },
    {
      "view": 11,
      "psnr": 27.74534034729004,
      "lpips": 0.0244140625,
      "ssim": 0.9618216156959534
    },
    {
      "view": 35,
      "psnr": 31.15067481994629,
      "lpips": 0.01953125,
      "ssim": 0.9773550033569336
    },
    {
      "view": 45,
      "psnr": 28.713821411132812,
      "lpips": 0.023681640625,
      "ssim": 0.9730133414268494
    }
  ]
}