{
  "summary": {
    "scene_name": "outdoor_table_chair_set_01_white_env_0",
    "psnr": 27.907695770263672,
    "lpips": 0.0240478515625,
    "ssim": 0.9674161076545715
  },
  "per_view": [
    {
      "view": 8,
      "psnr": 27.33747100830078,
      "lpips": 0.02880859375,
      "ssim": 0.9626948833465576
    },
    {
      "view": 11,
      "psnr": 26.495342254638672,
      "lpips": 0.02685546875,
      "ssim": 0.9577577710151672
    },
    {
      "view": 35,
      "psnr": 29.831417083740234,
      "lpips": 0.0186767578125,
      "ssim": 0.9766609072685242
    },
    {
      "view": 45,
      "psnr": 27.966548919677734,
      "lpips": 0.02197265625,
      "ssim": 0.9725508689880371
    }
  ]
}