{
  "summary": {
    "scene_name": "painted_wooden_chair_01_env_2",
    "psnr": 27.651161193847656,
    "lpips": 0.03125,
    "ssim": 0.9728448390960693
  },
  "per_view": [
    {
      "view": 29,
      "psnr": 27.526472091674805,
      "lpips": 0.0224609375,
      "ssim": 0.9815555214881897
    },
    {
      "view": 40,
      "psnr": 26.567493438720703,
      "lpips": 0.0303955078125,
      "ssim": 0.9705368876457214
    },
    {
      "view": 52,
      "psnr": 28.367488861083984,
      "lpips": 0.033935546875,
      "ssim": 0.971233069896698
    },
    {
      "view": 54,
      "psnr": 28.143192291259766,
      "lpips": 0.0380859375,
      "ssim": 0.9680539965629578
    }
  ]
}