{
  "summary": {
    "scene_name": "painted_wooden_chair_01_env_1",
    "psnr": 33.44770050048828,
    "lpips": 0.02197265625,
    "ssim": 0.9837219715118408
  },
  "per_view": [
    {
      "view": 29,
      "psnr": 34.737850189208984,
      "lpips": 0.0167236328125,
      "ssim": 0.9886477589607239
    },
    {
      "view": 40,
      "psnr": 33.09161376953125,
      "lpips": 0.0191650390625,
      "ssim": 0.9818201661109924
    },
    {
      "view": 52,
      "psnr": 33.161590576171875,
      "lpips": 0.025634765625,
      "ssim": 0.9835255146026611
    },
    {
      "view": 54,
      "psnr": 32.79974365234375,
      "lpips": 0.026123046875,
      "ssim": 0.9808943271636963
    }
  ]
}