{
  "summary": {
    "scene_name": "painted_wooden_chair_01_white_env_0",
    "psnr": 31.938642501831055,
    "lpips": 0.021728515625,
    "ssim": 0.9771755933761597
  },
  "per_view": [
    {
      "view": 29,
      "psnr": 32.85683059692383,
      "lpips": 0.0223388671875,
      "ssim": 0.9756229519844055
    },
    {
      "view": 40,
      "psnr": 30.678300857543945,
      "lpips": 0.02197265625,
      "ssim": 0.9739664196968079
    },
    {
      "view": 52,
      "psnr": 31.90227699279785,
      "lpips": 0.0211181640625,
      "ssim": 0.9795309901237488
    },
    {
      "view": 54,
      "psnr": 32.31715774536133,
      "lpips": 0.021240234375,
      "ssim": 0.979581892490387
    }
  ]
}