{
  "summary": {
    "scene_name": "painted_wooden_chair_01_env_0",
    "psnr": 31.425792694091797,
    "lpips": 0.0155029296875,
    "ssim": 0.9875433444976807
  },
  "per_view": [
    {
      "view": 29,
      "psnr": 31.75664520263672,
      "lpips": 0.01385498046875,
      "ssim": 0.9894380569458008
    },
    {
      "view": 40,
      "psnr": 30.408037185668945,
      "lpips": 0.01470947265625,
      "ssim": 0.9870174527168274
    },
    {
      "view": 52,
      "psnr": 31.91256332397461,
      "lpips": 0.0162353515625,
      "ssim": 0.9880581498146057
    },
    {
      "view": 54,
      "psnr": 31.62592887878418,
      "lpips": 0.01708984375,
      "ssim": 0.9856597781181335
    }
  ]
}