{
  "summary": {
    "scene_name": "picke_dirty_01_env_0",
    "psnr": 42.575016021728516,
    "lpips": 0.005096435546875,
    "ssim": 0.9980174899101257
  },
  "per_view": [
    {
      "view": 13,
      "psnr": 41.86406707763672,
      "lpips": 0.0059814453125,
      "ssim": 0.9980695843696594
    },
    {
      "view": 15,
      "psnr": 42.53007888793945,
      "lpips": 0.00531005859375,
      "ssim": 0.9981849789619446
    },
    {
      "view": 20,
      "psnr": 43.11832809448242,
      "lpips": 0.004547119140625,
      "ssim": 0.9979903101921082
    },
    {
      "view": 21,
      "psnr": 42.78759002685547,
      "lpips": 0.00457763671875,
      "ssim": 0.9978250861167908
    }
  ]
}