{
  "summary": {
    "scene_name": "picke_dirty_01_env_1",
    "psnr": 29.737560272216797,
    "lpips": 0.00634765625,
    "ssim": 0.9921173453330994
  },
  "per_view": [
    {
      "view": 13,
      "psnr": 31.097862243652344,
      "lpips": 0.005859375,
      "ssim": 0.9938529133796692
    },
    {
      "view": 15,
      "psnr": 30.147817611694336,
      "lpips": 0.005615234375,
      "ssim": 0.992891788482666
    },
    {
      "view": 20,
      "psnr": 28.767852783203125,
      "lpips": 0.007080078125,
      "ssim": 0.9907498359680176
    },
    {
      "view": 21,
      "psnr": 28.93670654296875,
      "lpips": 0.0068359375,
      "ssim": 0.9909749627113342
    }
  ]
}