{
  "summary": {
    "scene_name": "picke_dirty_01_white_env_0",
    "psnr": 37.42287063598633,
    "lpips": 0.003753662109375,
    "ssim": 0.996703565120697
  },
  "per_view": [
    {
      "view": 13,
      "psnr": 37.148712158203125,
      "lpips": 0.0032196044921875,
      "ssim": 0.9971435070037842
    },
    {
      "view": 15,
      "psnr": 36.5485725402832,
      "lpips": 0.003143310546875,
      "ssim": 0.9968076348304749
    },
    {
      "view": 20,
      "psnr": 38.40272903442383,
      "lpips": 0.00396728515625,
      "ssim": 0.9968404173851013
    },
    {
      "view": 21,
      "psnr": 37.59147262573242,
      "lpips": 0.004669189453125,
      "ssim": 0.9960227608680725
    }
  ]
}