{
  "summary": {
    "scene_name": "picke_dirty_01_env_2",
    "psnr": 33.70673751831055,
    "lpips": 0.00555419921875,
    "ssim": 0.9953676462173462
  },
  "per_view": [
    {
      "view": 13,
      "psnr": 33.169105529785156,
      "lpips": 0.00579833984375,
      "ssim": 0.9949342608451843
    },
    {
      "view": 15,
      "psnr": 33.70384979248047,
      "lpips": 0.00537109375,
      "ssim": 0.9954967498779297
    },
    {
      "view": 20,
      "psnr": 34.08993911743164,
      "lpips": 0.0052490234375,
      "ssim": 0.9957998394966125
    },
    {
      "view": 21,
      "psnr": 33.86405563354492,
      "lpips": 0.005767822265625,
      "ssim": 0.995239794254303
    }
  ]
}