{
  "summary": {
    "scene_name": "planter_pot_clay_white_env_0",
    "psnr": 33.64241409301758,
    "lpips": 0.06640625,
    "ssim": 0.9514743089675903
  },
  "per_view": [
    {
      "view": 37,
      "psnr": 34.98556137084961,
      "lpips": 0.0625,
      "ssim": 0.9607693552970886
    },
    {
      "view": 46,
      "psnr": 34.919532775878906,
      "lpips": 0.0634765625,
      "ssim": 0.9610238671302795
    },
    {
      "view": 61,
      "psnr": 32.84031295776367,
      "lpips": 0.068359375,
      "ssim": 0.943993866443634
    },
    {
      "view": 76,
      "psnr": 31.824256896972656,
      "lpips": 0.07177734375,
      "ssim": 0.9401100277900696
    }
  ]
}