{
  "summary": {
    "scene_name": "planter_box_02_env_2",
    "psnr": 32.12933349609375,
    "lpips": 0.035888671875,
    "ssim": 0.9633780717849731
  },
  "per_view": [
    {
      "view": 15,
      "psnr": 34.05223083496094,
      "lpips": 0.033203125,
      "ssim": 0.9675293564796448
    },
    {
      "view": 48,
      "psnr": 31.359893798828125,
      "lpips": 0.0380859375,
      "ssim": 0.9683380722999573
    },
    {
      "view": 70,
      "psnr": 31.353153228759766,
      "lpips": 0.03466796875,
      "ssim": 0.9585533738136292
    },
    {
      "view": 73,
      "psnr": 31.752050399780273,
      "lpips": 0.037841796875,
      "ssim": 0.9590913653373718
    }
  ]
}