{
  "summary": {
    "scene_name": "planter_pot_clay_env_1",
    "psnr": 22.21653175354004,
    "lpips": 0.07861328125,
    "ssim": 0.9223523736000061
  },
  "per_view": [
    {
      "view": 37,
      "psnr": 21.34958267211914,
      "lpips": 0.0751953125,
      "ssim": 0.9264233112335205
    },
    {
      "view": 46,
      "psnr": 22.31970977783203,
      "lpips": 0.0771484375,
      "ssim": 0.9293943047523499
    },
    {
      "view": 61,
      "psnr": 22.703433990478516,
      "lpips": 0.0830078125,
      "ssim": 0.9174135327339172
    },
    {
      "view": 76,
      "psnr": 22.49340057373047,
      "lpips": 0.07958984375,
      "ssim": 0.9161784052848816
    }
  ]
}