{
  "summary": {
    "scene_name": "planter_box_02_white_env_0",
    "psnr": 34.25004959106445,
    "lpips": 0.0301513671875,
    "ssim": 0.9690841436386108
  },
  "per_view": [
    {
      "view": 15,
      "psnr": 35.72320556640625,
      "lpips": 0.030517578125,
      "ssim": 0.9735282063484192
    },
    {
      "view": 48,
      "psnr": 33.98085403442383,
      "lpips": 0.028076171875,
      "ssim": 0.9728385806083679
    },
    {
      "view": 70,
      "psnr": 33.50361633300781,
      "lpips": 0.0301513671875,
      "ssim": 0.9645361304283142
    },
    {
      "view": 73,
      "psnr": 33.79252243041992,
      "lpips": 0.03173828125,
      "ssim": 0.965433657169342
    }
  ]
}