{
  "summary": {
    "scene_name": "planter_box_02_env_0",
    "psnr": 28.446535110473633,
    "lpips": 0.027099609375,
    "ssim": 0.9636064767837524
  },
  "per_view": [
    {
      "view": 15,
      "psnr": 29.820688247680664,
      "lpips": 0.029296875,
      "ssim": 0.9639196395874023
    },
    {
      "view": 48,
      "psnr": 29.044206619262695,
      "lpips": 0.02490234375,
      "ssim": 0.9690945744514465
    },
    {
      "view": 70,
      "psnr": 27.393875122070312,
      "lpips": 0.025634765625,
      "ssim": 0.9607136845588684
    },
    {
      "view": 73,
      "psnr": 27.52737045288086,
      "lpips": 0.0284423828125,
      "ssim": 0.9606980681419373
    }
  ]
}