{
  "summary": {
    "scene_name": "planter_pot_clay_env_2",
    "psnr": 26.629596710205078,
    "lpips": 0.0712890625,
    "ssim": 0.9330885410308838
  },
  "per_view": [
    {
      "view": 37,
      "psnr": 25.899093627929688,
      "lpips": 0.0673828125,
      "ssim": 0.9387171864509583
    },
    {
      "view": 46,
      "psnr": 27.04793930053711,
      "lpips": 0.06787109375,
      "ssim": 0.9411318898200989
    },
    {
      "view": 61,
      "psnr": 26.439952850341797,
      "lpips": 0.07275390625,
      "ssim": 0.925383985042572
    },
    {
      "view": 76,
      "psnr": 27.131406784057617,
      "lpips": 0.076171875,
      "ssim": 0.9271211624145508
    }
  ]
}