{
  "summary": {
    "scene_name": "planter_pot_clay_env_0",
    "psnr": 28.92565155029297,
    "lpips": 0.091796875,
    "ssim": 0.9233017563819885
  },
  "per_view": [
    {
      "view": 37,
      "psnr": 28.90350341796875,
      "lpips": 0.095703125,
      "ssim": 0.9292382597923279
    },
    {
      "view": 46,
      "psnr": 29.587038040161133,
      "lpips": 0.0849609375,
      "ssim": 0.9365468621253967
    },
    {
      "view": 61,
      "psnr": 28.534561157226562,
      "lpips": 0.0859375,
      "ssim": 0.9186434745788574
    },
    {
      "view": 76,
      "psnr": 28.67750358581543,
      "lpips": 0.1015625,
      "ssim": 0.9087784290313721
    }
  ]
}