{
  "summary": {
    "scene_name": "planter_box_02_env_1",
    "psnr": 36.97111129760742,
    "lpips": 0.03076171875,
    "ssim": 0.9763773679733276
  },
  "per_view": [
    {
      "view": 15,
      "psnr": 35.910736083984375,
      "lpips": 0.03466796875,
      "ssim": 0.9728276133537292
    },
    {
      "view": 48,
      "psnr": 37.036865234375,
      "lpips": 0.0262451171875,
      "ssim": 0.9810335040092468
    },
    {
      "view": 70,
      "psnr": 37.0427360534668,
      "lpips": 0.0322265625,
      "ssim": 0.9755814671516418
    },
    {
      "view": 73,
      "psnr": 37.89410400390625,
      "lpips": 0.0299072265625,
      "ssim": 0.9760670065879822
    }
  ]
}