{
  "summary": {
    "scene_name": "plastic_bottle_gallon_env_1",
    "psnr": 34.68083572387695,
    "lpips": 0.04833984375,
    "ssim": 0.9800364971160889
  },
  "per_view": [
    {
      "view": 8,
      "psnr": 34.100765228271484,
      "lpips": 0.048828125,
      "ssim": 0.9807532429695129
    },
    {
      "view": 14,
      "psnr": 33.96649169921875,
      "lpips": 0.050537109375,
      "ssim": 0.9771835803985596
    },
    {
      "view": 57,
      "psnr": 34.997222900390625,
      "lpips": 0.048095703125,
      "ssim": 0.9782560467720032
    },
    {
      "view": 82,
      "psnr": 35.65886306762695,
      "lpips": 0.0458984375,
      "ssim": 0.9839532971382141
    }
  ]
}