{
  "summary": {
    "scene_name": "plastic_bottle_gallon_white_env_0",
    "psnr": 33.22159194946289,
    "lpips": 0.0439453125,
    "ssim": 0.9799880981445312
  },
  "per_view": [
    {
      "view": 8,
      "psnr": 32.80588912963867,
      "lpips": 0.041015625,
      "ssim": 0.9824948906898499
    },
    {
      "view": 14,
      "psnr": 31.782854080200195,
      "lpips": 0.0439453125,
      "ssim": 0.9801084399223328
    },
    {
      "view": 57,
      "psnr": 35.01131057739258,
      "lpips": 0.041015625,
      "ssim": 0.9788312315940857
    },
    {
      "view": 82,
      "psnr": 33.286312103271484,
      "lpips": 0.05029296875,
      "ssim": 0.9785177111625671
    }
  ]
}