{
  "summary": {
    "scene_name": "plastic_bottle_gallon_env_2",
    "psnr": 34.241973876953125,
    "lpips": 0.038818359375,
    "ssim": 0.981992781162262
  },
  "per_view": [
    {
      "view": 8,
      "psnr": 33.071739196777344,
      "lpips": 0.0390625,
      "ssim": 0.9820411801338196
    },
    {
      "view": 14,
      "psnr": 32.90343475341797,
      "lpips": 0.039794921875,
      "ssim": 0.9780414700508118
    },
    {
      "view": 57,
      "psnr": 36.31625747680664,
      "lpips": 0.037353515625,
      "ssim": 0.9836732745170593
    },
    {
      "view": 82,
      "psnr": 34.67646789550781,
      "lpips": 0.0390625,
      "ssim": 0.9842151999473572
    }
  ]
}