{
  "summary": {
    "scene_name": "plastic_bottle_gallon_env_0",
    "psnr": 37.33955001831055,
    "lpips": 0.0439453125,
    "ssim": 0.9880809783935547
  },
  "per_view": [
    {
      "view": 8,
      "psnr": 40.25731658935547,
      "lpips": 0.03759765625,
      "ssim": 0.9903668761253357
    },
    {
      "view": 14,
      "psnr": 35.80060577392578,
      "lpips": 0.043212890625,
      "ssim": 0.9885673522949219
    },
    {
      "view": 57,
      "psnr": 35.81829071044922,
      "lpips": 0.046875,
      "ssim": 0.9860637784004211
    },
    {
      "view": 82,
      "psnr": 37.48198699951172,
      "lpips": 0.0478515625,
      "ssim": 0.9873257279396057
    }
  ]
}