{
  "summary": {
    "scene_name": "pot_enamel_01_env_1",
    "psnr": 27.599178314208984,
    "lpips": 0.053955078125,
    "ssim": 0.9419699907302856
  },
  "per_view": [
    {
      "view": 42,
      "psnr": 28.0413818359375,
      "lpips": 0.0517578125,
      "ssim": 0.9437645077705383
    },
    {
      "view": 43,
      "psnr": 28.05001449584961,
      "lpips": 0.050537109375,
      "ssim": 0.9444921016693115
    },
    {
      "view": 47,
      "psnr": 27.7055721282959,
      "lpips": 0.05712890625,
      "ssim": 0.9416047930717468
    },
    {
      "view": 78,
      "psnr": 26.599742889404297,
      "lpips": 0.056640625,
      "ssim": 0.9380187392234802
    }
  ]
}