{
  "summary": {
    "scene_name": "pot_enamel_01_env_0",
    "psnr": 28.996742248535156,
    "lpips": 0.05029296875,
    "ssim": 0.9486261606216431
  },
  "per_view": [
    {
      "view": 42,
      "psnr": 28.818614959716797,
      "lpips": 0.050048828125,
      "ssim": 0.9477705359458923
    },
    {
      "view": 43,
      "psnr": 28.867862701416016,
      "lpips": 0.04931640625,
      "ssim": 0.9469566941261292
    },
    {
      "view": 47,
      "psnr": 29.221996307373047,
      "lpips": 0.05078125,
      "ssim": 0.9464729428291321
    },
    {
      "view": 78,
      "psnr": 29.078493118286133,
      "lpips": 0.051025390625,
      "ssim": 0.9533045887947083
    }
  ]
}