{
  "summary": {
    "scene_name": "pot_enamel_01_white_env_0",
    "psnr": 30.127225875854492,
    "lpips": 0.0498046875,
    "ssim": 0.9463396668434143
  },
  "per_view": [
    {
      "view": 42,
      "psnr": 30.79800796508789,
      "lpips": 0.05126953125,
      "ssim": 0.9467685222625732
    },
    {
      "view": 43,
      "psnr": 30.672178268432617,
      "lpips": 0.05029296875,
      "ssim": 0.9478431344032288
    },
    {
      "view": 47,
      "psnr": 31.14681053161621,
      "lpips": 0.04931640625,
      "ssim": 0.9513669013977051
    },
    {
      "view": 78,
      "psnr": 27.891910552978516,
      "lpips": 0.0478515625,
      "ssim": 0.9393801689147949
    }
  ]
}