{
  "summary": {
    "scene_name": "pot_enamel_01_env_2",
    "psnr": 28.26309585571289,
    "lpips": 0.0458984375,
    "ssim": 0.9533799886703491
  },
  "per_view": [
    {
      "view": 42,
      "psnr": 27.583311080932617,
      "lpips": 0.04736328125,
      "ssim": 0.9491369724273682
    },
    {
      "view": 43,
      "psnr": 27.742212295532227,
      "lpips": 0.04541015625,
      "ssim": 0.9513965249061584
    },
    {
      "view": 47,
      "psnr": 28.933380126953125,
      "lpips": 0.0419921875,
      "ssim": 0.9554985165596008
    },
    {
      "view": 78,
      "psnr": 28.793479919433594,
      "lpips": 0.04833984375,
      "ssim": 0.9574881196022034
    }
  ]
}