{
  "summary": {
    "scene_name": "potted_plant_02_env_2",
    "psnr": 26.563819885253906,
    "lpips": 0.052734375,
    "ssim": 0.9306092262268066
  },
  "per_view": [
    {
      "view": 8,
      "psnr": 25.960796356201172,
      "lpips": 0.052490234375,
      "ssim": 0.9295074939727783
    },
    {
      "view": 15,
      "psnr": 26.847103118896484,
      "lpips": 0.0556640625,
      "ssim": 0.9289155006408691
    },
    {
      "view": 27,
      "psnr": 27.895328521728516,
      "lpips": 0.052978515625,
      "ssim": 0.9307505488395691
    },
    {
      "view": 97,
      "psnr": 25.552051544189453,
      "lpips": 0.04931640625,
      "ssim": 0.9332634806632996
    }
  ]
}