{
  "summary": {
    "scene_name": "potted_plant_02_white_env_0",
    "psnr": 25.440176010131836,
    "lpips": 0.0556640625,
    "ssim": 0.9169203042984009
  },
  "per_view": [
    {
      "view": 8,
      "psnr": 25.19402313232422,
      "lpips": 0.0556640625,
      "ssim": 0.9192015528678894
    },
    {
      "view": 15,
      "psnr": 25.636804580688477,
      "lpips": 0.06103515625,
      "ssim": 0.9091562628746033
    },
    {
      "view": 27,
      "psnr": 26.475046157836914,
      "lpips": 0.049072265625,
      "ssim": 0.9218347072601318
    },
    {
      "view": 97,
      "psnr": 24.454833984375,
      "lpips": 0.05712890625,
      "ssim": 0.9174885153770447
    }
  ]
}