{
  "summary": {
    "scene_name": "potted_plant_02_env_1",
    "psnr": 24.082889556884766,
    "lpips": 0.0654296875,
    "ssim": 0.9067351222038269
  },
  "per_view": [
    {
      "view": 8,
      "psnr": 23.495830535888672,
      "lpips": 0.0712890625,
      "ssim": 0.9054171442985535
    },
    {
      "view": 15,
      "psnr": 24.85801887512207,
      "lpips": 0.068359375,
      "ssim": 0.9072413444519043
    },
    {
      "view": 27,
      "psnr": 26.63677215576172,
      "lpips": 0.06005859375,
      "ssim": 0.9136114716529846
    },
    {
      "view": 97,
      "psnr": 21.340930938720703,
      "lpips": 0.06298828125,
      "ssim": 0.9006705284118652
    }
  ]
}