{
  "summary": {
    "scene_name": "potted_plant_02_env_0",
    "psnr": 23.63262176513672,
    "lpips": 0.056640625,
    "ssim": 0.9163944125175476
  },
  "per_view": [
    {
      "view": 8,
      "psnr": 23.011911392211914,
      "lpips": 0.061767578125,
      "ssim": 0.9152440428733826
    },
    {
      "view": 15,
      "psnr": 24.096317291259766,
      "lpips": 0.05615234375,
      "ssim": 0.920538604259491
    },
    {
      "view": 27,
      "psnr": 26.240745544433594,
      "lpips": 0.052001953125,
      "ssim": 0.9276307225227356
    },
    {
      "view": 97,
      "psnr": 21.18151092529297,
      "lpips": 0.056640625,
      "ssim": 0.9021642804145813
    }
  ]
}