{
  "summary": {
    "scene_name": "power_box_01_env_2",
    "psnr": 29.250885009765625,
    "lpips": 0.0230712890625,
    "ssim": 0.9849863648414612
  },
  "per_view": [
    {
      "view": 4,
      "psnr": 26.795560836791992,
      "lpips": 0.0240478515625,
      "ssim": 0.9823226928710938
    },
    {
      "view": 23,
      "psnr": 31.727603912353516,
      "lpips": 0.0250244140625,
      "ssim": 0.9830195903778076
    },
    {
      "view": 48,
      "psnr": 29.10037612915039,
      "lpips": 0.025390625,
      "ssim": 0.987032949924469
    },
    {
      "view": 61,
      "psnr": 29.37999725341797,
      "lpips": 0.017822265625,
      "ssim": 0.9875702857971191
    }
  ]
}