{
  "summary": {
    "scene_name": "power_box_01_white_env_0",
    "psnr": 38.76789093017578,
    "lpips": 0.02783203125,
    "ssim": 0.9880119562149048
  },
  "per_view": [
    {
      "view": 4,
      "psnr": 40.064430236816406,
      "lpips": 0.018310546875,
      "ssim": 0.9923843741416931
    },
    {
      "view": 23,
      "psnr": 36.50538635253906,
      "lpips": 0.034423828125,
      "ssim": 0.9850638508796692
    },
    {
      "view": 48,
      "psnr": 39.32893371582031,
      "lpips": 0.037353515625,
      "ssim": 0.9876537322998047
    },
    {
      "view": 61,
      "psnr": 39.17282485961914,
      "lpips": 0.0211181640625,
      "ssim": 0.9869458079338074
    }
  ]
}