{
  "summary": {
    "scene_name": "power_box_01_env_1",
    "psnr": 33.30634689331055,
    "lpips": 0.025390625,
    "ssim": 0.987194299697876
  },
  "per_view": [
    {
      "view": 4,
      "psnr": 28.546283721923828,
      "lpips": 0.020751953125,
      "ssim": 0.9872516989707947
    },
    {
      "view": 23,
      "psnr": 29.56298828125,
      "lpips": 0.034423828125,
      "ssim": 0.9816009402275085
    },
    {
      "view": 48,
      "psnr": 38.67326354980469,
      "lpips": 0.027099609375,
      "ssim": 0.9911038279533386
    },
    {
      "view": 61,
      "psnr": 36.44285202026367,
      "lpips": 0.01904296875,
      "ssim": 0.9888207316398621
    }
  ]
}