{
  "summary": {
    "scene_name": "power_box_01_env_0",
    "psnr": 32.88432312011719,
    "lpips": 0.0263671875,
    "ssim": 0.987073540687561
  },
  "per_view": [
    {
      "view": 4,
      "psnr": 31.049442291259766,
      "lpips": 0.0294189453125,
      "ssim": 0.9854691028594971
    },
    {
      "view": 23,
      "psnr": 27.806243896484375,
      "lpips": 0.04150390625,
      "ssim": 0.979949951171875
    },
    {
      "view": 48,
      "psnr": 36.84541320800781,
      "lpips": 0.020263671875,
      "ssim": 0.9922890663146973
    },
    {
      "view": 61,
      "psnr": 35.83618927001953,
      "lpips": 0.0145263671875,
      "ssim": 0.99058598279953
    }
  ]
}