{
  "summary": {
    "scene_name": "Rockingchair_01_env_1",
    "psnr": 29.725719451904297,
    "lpips": 0.0279541015625,
    "ssim": 0.9755147695541382
  },
  "per_view": [
    {
      "view": 66,
      "psnr": 30.211532592773438,
      "lpips": 0.0235595703125,
      "ssim": 0.978779137134552
    },
    {
      "view": 78,
      "psnr": 27.850400924682617,
      "lpips": 0.033447265625,
      "ssim": 0.9693869948387146
    },
    {
      "view": 79,
      "psnr": 29.998897552490234,
      "lpips": 0.029296875,
      "ssim": 0.9760190844535828
    },
    {
      "view": 86,
      "psnr": 30.842044830322266,
      "lpips": 0.025634765625,
      "ssim": 0.9778738021850586
    }
  ]
}