{
  "summary": {
    "scene_name": "Rockingchair_01_env_2",
    "psnr": 28.251245498657227,
    "lpips": 0.047119140625,
    "ssim": 0.9468215703964233
  },
  "per_view": [
    {
      "view": 66,
      "psnr": 24.3241024017334,
      "lpips": 0.05908203125,
      "ssim": 0.9240605235099792
    },
    {
      "view": 78,
      "psnr": 29.080467224121094,
      "lpips": 0.044921875,
      "ssim": 0.9534398913383484
    },
    {
      "view": 79,
      "psnr": 29.349489212036133,
      "lpips": 0.042724609375,
      "ssim": 0.9545021057128906
    },
    {
      "view": 86,
      "psnr": 30.25092315673828,
      "lpips": 0.0419921875,
      "ssim": 0.9552838206291199
    }
  ]
}