{
  "summary": {
    "scene_name": "Rockingchair_01_white_env_0",
    "psnr": 29.750465393066406,
    "lpips": 0.035888671875,
    "ssim": 0.9630016088485718
  },
  "per_view": [
    {
      "view": 66,
      "psnr": 30.357521057128906,
      "lpips": 0.031005859375,
      "ssim": 0.9667277932167053
    },
    {
      "view": 78,
      "psnr": 28.510906219482422,
      "lpips": 0.04052734375,
      "ssim": 0.9600591659545898
    },
    {
      "view": 79,
      "psnr": 30.028812408447266,
      "lpips": 0.03759765625,
      "ssim": 0.9641826748847961
    },
    {
      "view": 86,
      "psnr": 30.10462188720703,
      "lpips": 0.0341796875,
      "ssim": 0.9610368609428406
    }
  ]
}