{
  "summary": {
    "scene_name": "Rockingchair_01_env_0",
    "psnr": 29.744945526123047,
    "lpips": 0.04443359375,
    "ssim": 0.9635369777679443
  },
  "per_view": [
    {
      "view": 66,
      "psnr": 30.093591690063477,
      "lpips": 0.041748046875,
      "ssim": 0.9673269391059875
    },
    {
      "view": 78,
      "psnr": 28.302364349365234,
      "lpips": 0.04833984375,
      "ssim": 0.9585538506507874
    },
    {
      "view": 79,
      "psnr": 29.883193969726562,
      "lpips": 0.04443359375,
      "ssim": 0.9640981554985046
    },
    {
      "view": 86,
      "psnr": 30.70062828063965,
      "lpips": 0.04296875,
      "ssim": 0.9641688466072083
    }
  ]
}