{
  "summary": {
    "scene_name": "round_wooden_table_01_env_0",
    "psnr": 31.671735763549805,
    "lpips": 0.048095703125,
    "ssim": 0.9778274297714233
  },
  "per_view": [
    {
      "view": 69,
      "psnr": 31.702945709228516,
      "lpips": 0.051025390625,
      "ssim": 0.9781230092048645
    },
    {
      "view": 72,
      "psnr": 31.580432891845703,
      "lpips": 0.052734375,
      "ssim": 0.978269100189209
    },
    {
      "view": 81,
      "psnr": 31.225339889526367,
      "lpips": 0.04345703125,
      "ssim": 0.977153480052948
    },
    {
      "view": 98,
      "psnr": 32.178226470947266,
      "lpips": 0.04541015625,
      "ssim": 0.9777640700340271
    }
  ]
}