{
  "summary": {
    "scene_name": "round_wooden_table_01_white_env_0",
    "psnr": 32.135597229003906,
    "lpips": 0.041259765625,
    "ssim": 0.9827173352241516
  },
  "per_view": [
    {
      "view": 69,
      "psnr": 32.55481719970703,
      "lpips": 0.04296875,
      "ssim": 0.9825067520141602
    },
    {
      "view": 72,
      "psnr": 32.28097152709961,
      "lpips": 0.0458984375,
      "ssim": 0.9836104512214661
    },
    {
      "view": 81,
      "psnr": 31.295913696289062,
      "lpips": 0.032958984375,
      "ssim": 0.9842667579650879
    },
    {
      "view": 98,
      "psnr": 32.41069412231445,
      "lpips": 0.04296875,
      "ssim": 0.9804854393005371
    }
  ]
}