{
  "summary": {
    "scene_name": "round_wooden_table_01_env_1",
    "psnr": 30.818317413330078,
    "lpips": 0.07177734375,
    "ssim": 0.9736336469650269
  },
  "per_view": [
    {
      "view": 69,
      "psnr": 31.594392776489258,
      "lpips": 0.07470703125,
      "ssim": 0.9748027920722961
    },
    {
      "view": 72,
      "psnr": 31.090171813964844,
      "lpips": 0.07470703125,
      "ssim": 0.9744408130645752
    },
    {
      "view": 81,
      "psnr": 29.978458404541016,
      "lpips": 0.06396484375,
      "ssim": 0.9720392823219299
    },
    {
      "view": 98,
      "psnr": 30.610244750976562,
      "lpips": 0.07373046875,
      "ssim": 0.9732518196105957
    }
  ]
}