{
  "summary": {
    "scene_name": "round_wooden_table_01_env_2",
    "psnr": 33.792724609375,
    "lpips": 0.0289306640625,
    "ssim": 0.9886427521705627
  },
  "per_view": [
    {
      "view": 69,
      "psnr": 34.031700134277344,
      "lpips": 0.03076171875,
      "ssim": 0.9890687465667725
    },
    {
      "view": 72,
      "psnr": 34.453983306884766,
      "lpips": 0.02978515625,
      "ssim": 0.9888677597045898
    },
    {
      "view": 81,
      "psnr": 33.81232833862305,
      "lpips": 0.024169921875,
      "ssim": 0.98923659324646
    },
    {
      "view": 98,
      "psnr": 32.87288284301758,
      "lpips": 0.031005859375,
      "ssim": 0.9873979687690735
    }
  ]
}