{
  "summary": {
    "scene_name": "rubber_duck_toy_white_env_0",
    "psnr": 30.647483825683594,
    "lpips": 0.0478515625,
    "ssim": 0.9669556617736816
  },
  "per_view": [
    {
      "view": 41,
      "psnr": 31.972867965698242,
      "lpips": 0.047607421875,
      "ssim": 0.9697761535644531
    },
    {
      "view": 47,
      "psnr": 31.33612060546875,
      "lpips": 0.052001953125,
      "ssim": 0.9665367603302002
    },
    {
      "view": 55,
      "psnr": 29.90900421142578,
      "lpips": 0.053955078125,
      "ssim": 0.9648422598838806
    },
    {
      "view": 74,
      "psnr": 29.371938705444336,
      "lpips": 0.038330078125,
      "ssim": 0.9666675925254822
    }
  ]
}