{
  "summary": {
    "scene_name": "rubber_duck_toy_env_0",
    "psnr": 18.240495681762695,
    "lpips": 0.1474609375,
    "ssim": 0.9065605998039246
  },
  "per_view": [
    {
      "view": 41,
      "psnr": 16.39333152770996,
      "lpips": 0.16796875,
      "ssim": 0.9119618535041809
    },
    {
      "view": 47,
      "psnr": 16.212039947509766,
      "lpips": 0.17578125,
      "ssim": 0.9044287204742432
    },
    {
      "view": 55,
      "psnr": 16.934829711914062,
      "lpips": 0.158203125,
      "ssim": 0.9024986624717712
    },
    {
      "view": 74,
      "psnr": 23.421781539916992,
      "lpips": 0.087890625,
      "ssim": 0.9073531627655029
    }
  ]
}