{
  "summary": {
    "scene_name": "rubber_duck_toy_env_2",
    "psnr": 24.549509048461914,
    "lpips": 0.1220703125,
    "ssim": 0.9090097546577454
  },
  "per_view": [
    {
      "view": 41,
      "psnr": 24.264453887939453,
      "lpips": 0.130859375,
      "ssim": 0.9027447700500488
    },
    {
      "view": 47,
      "psnr": 24.064952850341797,
      "lpips": 0.14453125,
      "ssim": 0.8913560509681702
    },
    {
      "view": 55,
      "psnr": 23.879806518554688,
      "lpips": 0.1435546875,
      "ssim": 0.8933237195014954
    },
    {
      "view": 74,
      "psnr": 25.98882293701172,
      "lpips": 0.0703125,
      "ssim": 0.9486145377159119
    }
  ]
}