{
  "summary": {
    "scene_name": "rubber_duck_toy_env_1",
    "psnr": 18.372556686401367,
    "lpips": 0.1611328125,
    "ssim": 0.9134773015975952
  },
  "per_view": [
    {
      "view": 41,
      "psnr": 16.353246688842773,
      "lpips": 0.1865234375,
      "ssim": 0.9100049138069153
    },
    {
      "view": 47,
      "psnr": 16.196903228759766,
      "lpips": 0.197265625,
      "ssim": 0.901958167552948
    },
    {
      "view": 55,
      "psnr": 17.12078285217285,
      "lpips": 0.1796875,
      "ssim": 0.9044222831726074
    },
    {
      "view": 74,
      "psnr": 23.81929588317871,
      "lpips": 0.08203125,
      "ssim": 0.9375237822532654
    }
  ]
}