{
  "summary": {
    "scene_name": "russian_food_cans_01_env_1",
    "psnr": 31.713159561157227,
    "lpips": 0.01055908203125,
    "ssim": 0.9851750135421753
  },
  "per_view": [
    {
      "view": 3,
      "psnr": 31.080318450927734,
      "lpips": 0.0096435546875,
      "ssim": 0.987777054309845
    },
    {
      "view": 10,
      "psnr": 31.74009132385254,
      "lpips": 0.0103759765625,
      "ssim": 0.9855698943138123
    },
    {
      "view": 25,
      "psnr": 32.03448486328125,
      "lpips": 0.01214599609375,
      "ssim": 0.9808269143104553
    },
    {
      "view": 46,
      "psnr": 31.997739791870117,
      "lpips": 0.010009765625,
      "ssim": 0.9865262508392334
    }
  ]
}