{
  "summary": {
    "scene_name": "russian_food_cans_01_env_2",
    "psnr": 31.907772064208984,
    "lpips": 0.01336669921875,
    "ssim": 0.9794664978981018
  },
  "per_view": [
    {
      "view": 3,
      "psnr": 31.082094192504883,
      "lpips": 0.0118408203125,
      "ssim": 0.9861629009246826
    },
    {
      "view": 10,
      "psnr": 32.207916259765625,
      "lpips": 0.013671875,
      "ssim": 0.9808196425437927
    },
    {
      "view": 25,
      "psnr": 31.679561614990234,
      "lpips": 0.016357421875,
      "ssim": 0.9713718891143799
    },
    {
      "view": 46,
      "psnr": 32.66151809692383,
      "lpips": 0.0115966796875,
      "ssim": 0.9795114994049072
    }
  ]
}