{
  "summary": {
    "scene_name": "russian_food_cans_01_env_0",
    "psnr": 25.03683853149414,
    "lpips": 0.0169677734375,
    "ssim": 0.9702766537666321
  },
  "per_view": [
    {
      "view": 3,
      "psnr": 24.95230484008789,
      "lpips": 0.0167236328125,
      "ssim": 0.9689784049987793
    },
    {
      "view": 10,
      "psnr": 24.33570098876953,
      "lpips": 0.0169677734375,
      "ssim": 0.966882050037384
    },
    {
      "view": 25,
      "psnr": 24.66687774658203,
      "lpips": 0.017822265625,
      "ssim": 0.9716823697090149
    },
    {
      "view": 46,
      "psnr": 26.192476272583008,
      "lpips": 0.016357421875,
      "ssim": 0.9735638499259949
    }
  ]
}