{
  "summary": {
    "scene_name": "russian_food_cans_01_white_env_0",
    "psnr": 31.859174728393555,
    "lpips": 0.01416015625,
    "ssim": 0.9756109118461609
  },
  "per_view": [
    {
      "view": 3,
      "psnr": 32.89229965209961,
      "lpips": 0.01214599609375,
      "ssim": 0.9842619299888611
    },
    {
      "view": 10,
      "psnr": 32.16722869873047,
      "lpips": 0.01336669921875,
      "ssim": 0.9776251912117004
    },
    {
      "view": 25,
      "psnr": 30.433048248291016,
      "lpips": 0.01611328125,
      "ssim": 0.9684507250785828
    },
    {
      "view": 46,
      "psnr": 31.94412612915039,
      "lpips": 0.014892578125,
      "ssim": 0.9721058011054993
    }
  ]
}