{
  "summary": {
    "scene_name": "rusted_wheel_rim_01_env_2",
    "psnr": 29.479835510253906,
    "lpips": 0.0908203125,
    "ssim": 0.9398858547210693
  },
  "per_view": [
    {
      "view": 83,
      "psnr": 28.569995880126953,
      "lpips": 0.0859375,
      "ssim": 0.9274362921714783
    },
    {
      "view": 88,
      "psnr": 29.052722930908203,
      "lpips": 0.08984375,
      "ssim": 0.9389037489891052
    },
    {
      "view": 93,
      "psnr": 30.446407318115234,
      "lpips": 0.09326171875,
      "ssim": 0.9457206726074219
    },
    {
      "view": 94,
      "psnr": 29.8502197265625,
      "lpips": 0.09375,
      "ssim": 0.9474827647209167
    }
  ]
}