{
  "summary": {
    "scene_name": "rusted_wheel_rim_01_env_1",
    "psnr": 31.040388107299805,
    "lpips": 0.06640625,
    "ssim": 0.9542037844657898
  },
  "per_view": [
    {
      "view": 83,
      "psnr": 30.69451141357422,
      "lpips": 0.06298828125,
      "ssim": 0.9480586051940918
    },
    {
      "view": 88,
      "psnr": 31.072166442871094,
      "lpips": 0.064453125,
      "ssim": 0.9560762047767639
    },
    {
      "view": 93,
      "psnr": 31.520267486572266,
      "lpips": 0.068359375,
      "ssim": 0.9567980766296387
    },
    {
      "view": 94,
      "psnr": 30.874605178833008,
      "lpips": 0.07080078125,
      "ssim": 0.9558822512626648
    }
  ]
}