{
  "summary": {
    "scene_name": "rusted_wheel_rim_01_env_0",
    "psnr": 25.605430603027344,
    "lpips": 0.07470703125,
    "ssim": 0.9369733333587646
  },
  "per_view": [
    {
      "view": 83,
      "psnr": 26.66982650756836,
      "lpips": 0.0751953125,
      "ssim": 0.9319688677787781
    },
    {
      "view": 88,
      "psnr": 26.342134475708008,
      "lpips": 0.07421875,
      "ssim": 0.9387766718864441
    },
    {
      "view": 93,
      "psnr": 24.892826080322266,
      "lpips": 0.0732421875,
      "ssim": 0.9391794800758362
    },
    {
      "view": 94,
      "psnr": 24.516937255859375,
      "lpips": 0.07666015625,
      "ssim": 0.9379684329032898
    }
  ]
}