{
  "summary": {
    "scene_name": "rusted_spade_01_env_0",
    "psnr": 38.50217819213867,
    "lpips": 0.0047607421875,
    "ssim": 0.9964234828948975
  },
  "per_view": [
    {
      "view": 25,
      "psnr": 37.14928436279297,
      "lpips": 0.0059814453125,
      "ssim": 0.9954877495765686
    },
    {
      "view": 29,
      "psnr": 39.5400276184082,
      "lpips": 0.004730224609375,
      "ssim": 0.9961328506469727
    },
    {
      "view": 38,
      "psnr": 38.476139068603516,
      "lpips": 0.004425048828125,
      "ssim": 0.9967368245124817
    },
    {
      "view": 40,
      "psnr": 38.84325408935547,
      "lpips": 0.0038604736328125,
      "ssim": 0.9973366260528564
    }
  ]
}