{
  "summary": {
    "scene_name": "rusted_wheel_rim_01_white_env_0",
    "psnr": 32.570350646972656,
    "lpips": 0.0732421875,
    "ssim": 0.9476335048675537
  },
  "per_view": [
    {
      "view": 83,
      "psnr": 33.58639144897461,
      "lpips": 0.0654296875,
      "ssim": 0.9474429488182068
    },
    {
      "view": 88,
      "psnr": 32.360084533691406,
      "lpips": 0.0712890625,
      "ssim": 0.945000946521759
    },
    {
      "view": 93,
      "psnr": 33.488800048828125,
      "lpips": 0.0751953125,
      "ssim": 0.9524754881858826
    },
    {
      "view": 94,
      "psnr": 30.846120834350586,
      "lpips": 0.08056640625,
      "ssim": 0.9456146359443665
    }
  ]
}