{
  "summary": {
    "scene_name": "rusted_spade_01_env_2",
    "psnr": 41.256832122802734,
    "lpips": 0.00335693359375,
    "ssim": 0.9979697465896606
  },
  "per_view": [
    {
      "view": 25,
      "psnr": 41.54082489013672,
      "lpips": 0.00433349609375,
      "ssim": 0.9978532195091248
    },
    {
      "view": 29,
      "psnr": 42.99195098876953,
      "lpips": 0.0030059814453125,
      "ssim": 0.9980898499488831
    },
    {
      "view": 38,
      "psnr": 40.54096221923828,
      "lpips": 0.003326416015625,
      "ssim": 0.9978376030921936
    },
    {
      "view": 40,
      "psnr": 39.95359420776367,
      "lpips": 0.002777099609375,
      "ssim": 0.9980983734130859
    }
  ]
}