{
  "summary": {
    "scene_name": "rusted_spade_01_env_1",
    "psnr": 40.29108810424805,
    "lpips": 0.003448486328125,
    "ssim": 0.9980773329734802
  },
  "per_view": [
    {
      "view": 25,
      "psnr": 39.95701599121094,
      "lpips": 0.003814697265625,
      "ssim": 0.9973325729370117
    },
    {
      "view": 29,
      "psnr": 42.388668060302734,
      "lpips": 0.003387451171875,
      "ssim": 0.9981490969657898
    },
    {
      "view": 38,
      "psnr": 39.56610870361328,
      "lpips": 0.00335693359375,
      "ssim": 0.9983553886413574
    },
    {
      "view": 40,
      "psnr": 39.25255584716797,
      "lpips": 0.003204345703125,
      "ssim": 0.9984722137451172
    }
  ]
}