{
  "summary": {
    "scene_name": "SchoolDesk_01_white_env_0",
    "psnr": 31.916542053222656,
    "lpips": 0.03369140625,
    "ssim": 0.9788821935653687
  },
  "per_view": [
    {
      "view": 58,
      "psnr": 28.755332946777344,
      "lpips": 0.049072265625,
      "ssim": 0.968943178653717
    },
    {
      "view": 59,
      "psnr": 31.670433044433594,
      "lpips": 0.03564453125,
      "ssim": 0.9776031970977783
    },
    {
      "view": 68,
      "psnr": 33.03974151611328,
      "lpips": 0.026611328125,
      "ssim": 0.983127772808075
    },
    {
      "view": 73,
      "psnr": 34.20065689086914,
      "lpips": 0.02392578125,
      "ssim": 0.9858546853065491
    }
  ]
}