{
  "summary": {
    "scene_name": "SchoolDesk_01_env_2",
    "psnr": 29.289936065673828,
    "lpips": 0.05517578125,
    "ssim": 0.9627848267555237
  },
  "per_view": [
    {
      "view": 58,
      "psnr": 27.022098541259766,
      "lpips": 0.06884765625,
      "ssim": 0.9605288505554199
    },
    {
      "view": 59,
      "psnr": 28.90098762512207,
      "lpips": 0.05810546875,
      "ssim": 0.9673523306846619
    },
    {
      "view": 68,
      "psnr": 30.40743637084961,
      "lpips": 0.0478515625,
      "ssim": 0.9631699919700623
    },
    {
      "view": 73,
      "psnr": 30.82921600341797,
      "lpips": 0.0458984375,
      "ssim": 0.9600880742073059
    }
  ]
}