{
  "summary": {
    "scene_name": "SchoolDesk_01_env_1",
    "psnr": 26.224552154541016,
    "lpips": 0.037109375,
    "ssim": 0.975629985332489
  },
  "per_view": [
    {
      "view": 58,
      "psnr": 25.875558853149414,
      "lpips": 0.040283203125,
      "ssim": 0.9717617034912109
    },
    {
      "view": 59,
      "psnr": 26.963947296142578,
      "lpips": 0.0380859375,
      "ssim": 0.9780240654945374
    },
    {
      "view": 68,
      "psnr": 25.846649169921875,
      "lpips": 0.03759765625,
      "ssim": 0.9752371311187744
    },
    {
      "view": 73,
      "psnr": 26.212047576904297,
      "lpips": 0.03271484375,
      "ssim": 0.9774971604347229
    }
  ]
}