{
  "summary": {
    "scene_name": "SchoolChair_01_env_1",
    "psnr": 31.227439880371094,
    "lpips": 0.029296875,
    "ssim": 0.9741430282592773
  },
  "per_view": [
    {
      "view": 22,
      "psnr": 31.077007293701172,
      "lpips": 0.03125,
      "ssim": 0.9660319685935974
    },
    {
      "view": 33,
      "psnr": 30.536941528320312,
      "lpips": 0.025390625,
      "ssim": 0.9719884991645813
    },
    {
      "view": 40,
      "psnr": 31.596479415893555,
      "lpips": 0.027099609375,
      "ssim": 0.9788265824317932
    },
    {
      "view": 60,
      "psnr": 31.699329376220703,
      "lpips": 0.033447265625,
      "ssim": 0.979725182056427
    }
  ]
}