{
  "summary": {
    "scene_name": "SchoolChair_01_white_env_0",
    "psnr": 30.83296775817871,
    "lpips": 0.0225830078125,
    "ssim": 0.9705928564071655
  },
  "per_view": [
    {
      "view": 22,
      "psnr": 28.905126571655273,
      "lpips": 0.0299072265625,
      "ssim": 0.9580193161964417
    },
    {
      "view": 33,
      "psnr": 29.602378845214844,
      "lpips": 0.0247802734375,
      "ssim": 0.9619314670562744
    },
    {
      "view": 40,
      "psnr": 30.741960525512695,
      "lpips": 0.018310546875,
      "ssim": 0.9731354713439941
    },
    {
      "view": 60,
      "psnr": 34.08240509033203,
      "lpips": 0.0172119140625,
      "ssim": 0.9892851710319519
    }
  ]
}