{
  "summary": {
    "scene_name": "SchoolChair_01_env_2",
    "psnr": 28.308027267456055,
    "lpips": 0.0274658203125,
    "ssim": 0.9669917225837708
  },
  "per_view": [
    {
      "view": 22,
      "psnr": 25.960453033447266,
      "lpips": 0.03076171875,
      "ssim": 0.9531537890434265
    },
    {
      "view": 33,
      "psnr": 26.8299503326416,
      "lpips": 0.02685546875,
      "ssim": 0.9589388370513916
    },
    {
      "view": 40,
      "psnr": 27.834186553955078,
      "lpips": 0.0230712890625,
      "ssim": 0.9713426232337952
    },
    {
      "view": 60,
      "psnr": 32.60751724243164,
      "lpips": 0.029052734375,
      "ssim": 0.984531581401825
    }
  ]
}