{
  "summary": {
    "scene_name": "SchoolDesk_01_env_0",
    "psnr": 28.400306701660156,
    "lpips": 0.027099609375,
    "ssim": 0.9817975759506226
  },
  "per_view": [
    {
      "view": 58,
      "psnr": 27.40484046936035,
      "lpips": 0.038330078125,
      "ssim": 0.9770806431770325
    },
    {
      "view": 59,
      "psnr": 29.14089012145996,
      "lpips": 0.0203857421875,
      "ssim": 0.9840983748435974
    },
    {
      "view": 68,
      "psnr": 28.2044620513916,
      "lpips": 0.02490234375,
      "ssim": 0.9831687808036804
    },
    {
      "view": 73,
      "psnr": 28.851030349731445,
      "lpips": 0.0247802734375,
      "ssim": 0.9828424453735352
    }
  ]
}