{
  "summary": {
    "scene_name": "SchoolChair_01_env_0",
    "psnr": 27.468101501464844,
    "lpips": 0.028564453125,
    "ssim": 0.9720281362533569
  },
  "per_view": [
    {
      "view": 22,
      "psnr": 25.50320816040039,
      "lpips": 0.0341796875,
      "ssim": 0.9628244042396545
    },
    {
      "view": 33,
      "psnr": 26.476730346679688,
      "lpips": 0.02685546875,
      "ssim": 0.9691756367683411
    },
    {
      "view": 40,
      "psnr": 29.20131492614746,
      "lpips": 0.0240478515625,
      "ssim": 0.9781510829925537
    },
    {
      "view": 60,
      "psnr": 28.69114875793457,
      "lpips": 0.029052734375,
      "ssim": 0.9779613614082336
    }
  ]
}