{
  "summary": {
    "scene_name": "security_camera_02_env_0",
    "psnr": 32.68534851074219,
    "lpips": 0.0181884765625,
    "ssim": 0.9857074022293091
  },
  "per_view": [
    {
      "view": 32,
      "psnr": 33.600372314453125,
      "lpips": 0.0208740234375,
      "ssim": 0.986814558506012
    },
    {
      "view": 51,
      "psnr": 31.728912353515625,
      "lpips": 0.02099609375,
      "ssim": 0.9869080185890198
    },
    {
      "view": 66,
      "psnr": 31.941753387451172,
      "lpips": 0.016357421875,
      "ssim": 0.9826738238334656
    },
    {
      "view": 76,
      "psnr": 33.4703483581543,
      "lpips": 0.01470947265625,
      "ssim": 0.9864332675933838
    }
  ]
}