{
  "summary": {
    "scene_name": "security_camera_01_white_env_0",
    "psnr": 33.568546295166016,
    "lpips": 0.03173828125,
    "ssim": 0.9792400598526001
  },
  "per_view": [
    {
      "view": 45,
      "psnr": 34.49473571777344,
      "lpips": 0.037109375,
      "ssim": 0.9786737561225891
    },
    {
      "view": 54,
      "psnr": 35.656002044677734,
      "lpips": 0.032958984375,
      "ssim": 0.9799510836601257
    },
    {
      "view": 63,
      "psnr": 32.8293342590332,
      "lpips": 0.03173828125,
      "ssim": 0.9786919951438904
    },
    {
      "view": 68,
      "psnr": 31.294105529785156,
      "lpips": 0.0247802734375,
      "ssim": 0.9796433448791504
    }
  ]
}