{
  "summary": {
    "scene_name": "security_camera_02_env_1",
    "psnr": 32.134124755859375,
    "lpips": 0.014892578125,
    "ssim": 0.9909795522689819
  },
  "per_view": [
    {
      "view": 32,
      "psnr": 32.14744567871094,
      "lpips": 0.01385498046875,
      "ssim": 0.9895730018615723
    },
    {
      "view": 51,
      "psnr": 32.5552978515625,
      "lpips": 0.017822265625,
      "ssim": 0.9927454590797424
    },
    {
      "view": 66,
      "psnr": 31.34093475341797,
      "lpips": 0.0159912109375,
      "ssim": 0.9891199469566345
    },
    {
      "view": 76,
      "psnr": 32.492820739746094,
      "lpips": 0.01190185546875,
      "ssim": 0.9924798011779785
    }
  ]
}