{
  "summary": {
    "scene_name": "security_camera_02_white_env_0",
    "psnr": 36.95277404785156,
    "lpips": 0.015625,
    "ssim": 0.9906084537506104
  },
  "per_view": [
    {
      "view": 32,
      "psnr": 36.85430908203125,
      "lpips": 0.016357421875,
      "ssim": 0.9891054630279541
    },
    {
      "view": 51,
      "psnr": 36.55829620361328,
      "lpips": 0.0191650390625,
      "ssim": 0.9910123944282532
    },
    {
      "view": 66,
      "psnr": 37.37530517578125,
      "lpips": 0.01556396484375,
      "ssim": 0.9888303875923157
    },
    {
      "view": 76,
      "psnr": 37.023189544677734,
      "lpips": 0.011474609375,
      "ssim": 0.993485689163208
    }
  ]
}