{
  "summary": {
    "scene_name": "security_camera_01_env_1",
    "psnr": 29.155258178710938,
    "lpips": 0.0244140625,
    "ssim": 0.9849784970283508
  },
  "per_view": [
    {
      "view": 45,
      "psnr": 29.83254623413086,
      "lpips": 0.0260009765625,
      "ssim": 0.9858382344245911
    },
    {
      "view": 54,
      "psnr": 29.972639083862305,
      "lpips": 0.026611328125,
      "ssim": 0.9866995811462402
    },
    {
      "view": 63,
      "psnr": 28.289588928222656,
      "lpips": 0.0245361328125,
      "ssim": 0.9831803441047668
    },
    {
      "view": 68,
      "psnr": 28.526264190673828,
      "lpips": 0.0206298828125,
      "ssim": 0.98419588804245
    }
  ]
}