{
  "summary": {
    "scene_name": "security_camera_01_env_0",
    "psnr": 37.27904510498047,
    "lpips": 0.0284423828125,
    "ssim": 0.9878550171852112
  },
  "per_view": [
    {
      "view": 45,
      "psnr": 37.337059020996094,
      "lpips": 0.0279541015625,
      "ssim": 0.9878230094909668
    },
    {
      "view": 54,
      "psnr": 38.02740478515625,
      "lpips": 0.03369140625,
      "ssim": 0.9879314303398132
    },
    {
      "view": 63,
      "psnr": 36.48286819458008,
      "lpips": 0.0274658203125,
      "ssim": 0.9869534373283386
    },
    {
      "view": 68,
      "psnr": 37.26885223388672,
      "lpips": 0.0245361328125,
      "ssim": 0.9887120723724365
    }
  ]
}