{
  "summary": {
    "scene_name": "security_camera_01_env_2",
    "psnr": 34.54246520996094,
    "lpips": 0.0235595703125,
    "ssim": 0.9905586242675781
  },
  "per_view": [
    {
      "view": 45,
      "psnr": 37.81572723388672,
      "lpips": 0.0234375,
      "ssim": 0.9906708598136902
    },
    {
      "view": 54,
      "psnr": 34.18550109863281,
      "lpips": 0.0277099609375,
      "ssim": 0.9906162619590759
    },
    {
      "view": 63,
      "psnr": 32.0093994140625,
      "lpips": 0.024169921875,
      "ssim": 0.989072322845459
    },
    {
      "view": 68,
      "psnr": 34.15923309326172,
      "lpips": 0.018798828125,
      "ssim": 0.991875171661377
    }
  ]
}