{
  "summary": {
    "scene_name": "security_camera_02_env_2",
    "psnr": 35.653594970703125,
    "lpips": 0.01324462890625,
    "ssim": 0.9922672510147095
  },
  "per_view": [
    {
      "view": 32,
      "psnr": 33.51362609863281,
      "lpips": 0.018310546875,
      "ssim": 0.9882366061210632
    },
    {
      "view": 51,
      "psnr": 36.116424560546875,
      "lpips": 0.012939453125,
      "ssim": 0.9941793084144592
    },
    {
      "view": 66,
      "psnr": 35.68086242675781,
      "lpips": 0.01202392578125,
      "ssim": 0.9920760989189148
    },
    {
      "view": 76,
      "psnr": 37.303462982177734,
      "lpips": 0.009765625,
      "ssim": 0.9945769309997559
    }
  ]
}