{
  "summary": {
    "scene_name": "seeding_tray_01_env_2",
    "psnr": 24.388174057006836,
    "lpips": 0.056640625,
    "ssim": 0.9087908267974854
  },
  "per_view": [
    {
      "view": 25,
      "psnr": 25.65517807006836,
      "lpips": 0.05908203125,
      "ssim": 0.9036526083946228
    },
    {
      "view": 36,
      "psnr": 24.74400520324707,
      "lpips": 0.049072265625,
      "ssim": 0.9223901629447937
    },
    {
      "view": 62,
      "psnr": 23.306047439575195,
      "lpips": 0.0595703125,
      "ssim": 0.9017417430877686
    },
    {
      "view": 63,
      "psnr": 23.84746551513672,
      "lpips": 0.058349609375,
      "ssim": 0.9073786735534668
    }
  ]
}