{
  "summary": {
    "scene_name": "seeding_tray_01_white_env_0",
    "psnr": 29.63001251220703,
    "lpips": 0.052001953125,
    "ssim": 0.9427646398544312
  },
  "per_view": [
    {
      "view": 25,
      "psnr": 31.13001251220703,
      "lpips": 0.05712890625,
      "ssim": 0.9325935244560242
    },
    {
      "view": 36,
      "psnr": 29.732925415039062,
      "lpips": 0.042236328125,
      "ssim": 0.9511341452598572
    },
    {
      "view": 62,
      "psnr": 28.743961334228516,
      "lpips": 0.0537109375,
      "ssim": 0.9436766505241394
    },
    {
      "view": 63,
      "psnr": 28.91315460205078,
      "lpips": 0.054931640625,
      "ssim": 0.9436543583869934
    }
  ]
}