{
  "summary": {
    "scene_name": "seeding_tray_01_env_0",
    "psnr": 26.34845542907715,
    "lpips": 0.0947265625,
    "ssim": 0.8603776693344116
  },
  "per_view": [
    {
      "view": 25,
      "psnr": 27.381046295166016,
      "lpips": 0.08935546875,
      "ssim": 0.8962464928627014
    },
    {
      "view": 36,
      "psnr": 26.406248092651367,
      "lpips": 0.1025390625,
      "ssim": 0.8431820869445801
    },
    {
      "view": 62,
      "psnr": 25.833316802978516,
      "lpips": 0.09375,
      "ssim": 0.8507415652275085
    },
    {
      "view": 63,
      "psnr": 25.773210525512695,
      "lpips": 0.09228515625,
      "ssim": 0.8513407111167908
    }
  ]
}