{
  "summary": {
    "scene_name": "seeding_tray_01_env_1",
    "psnr": 26.00423812866211,
    "lpips": 0.09716796875,
    "ssim": 0.8873153924942017
  },
  "per_view": [
    {
      "view": 25,
      "psnr": 28.66897964477539,
      "lpips": 0.0947265625,
      "ssim": 0.8915164470672607
    },
    {
      "view": 36,
      "psnr": 26.462413787841797,
      "lpips": 0.099609375,
      "ssim": 0.8856368064880371
    },
    {
      "view": 62,
      "psnr": 24.261178970336914,
      "lpips": 0.0966796875,
      "ssim": 0.8849952816963196
    },
    {
      "view": 63,
      "psnr": 24.62437629699707,
      "lpips": 0.09765625,
      "ssim": 0.8871131539344788
    }
  ]
}