{
  "summary": {
    "scene_name": "Shelf_01_env_2",
    "psnr": 26.70197105407715,
    "lpips": 0.0289306640625,
    "ssim": 0.965294361114502
  },
  "per_view": [
    {
      "view": 0,
      "psnr": 32.81248092651367,
      "lpips": 0.021484375,
      "ssim": 0.992971658706665
    },
    {
      "view": 47,
      "psnr": 30.845806121826172,
      "lpips": 0.0206298828125,
      "ssim": 0.9887693524360657
    },
    {
      "view": 80,
      "psnr": 20.542911529541016,
      "lpips": 0.044921875,
      "ssim": 0.9231899380683899
    },
    {
      "view": 93,
      "psnr": 22.606685638427734,
      "lpips": 0.028564453125,
      "ssim": 0.9562466740608215
    }
  ]
}