{
  "summary": {
    "scene_name": "Shelf_01_env_0",
    "psnr": 33.7495231628418,
    "lpips": 0.0247802734375,
    "ssim": 0.9795705080032349
  },
  "per_view": [
    {
      "view": 0,
      "psnr": 34.75476837158203,
      "lpips": 0.0196533203125,
      "ssim": 0.9908146858215332
    },
    {
      "view": 47,
      "psnr": 34.51377487182617,
      "lpips": 0.016357421875,
      "ssim": 0.993093729019165
    },
    {
      "view": 80,
      "psnr": 32.64921188354492,
      "lpips": 0.032958984375,
      "ssim": 0.9593189358711243
    },
    {
      "view": 93,
      "psnr": 33.080345153808594,
      "lpips": 0.0302734375,
      "ssim": 0.9750547409057617
    }
  ]
}