{
  "summary": {
    "scene_name": "Shelf_01_env_1",
    "psnr": 30.137807846069336,
    "lpips": 0.029052734375,
    "ssim": 0.9714676737785339
  },
  "per_view": [
    {
      "view": 0,
      "psnr": 29.505483627319336,
      "lpips": 0.0244140625,
      "ssim": 0.9885771870613098
    },
    {
      "view": 47,
      "psnr": 32.437774658203125,
      "lpips": 0.0181884765625,
      "ssim": 0.9903711676597595
    },
    {
      "view": 80,
      "psnr": 30.52199935913086,
      "lpips": 0.038330078125,
      "ssim": 0.944010317325592
    },
    {
      "view": 93,
      "psnr": 28.085973739624023,
      "lpips": 0.035400390625,
      "ssim": 0.9629120230674744
    }
  ]
}