{
  "summary": {
    "scene_name": "Shelf_01_white_env_0",
    "psnr": 38.12228012084961,
    "lpips": 0.017578125,
    "ssim": 0.9871407747268677
  },
  "per_view": [
    {
      "view": 0,
      "psnr": 43.986263275146484,
      "lpips": 0.01434326171875,
      "ssim": 0.9960448741912842
    },
    {
      "view": 47,
      "psnr": 36.022308349609375,
      "lpips": 0.0130615234375,
      "ssim": 0.992036759853363
    },
    {
      "view": 80,
      "psnr": 33.09696578979492,
      "lpips": 0.027587890625,
      "ssim": 0.9735103249549866
    },
    {
      "view": 93,
      "psnr": 39.383583068847656,
      "lpips": 0.01556396484375,
      "ssim": 0.9869711995124817
    }
  ]
}