{
  "summary": {
    "scene_name": "ship_pinnace_white_env_0",
    "psnr": Infinity,
    "lpips": 0.0074462890625,
    "ssim": 0.9995537996292114
  },
  "per_view": [
    {
      "view": 70,
      "psnr": Infinity,
      "lpips": 0.0,
      "ssim": 1.0
    },
    {
      "view": 71,
      "psnr": Infinity,
      "lpips": 0.0,
      "ssim": 1.0
    },
    {
      "view": 80,
      "psnr": 42.12617874145508,
      "lpips": 0.0263671875,
      "ssim": 0.9984704852104187
    },
    {
      "view": 98,
      "psnr": 63.624237060546875,
      "lpips": 0.00341796875,
      "ssim": 0.9997445940971375
    }
  ]
}