{
  "summary": {
    "scene_name": "ship_pinnace_env_0",
    "psnr": Infinity,
    "lpips": 0.007293701171875,
    "ssim": 0.9994488954544067
  },
  "per_view": [
    {
      "view": 70,
      "psnr": Infinity,
      "lpips": 0.0,
      "ssim": 1.0
    },
    {
      "view": 71,
      "psnr": Infinity,
      "lpips": 0.0,
      "ssim": 1.0
    },
    {
      "view": 80,
      "psnr": 39.39866256713867,
      "lpips": 0.0257568359375,
      "ssim": 0.9980508685112
    },
    {
      "view": 98,
      "psnr": 63.624237060546875,
      "lpips": 0.00341796875,
      "ssim": 0.9997445940971375
    }
  ]
}