{
  "summary": {
    "scene_name": "ship_pinnace_env_2",
    "psnr": Infinity,
    "lpips": 0.0072021484375,
    "ssim": 0.9996086955070496
  },
  "per_view": [
    {
      "view": 70,
      "psnr": Infinity,
      "lpips": 0.0,
      "ssim": 1.0
    },
    {
      "view": 71,
      "psnr": Infinity,
      "lpips": 0.0,
      "ssim": 1.0
    },
    {
      "view": 80,
      "psnr": 44.975486755371094,
      "lpips": 0.025390625,
      "ssim": 0.998690128326416
    },
    {
      "view": 98,
      "psnr": 63.624237060546875,
      "lpips": 0.00341796875,
      "ssim": 0.9997445940971375
    }
  ]
}