{
  "summary": {
    "scene_name": "side_table_01_env_0",
    "psnr": 20.988113403320312,
    "lpips": 0.173828125,
    "ssim": 0.8418258428573608
  },
  "per_view": [
    {
      "view": 44,
      "psnr": 24.090059280395508,
      "lpips": 0.15234375,
      "ssim": 0.8742703795433044
    },
    {
      "view": 76,
      "psnr": 24.57411003112793,
      "lpips": 0.16796875,
      "ssim": 0.8751270771026611
    },
    {
      "view": 80,
      "psnr": 17.271787643432617,
      "lpips": 0.185546875,
      "ssim": 0.809198796749115
    },
    {
      "view": 87,
      "psnr": 18.016498565673828,
      "lpips": 0.1875,
      "ssim": 0.8087071776390076
    }
  ]
}