{
  "summary": {
    "scene_name": "side_table_01_white_env_0",
    "psnr": 27.428312301635742,
    "lpips": 0.123046875,
    "ssim": 0.898195743560791
  },
  "per_view": [
    {
      "view": 44,
      "psnr": 28.8826904296875,
      "lpips": 0.1162109375,
      "ssim": 0.8897600173950195
    },
    {
      "view": 76,
      "psnr": 24.634084701538086,
      "lpips": 0.1484375,
      "ssim": 0.8991006016731262
    },
    {
      "view": 80,
      "psnr": 26.553913116455078,
      "lpips": 0.1220703125,
      "ssim": 0.9106822609901428
    },
    {
      "view": 87,
      "psnr": 29.642560958862305,
      "lpips": 0.10595703125,
      "ssim": 0.8932400345802307
    }
  ]
}