{
  "summary": {
    "scene_name": "side_table_01_env_2",
    "psnr": 29.438732147216797,
    "lpips": 0.1240234375,
    "ssim": 0.9171085357666016
  },
  "per_view": [
    {
      "view": 44,
      "psnr": 30.229921340942383,
      "lpips": 0.1220703125,
      "ssim": 0.9143975377082825
    },
    {
      "view": 76,
      "psnr": 29.141555786132812,
      "lpips": 0.13671875,
      "ssim": 0.9175562858581543
    },
    {
      "view": 80,
      "psnr": 28.52519989013672,
      "lpips": 0.1201171875,
      "ssim": 0.92050701379776
    },
    {
      "view": 87,
      "psnr": 29.85824966430664,
      "lpips": 0.11767578125,
      "ssim": 0.9159734845161438
    }
  ]
}