{
  "summary": {
    "scene_name": "side_table_01_env_1",
    "psnr": 21.11583137512207,
    "lpips": 0.2236328125,
    "ssim": 0.8834275603294373
  },
  "per_view": [
    {
      "view": 44,
      "psnr": 22.43868064880371,
      "lpips": 0.208984375,
      "ssim": 0.9006600379943848
    },
    {
      "view": 76,
      "psnr": 19.759302139282227,
      "lpips": 0.236328125,
      "ssim": 0.8695060610771179
    },
    {
      "view": 80,
      "psnr": 20.70241928100586,
      "lpips": 0.21484375,
      "ssim": 0.8800831437110901
    },
    {
      "view": 87,
      "psnr": 21.56292152404785,
      "lpips": 0.234375,
      "ssim": 0.8834609389305115
    }
  ]
}