{
  "summary": {
    "scene_name": "sledgehammer_01_env_0",
    "psnr": 39.70272445678711,
    "lpips": 0.004669189453125,
    "ssim": 0.9967445731163025
  },
  "per_view": [
    {
      "view": 34,
      "psnr": 38.12666320800781,
      "lpips": 0.00531005859375,
      "ssim": 0.9957866668701172
    },
    {
      "view": 74,
      "psnr": 39.915374755859375,
      "lpips": 0.006103515625,
      "ssim": 0.9968332648277283
    },
    {
      "view": 83,
      "psnr": 40.956016540527344,
      "lpips": 0.0034637451171875,
      "ssim": 0.9973962306976318
    },
    {
      "view": 91,
      "psnr": 39.81283950805664,
      "lpips": 0.003753662109375,
      "ssim": 0.9969621300697327
    }
  ]
}