{
  "summary": {
    "scene_name": "sledgehammer_01_env_2",
    "psnr": 39.85961151123047,
    "lpips": 0.004608154296875,
    "ssim": 0.9968336224555969
  },
  "per_view": [
    {
      "view": 34,
      "psnr": 39.35458755493164,
      "lpips": 0.004852294921875,
      "ssim": 0.9966322779655457
    },
    {
      "view": 74,
      "psnr": 39.44968795776367,
      "lpips": 0.004669189453125,
      "ssim": 0.9965415596961975
    },
    {
      "view": 83,
      "psnr": 40.38255310058594,
      "lpips": 0.00439453125,
      "ssim": 0.9970095157623291
    },
    {
      "view": 91,
      "psnr": 40.25162124633789,
      "lpips": 0.0045166015625,
      "ssim": 0.9971511960029602
    }
  ]
}