{
  "summary": {
    "scene_name": "sledgehammer_01_env_1",
    "psnr": 37.73033905029297,
    "lpips": 0.00860595703125,
    "ssim": 0.9952272176742554
  },
  "per_view": [
    {
      "view": 34,
      "psnr": 38.735130310058594,
      "lpips": 0.0093994140625,
      "ssim": 0.9954244494438171
    },
    {
      "view": 74,
      "psnr": 37.62604522705078,
      "lpips": 0.0079345703125,
      "ssim": 0.9950487017631531
    },
    {
      "view": 83,
      "psnr": 37.42380142211914,
      "lpips": 0.0096435546875,
      "ssim": 0.9951117038726807
    },
    {
      "view": 91,
      "psnr": 37.13637161254883,
      "lpips": 0.007537841796875,
      "ssim": 0.9953241944313049
    }
  ]
}