{
  "summary": {
    "scene_name": "sledgehammer_01_white_env_0",
    "psnr": 34.69932174682617,
    "lpips": 0.009521484375,
    "ssim": 0.9939539432525635
  },
  "per_view": [
    {
      "view": 34,
      "psnr": 35.628170013427734,
      "lpips": 0.005645751953125,
      "ssim": 0.9949623942375183
    },
    {
      "view": 74,
      "psnr": 36.00471496582031,
      "lpips": 0.00787353515625,
      "ssim": 0.9947291016578674
    },
    {
      "view": 83,
      "psnr": 34.332088470458984,
      "lpips": 0.010498046875,
      "ssim": 0.993628203868866
    },
    {
      "view": 91,
      "psnr": 32.832313537597656,
      "lpips": 0.0140380859375,
      "ssim": 0.9924961924552917
    }
  ]
}