{
  "summary": {
    "scene_name": "small_oil_can_01_env_0",
    "psnr": 32.553863525390625,
    "lpips": 0.023193359375,
    "ssim": 0.973272979259491
  },
  "per_view": [
    {
      "view": 34,
      "psnr": 31.65570068359375,
      "lpips": 0.0244140625,
      "ssim": 0.9684932231903076
    },
    {
      "view": 47,
      "psnr": 34.09339141845703,
      "lpips": 0.017822265625,
      "ssim": 0.9773969054222107
    },
    {
      "view": 57,
      "psnr": 32.48703384399414,
      "lpips": 0.02490234375,
      "ssim": 0.975203275680542
    },
    {
      "view": 60,
      "psnr": 31.979320526123047,
      "lpips": 0.02587890625,
      "ssim": 0.9719985127449036
    }
  ]
}