{
  "summary": {
    "scene_name": "small_wooden_table_01_env_1",
    "psnr": 32.34340286254883,
    "lpips": 0.03369140625,
    "ssim": 0.9805741906166077
  },
  "per_view": [
    {
      "view": 15,
      "psnr": 32.084163665771484,
      "lpips": 0.02880859375,
      "ssim": 0.9821563363075256
    },
    {
      "view": 38,
      "psnr": 31.756229400634766,
      "lpips": 0.03271484375,
      "ssim": 0.979252278804779
    },
    {
      "view": 45,
      "psnr": 31.70703887939453,
      "lpips": 0.03515625,
      "ssim": 0.9794324040412903
    },
    {
      "view": 53,
      "psnr": 33.826175689697266,
      "lpips": 0.0380859375,
      "ssim": 0.9814558029174805
    }
  ]
}