{
  "summary": {
    "scene_name": "small_wooden_table_01_env_2",
    "psnr": 33.49376678466797,
    "lpips": 0.03369140625,
    "ssim": 0.982120931148529
  },
  "per_view": [
    {
      "view": 15,
      "psnr": 31.539838790893555,
      "lpips": 0.03515625,
      "ssim": 0.9771987795829773
    },
    {
      "view": 38,
      "psnr": 33.760467529296875,
      "lpips": 0.032470703125,
      "ssim": 0.9824762344360352
    },
    {
      "view": 45,
      "psnr": 34.765647888183594,
      "lpips": 0.032470703125,
      "ssim": 0.9845357537269592
    },
    {
      "view": 53,
      "psnr": 33.90910720825195,
      "lpips": 0.034423828125,
      "ssim": 0.9842729568481445
    }
  ]
}