{
  "summary": {
    "scene_name": "small_oil_can_01_env_1",
    "psnr": 33.591060638427734,
    "lpips": 0.0185546875,
    "ssim": 0.9776308536529541
  },
  "per_view": [
    {
      "view": 34,
      "psnr": 33.763755798339844,
      "lpips": 0.018798828125,
      "ssim": 0.9777793884277344
    },
    {
      "view": 47,
      "psnr": 33.52668380737305,
      "lpips": 0.01611328125,
      "ssim": 0.9790098071098328
    },
    {
      "view": 57,
      "psnr": 33.540260314941406,
      "lpips": 0.020263671875,
      "ssim": 0.977788507938385
    },
    {
      "view": 60,
      "psnr": 33.533546447753906,
      "lpips": 0.019287109375,
      "ssim": 0.9759456515312195
    }
  ]
}