{
  "summary": {
    "scene_name": "small_wooden_table_01_env_0",
    "psnr": 35.72924041748047,
    "lpips": 0.0322265625,
    "ssim": 0.9802271127700806
  },
  "per_view": [
    {
      "view": 15,
      "psnr": 34.412208557128906,
      "lpips": 0.0341796875,
      "ssim": 0.9748309254646301
    },
    {
      "view": 38,
      "psnr": 33.53916931152344,
      "lpips": 0.035888671875,
      "ssim": 0.9738650918006897
    },
    {
      "view": 45,
      "psnr": 36.660430908203125,
      "lpips": 0.029541015625,
      "ssim": 0.9844920635223389
    },
    {
      "view": 53,
      "psnr": 38.305145263671875,
      "lpips": 0.0289306640625,
      "ssim": 0.9877201914787292
    }
  ]
}