{
  "summary": {
    "scene_name": "small_wooden_table_01_white_env_0",
    "psnr": 32.12378692626953,
    "lpips": 0.037353515625,
    "ssim": 0.9760359525680542
  },
  "per_view": [
    {
      "view": 15,
      "psnr": 32.25259017944336,
      "lpips": 0.037353515625,
      "ssim": 0.9785180687904358
    },
    {
      "view": 38,
      "psnr": 30.787076950073242,
      "lpips": 0.03759765625,
      "ssim": 0.9779674410820007
    },
    {
      "view": 45,
      "psnr": 33.27202224731445,
      "lpips": 0.0361328125,
      "ssim": 0.9784263968467712
    },
    {
      "view": 53,
      "psnr": 32.1834602355957,
      "lpips": 0.03857421875,
      "ssim": 0.9692317843437195
    }
  ]
}