{
  "summary": {
    "scene_name": "small_oil_can_01_env_2",
    "psnr": 32.68656921386719,
    "lpips": 0.023193359375,
    "ssim": 0.9713259935379028
  },
  "per_view": [
    {
      "view": 34,
      "psnr": 31.201045989990234,
      "lpips": 0.0233154296875,
      "ssim": 0.9666588306427002
    },
    {
      "view": 47,
      "psnr": 33.904815673828125,
      "lpips": 0.01904296875,
      "ssim": 0.976607084274292
    },
    {
      "view": 57,
      "psnr": 33.93916320800781,
      "lpips": 0.0244140625,
      "ssim": 0.9742719531059265
    },
    {
      "view": 60,
      "psnr": 31.701257705688477,
      "lpips": 0.02587890625,
      "ssim": 0.9677661061286926
    }
  ]
}