{
  "summary": {
    "scene_name": "small_oil_can_01_white_env_0",
    "psnr": 35.761756896972656,
    "lpips": 0.016845703125,
    "ssim": 0.9798145890235901
  },
  "per_view": [
    {
      "view": 34,
      "psnr": 33.30182647705078,
      "lpips": 0.019775390625,
      "ssim": 0.9724721908569336
    },
    {
      "view": 47,
      "psnr": 37.31378173828125,
      "lpips": 0.01312255859375,
      "ssim": 0.9845045208930969
    },
    {
      "view": 57,
      "psnr": 37.65138626098633,
      "lpips": 0.01611328125,
      "ssim": 0.9835196137428284
    },
    {
      "view": 60,
      "psnr": 34.780029296875,
      "lpips": 0.018310546875,
      "ssim": 0.978762149810791
    }
  ]
}