{
  "summary": {
    "scene_name": "sofa_03_env_2",
    "psnr": 25.143749237060547,
    "lpips": 0.050537109375,
    "ssim": 0.9261776208877563
  },
  "per_view": [
    {
      "view": 27,
      "psnr": 22.4090576171875,
      "lpips": 0.0595703125,
      "ssim": 0.9182656407356262
    },
    {
      "view": 31,
      "psnr": 23.740501403808594,
      "lpips": 0.044921875,
      "ssim": 0.9205611348152161
    },
    {
      "view": 34,
      "psnr": 28.40105438232422,
      "lpips": 0.035400390625,
      "ssim": 0.9361365437507629
    },
    {
      "view": 43,
      "psnr": 26.02438735961914,
      "lpips": 0.062255859375,
      "ssim": 0.9297472834587097
    }
  ]
}