{
  "summary": {
    "scene_name": "sofa_03_env_0",
    "psnr": 28.068967819213867,
    "lpips": 0.048095703125,
    "ssim": 0.9657845497131348
  },
  "per_view": [
    {
      "view": 27,
      "psnr": 27.41054344177246,
      "lpips": 0.055419921875,
      "ssim": 0.9632967114448547
    },
    {
      "view": 31,
      "psnr": 26.601734161376953,
      "lpips": 0.05322265625,
      "ssim": 0.9636508822441101
    },
    {
      "view": 34,
      "psnr": 29.07018280029297,
      "lpips": 0.04052734375,
      "ssim": 0.9734616279602051
    },
    {
      "view": 43,
      "psnr": 29.19341278076172,
      "lpips": 0.04345703125,
      "ssim": 0.9627289772033691
    }
  ]
}