{
  "summary": {
    "scene_name": "sofa_03_white_env_0",
    "psnr": 24.92790985107422,
    "lpips": 0.0537109375,
    "ssim": 0.9451441764831543
  },
  "per_view": [
    {
      "view": 27,
      "psnr": 19.56454849243164,
      "lpips": 0.083984375,
      "ssim": 0.9085044264793396
    },
    {
      "view": 31,
      "psnr": 21.503820419311523,
      "lpips": 0.049560546875,
      "ssim": 0.9439941048622131
    },
    {
      "view": 34,
      "psnr": 27.632112503051758,
      "lpips": 0.040283203125,
      "ssim": 0.9672392010688782
    },
    {
      "view": 43,
      "psnr": 31.01116180419922,
      "lpips": 0.04150390625,
      "ssim": 0.9608390927314758
    }
  ]
}