{
  "summary": {
    "scene_name": "sofa_03_env_1",
    "psnr": 24.04156494140625,
    "lpips": 0.062255859375,
    "ssim": 0.9386473298072815
  },
  "per_view": [
    {
      "view": 27,
      "psnr": 20.1707820892334,
      "lpips": 0.08447265625,
      "ssim": 0.9112070202827454
    },
    {
      "view": 31,
      "psnr": 20.303667068481445,
      "lpips": 0.0693359375,
      "ssim": 0.9249212145805359
    },
    {
      "view": 34,
      "psnr": 24.96973991394043,
      "lpips": 0.05078125,
      "ssim": 0.9526317715644836
    },
    {
      "view": 43,
      "psnr": 30.72206687927246,
      "lpips": 0.044677734375,
      "ssim": 0.9658293724060059
    }
  ]
}