{
  "summary": {
    "scene_name": "spinning_wheel_01_env_1",
    "psnr": 31.663921356201172,
    "lpips": 0.0196533203125,
    "ssim": 0.9786632061004639
  },
  "per_view": [
    {
      "view": 58,
      "psnr": 29.566768646240234,
      "lpips": 0.0225830078125,
      "ssim": 0.974595844745636
    },
    {
      "view": 60,
      "psnr": 30.836259841918945,
      "lpips": 0.019775390625,
      "ssim": 0.9780436158180237
    },
    {
      "view": 71,
      "psnr": 33.584293365478516,
      "lpips": 0.018798828125,
      "ssim": 0.979679524898529
    },
    {
      "view": 92,
      "psnr": 32.66836166381836,
      "lpips": 0.017333984375,
      "ssim": 0.9823339581489563
    }
  ]
}