{
  "summary": {
    "scene_name": "spinning_wheel_01_env_0",
    "psnr": 31.63243865966797,
    "lpips": 0.0196533203125,
    "ssim": 0.9780019521713257
  },
  "per_view": [
    {
      "view": 58,
      "psnr": 30.289566040039062,
      "lpips": 0.021728515625,
      "ssim": 0.9749353528022766
    },
    {
      "view": 60,
      "psnr": 31.094541549682617,
      "lpips": 0.0186767578125,
      "ssim": 0.9771563410758972
    },
    {
      "view": 71,
      "psnr": 33.1588020324707,
      "lpips": 0.021484375,
      "ssim": 0.9775134921073914
    },
    {
      "view": 92,
      "psnr": 31.986845016479492,
      "lpips": 0.0166015625,
      "ssim": 0.9824026226997375
    }
  ]
}