{
  "summary": {
    "scene_name": "spinning_wheel_01_white_env_0",
    "psnr": 25.201465606689453,
    "lpips": 0.044189453125,
    "ssim": 0.9502501487731934
  },
  "per_view": [
    {
      "view": 58,
      "psnr": 25.1405029296875,
      "lpips": 0.045654296875,
      "ssim": 0.9502732157707214
    },
    {
      "view": 60,
      "psnr": 24.895919799804688,
      "lpips": 0.047119140625,
      "ssim": 0.9487054944038391
    },
    {
      "view": 71,
      "psnr": 24.91153335571289,
      "lpips": 0.044677734375,
      "ssim": 0.9494208693504333
    },
    {
      "view": 92,
      "psnr": 25.8579044342041,
      "lpips": 0.0390625,
      "ssim": 0.9526010155677795
    }
  ]
}