{
  "summary": {
    "scene_name": "spinning_wheel_01_env_2",
    "psnr": 27.681793212890625,
    "lpips": 0.03857421875,
    "ssim": 0.9629998207092285
  },
  "per_view": [
    {
      "view": 58,
      "psnr": 27.995702743530273,
      "lpips": 0.04150390625,
      "ssim": 0.9646959900856018
    },
    {
      "view": 60,
      "psnr": 27.508544921875,
      "lpips": 0.04248046875,
      "ssim": 0.961240291595459
    },
    {
      "view": 71,
      "psnr": 27.245656967163086,
      "lpips": 0.037841796875,
      "ssim": 0.9616556763648987
    },
    {
      "view": 92,
      "psnr": 27.977264404296875,
      "lpips": 0.0322265625,
      "ssim": 0.9644072651863098
    }
  ]
}