{
  "summary": {
    "scene_name": "spray_paint_bottles_02_white_env_0",
    "psnr": 27.14048194885254,
    "lpips": 0.05615234375,
    "ssim": 0.9257768392562866
  },
  "per_view": [
    {
      "view": 24,
      "psnr": 27.18836212158203,
      "lpips": 0.056884765625,
      "ssim": 0.93180912733078
    },
    {
      "view": 30,
      "psnr": 27.23586082458496,
      "lpips": 0.05908203125,
      "ssim": 0.9249146580696106
    },
    {
      "view": 41,
      "psnr": 27.318328857421875,
      "lpips": 0.05517578125,
      "ssim": 0.9243977665901184
    },
    {
      "view": 42,
      "psnr": 26.819374084472656,
      "lpips": 0.053955078125,
      "ssim": 0.9219856858253479
    }
  ]
}