{
  "summary": {
    "scene_name": "spray_paint_bottles_02_env_2",
    "psnr": 24.682470321655273,
    "lpips": 0.05908203125,
    "ssim": 0.915772557258606
  },
  "per_view": [
    {
      "view": 24,
      "psnr": 23.165550231933594,
      "lpips": 0.05908203125,
      "ssim": 0.9115113615989685
    },
    {
      "view": 30,
      "psnr": 24.803871154785156,
      "lpips": 0.057373046875,
      "ssim": 0.9169185161590576
    },
    {
      "view": 41,
      "psnr": 25.634708404541016,
      "lpips": 0.06103515625,
      "ssim": 0.9175162315368652
    },
    {
      "view": 42,
      "psnr": 25.125751495361328,
      "lpips": 0.05908203125,
      "ssim": 0.9171440005302429
    }
  ]
}