{
  "summary": {
    "scene_name": "spray_paint_bottles_02_env_1",
    "psnr": 28.547719955444336,
    "lpips": 0.04833984375,
    "ssim": 0.9355588555335999
  },
  "per_view": [
    {
      "view": 24,
      "psnr": 29.369935989379883,
      "lpips": 0.052490234375,
      "ssim": 0.9376828074455261
    },
    {
      "view": 30,
      "psnr": 28.6137752532959,
      "lpips": 0.047119140625,
      "ssim": 0.9392547011375427
    },
    {
      "view": 41,
      "psnr": 28.358020782470703,
      "lpips": 0.046142578125,
      "ssim": 0.9356843829154968
    },
    {
      "view": 42,
      "psnr": 27.84914779663086,
      "lpips": 0.0478515625,
      "ssim": 0.9296135306358337
    }
  ]
}