{
  "summary": {
    "scene_name": "spray_paint_bottles_02_env_0",
    "psnr": 26.291515350341797,
    "lpips": 0.064453125,
    "ssim": 0.9150989651679993
  },
  "per_view": [
    {
      "view": 24,
      "psnr": 25.661754608154297,
      "lpips": 0.06494140625,
      "ssim": 0.9188005924224854
    },
    {
      "view": 30,
      "psnr": 26.388761520385742,
      "lpips": 0.0625,
      "ssim": 0.9177178740501404
    },
    {
      "view": 41,
      "psnr": 26.827960968017578,
      "lpips": 0.0634765625,
      "ssim": 0.9151191115379333
    },
    {
      "view": 42,
      "psnr": 26.28758430480957,
      "lpips": 0.06591796875,
      "ssim": 0.9087582230567932
    }
  ]
}