{
  "summary": {
    "scene_name": "standing_picture_frame_01_env_0",
    "psnr": 25.838333129882812,
    "lpips": 0.041015625,
    "ssim": 0.9647378325462341
  },
  "per_view": [
    {
      "view": 38,
      "psnr": 27.917129516601562,
      "lpips": 0.0537109375,
      "ssim": 0.9665474891662598
    },
    {
      "view": 47,
      "psnr": 31.8071346282959,
      "lpips": 0.019287109375,
      "ssim": 0.9833860397338867
    },
    {
      "view": 83,
      "psnr": 22.05202865600586,
      "lpips": 0.046630859375,
      "ssim": 0.9550385475158691
    },
    {
      "view": 87,
      "psnr": 21.577035903930664,
      "lpips": 0.044677734375,
      "ssim": 0.9539791941642761
    }
  ]
}