{
  "summary": {
    "scene_name": "standing_picture_frame_01_white_env_0",
    "psnr": 31.83440589904785,
    "lpips": 0.029052734375,
    "ssim": 0.9772899150848389
  },
  "per_view": [
    {
      "view": 38,
      "psnr": 31.2113037109375,
      "lpips": 0.0419921875,
      "ssim": 0.9680359959602356
    },
    {
      "view": 47,
      "psnr": 35.66034698486328,
      "lpips": 0.01373291015625,
      "ssim": 0.9866467118263245
    },
    {
      "view": 83,
      "psnr": 29.917966842651367,
      "lpips": 0.03271484375,
      "ssim": 0.9754104018211365
    },
    {
      "view": 87,
      "psnr": 30.548004150390625,
      "lpips": 0.0279541015625,
      "ssim": 0.9790663719177246
    }
  ]
}