{
  "summary": {
    "scene_name": "standing_picture_frame_02_env_0",
    "psnr": 30.245603561401367,
    "lpips": 0.026611328125,
    "ssim": 0.9790099263191223
  },
  "per_view": [
    {
      "view": 3,
      "psnr": 32.906253814697266,
      "lpips": 0.0172119140625,
      "ssim": 0.9865670204162598
    },
    {
      "view": 4,
      "psnr": 31.264516830444336,
      "lpips": 0.020751953125,
      "ssim": 0.9823278784751892
    },
    {
      "view": 74,
      "psnr": 28.20066261291504,
      "lpips": 0.04443359375,
      "ssim": 0.9701852798461914
    },
    {
      "view": 94,
      "psnr": 28.610980987548828,
      "lpips": 0.02392578125,
      "ssim": 0.9769595265388489
    }
  ]
}