{
  "summary": {
    "scene_name": "standing_picture_frame_02_env_1",
    "psnr": 27.41747283935547,
    "lpips": 0.03662109375,
    "ssim": 0.9710410833358765
  },
  "per_view": [
    {
      "view": 3,
      "psnr": 31.383060455322266,
      "lpips": 0.02001953125,
      "ssim": 0.9861655831336975
    },
    {
      "view": 4,
      "psnr": 30.7517147064209,
      "lpips": 0.022705078125,
      "ssim": 0.9848087430000305
    },
    {
      "view": 74,
      "psnr": 22.269575119018555,
      "lpips": 0.06787109375,
      "ssim": 0.9474871754646301
    },
    {
      "view": 94,
      "psnr": 25.265539169311523,
      "lpips": 0.03564453125,
      "ssim": 0.9657028317451477
    }
  ]
}