{
  "summary": {
    "scene_name": "standing_picture_frame_02_white_env_0",
    "psnr": 32.543819427490234,
    "lpips": 0.029296875,
    "ssim": 0.9757003784179688
  },
  "per_view": [
    {
      "view": 3,
      "psnr": 33.501277923583984,
      "lpips": 0.018310546875,
      "ssim": 0.983367383480072
    },
    {
      "view": 4,
      "psnr": 31.79772186279297,
      "lpips": 0.025146484375,
      "ssim": 0.9787091612815857
    },
    {
      "view": 74,
      "psnr": 31.852035522460938,
      "lpips": 0.0458984375,
      "ssim": 0.9657686352729797
    },
    {
      "view": 94,
      "psnr": 33.02425003051758,
      "lpips": 0.027587890625,
      "ssim": 0.9749564528465271
    }
  ]
}