{
  "summary": {
    "scene_name": "standing_picture_frame_02_env_2",
    "psnr": 25.129045486450195,
    "lpips": 0.0458984375,
    "ssim": 0.9414088726043701
  },
  "per_view": [
    {
      "view": 3,
      "psnr": 24.385753631591797,
      "lpips": 0.02490234375,
      "ssim": 0.9653423428535461
    },
    {
      "view": 4,
      "psnr": 23.61443328857422,
      "lpips": 0.03369140625,
      "ssim": 0.956852376461029
    },
    {
      "view": 74,
      "psnr": 26.09553337097168,
      "lpips": 0.08056640625,
      "ssim": 0.9033189415931702
    },
    {
      "view": 94,
      "psnr": 26.420461654663086,
      "lpips": 0.04443359375,
      "ssim": 0.9401219487190247
    }
  ]
}