{
  "summary": {
    "scene_name": "standing_chalkboard_01_env_0",
    "psnr": 35.126914978027344,
    "lpips": 0.0294189453125,
    "ssim": 0.9832167625427246
  },
  "per_view": [
    {
      "view": 28,
      "psnr": 38.27265930175781,
      "lpips": 0.041259765625,
      "ssim": 0.9847428202629089
    },
    {
      "view": 54,
      "psnr": 33.679588317871094,
      "lpips": 0.017822265625,
      "ssim": 0.9811850190162659
    },
    {
      "view": 61,
      "psnr": 33.80480194091797,
      "lpips": 0.025390625,
      "ssim": 0.9825930595397949
    },
    {
      "view": 64,
      "psnr": 34.7505989074707,
      "lpips": 0.033203125,
      "ssim": 0.9843462109565735
    }
  ]
}