{
  "summary": {
    "scene_name": "standing_picture_frame_01_env_2",
    "psnr": 28.7352294921875,
    "lpips": 0.0283203125,
    "ssim": 0.9736189842224121
  },
  "per_view": [
    {
      "view": 38,
      "psnr": 28.755691528320312,
      "lpips": 0.04052734375,
      "ssim": 0.9711508750915527
    },
    {
      "view": 47,
      "psnr": 32.069129943847656,
      "lpips": 0.0128173828125,
      "ssim": 0.9861319661140442
    },
    {
      "view": 83,
      "psnr": 27.109451293945312,
      "lpips": 0.03125,
      "ssim": 0.967224657535553
    },
    {
      "view": 87,
      "psnr": 27.006641387939453,
      "lpips": 0.028564453125,
      "ssim": 0.9699684977531433
    }
  ]
}