{
  "summary": {
    "scene_name": "standing_chalkboard_01_white_env_0",
    "psnr": 37.60032272338867,
    "lpips": 0.02392578125,
    "ssim": 0.9884330034255981
  },
  "per_view": [
    {
      "view": 28,
      "psnr": 36.86725616455078,
      "lpips": 0.0302734375,
      "ssim": 0.9899370074272156
    },
    {
      "view": 54,
      "psnr": 36.315467834472656,
      "lpips": 0.01806640625,
      "ssim": 0.9868040084838867
    },
    {
      "view": 61,
      "psnr": 38.362144470214844,
      "lpips": 0.021728515625,
      "ssim": 0.9881626963615417
    },
    {
      "view": 64,
      "psnr": 38.856422424316406,
      "lpips": 0.025390625,
      "ssim": 0.988828182220459
    }
  ]
}