{
  "summary": {
    "scene_name": "standing_chalkboard_01_env_2",
    "psnr": 36.222923278808594,
    "lpips": 0.0224609375,
    "ssim": 0.9862101078033447
  },
  "per_view": [
    {
      "view": 28,
      "psnr": 36.46712875366211,
      "lpips": 0.03125,
      "ssim": 0.9859890937805176
    },
    {
      "view": 54,
      "psnr": 35.08576202392578,
      "lpips": 0.0157470703125,
      "ssim": 0.9855987429618835
    },
    {
      "view": 61,
      "psnr": 36.58689880371094,
      "lpips": 0.01953125,
      "ssim": 0.9867652058601379
    },
    {
      "view": 64,
      "psnr": 36.75190353393555,
      "lpips": 0.0234375,
      "ssim": 0.9864873886108398
    }
  ]
}