{
  "summary": {
    "scene_name": "standing_picture_frame_01_env_1",
    "psnr": 27.280067443847656,
    "lpips": 0.03369140625,
    "ssim": 0.975961446762085
  },
  "per_view": [
    {
      "view": 38,
      "psnr": 26.82499885559082,
      "lpips": 0.05224609375,
      "ssim": 0.9617629647254944
    },
    {
      "view": 47,
      "psnr": 30.956037521362305,
      "lpips": 0.0196533203125,
      "ssim": 0.986003577709198
    },
    {
      "view": 83,
      "psnr": 25.672138214111328,
      "lpips": 0.03173828125,
      "ssim": 0.976545512676239
    },
    {
      "view": 87,
      "psnr": 25.66709327697754,
      "lpips": 0.031005859375,
      "ssim": 0.9795336723327637
    }
  ]
}