{
  "summary": {
    "scene_name": "standing_chalkboard_01_env_1",
    "psnr": 33.24054718017578,
    "lpips": 0.031005859375,
    "ssim": 0.9822006225585938
  },
  "per_view": [
    {
      "view": 28,
      "psnr": 36.20183563232422,
      "lpips": 0.0400390625,
      "ssim": 0.9873242974281311
    },
    {
      "view": 54,
      "psnr": 33.2303581237793,
      "lpips": 0.0185546875,
      "ssim": 0.9828860759735107
    },
    {
      "view": 61,
      "psnr": 31.658727645874023,
      "lpips": 0.029296875,
      "ssim": 0.9789764881134033
    },
    {
      "view": 64,
      "psnr": 31.87126350402832,
      "lpips": 0.036376953125,
      "ssim": 0.9796156287193298
    }
  ]
}