{
  "summary": {
    "scene_name": "steel_frame_shelves_01_env_0",
    "psnr": 25.3599910736084,
    "lpips": 0.031005859375,
    "ssim": 0.967559814453125
  },
  "per_view": [
    {
      "view": 14,
      "psnr": 24.062664031982422,
      "lpips": 0.029296875,
      "ssim": 0.9618920683860779
    },
    {
      "view": 46,
      "psnr": 28.748294830322266,
      "lpips": 0.026611328125,
      "ssim": 0.9807672500610352
    },
    {
      "view": 66,
      "psnr": 23.838224411010742,
      "lpips": 0.037841796875,
      "ssim": 0.9570706486701965
    },
    {
      "view": 79,
      "psnr": 24.790782928466797,
      "lpips": 0.030517578125,
      "ssim": 0.9705092310905457
    }
  ]
}