{
  "summary": {
    "scene_name": "steel_frame_shelves_01_env_1",
    "psnr": 26.002017974853516,
    "lpips": 0.0238037109375,
    "ssim": 0.9614472389221191
  },
  "per_view": [
    {
      "view": 14,
      "psnr": 26.015995025634766,
      "lpips": 0.023193359375,
      "ssim": 0.9574925899505615
    },
    {
      "view": 46,
      "psnr": 26.98969078063965,
      "lpips": 0.0234375,
      "ssim": 0.962689220905304
    },
    {
      "view": 66,
      "psnr": 25.627653121948242,
      "lpips": 0.0240478515625,
      "ssim": 0.9607312679290771
    },
    {
      "view": 79,
      "psnr": 25.374738693237305,
      "lpips": 0.0245361328125,
      "ssim": 0.9648759961128235
    }
  ]
}