{
  "summary": {
    "scene_name": "steel_frame_shelves_01_env_2",
    "psnr": 26.518739700317383,
    "lpips": 0.019775390625,
    "ssim": 0.9691983461380005
  },
  "per_view": [
    {
      "view": 14,
      "psnr": 26.499147415161133,
      "lpips": 0.02099609375,
      "ssim": 0.9712543487548828
    },
    {
      "view": 46,
      "psnr": 27.547714233398438,
      "lpips": 0.019287109375,
      "ssim": 0.9692490696907043
    },
    {
      "view": 66,
      "psnr": 26.202152252197266,
      "lpips": 0.0174560546875,
      "ssim": 0.966576337814331
    },
    {
      "view": 79,
      "psnr": 25.82594871520996,
      "lpips": 0.021240234375,
      "ssim": 0.9697136878967285
    }
  ]
}