{
  "summary": {
    "scene_name": "steel_frame_shelves_01_white_env_0",
    "psnr": 27.592069625854492,
    "lpips": 0.0191650390625,
    "ssim": 0.9714600443840027
  },
  "per_view": [
    {
      "view": 14,
      "psnr": 27.65239906311035,
      "lpips": 0.0191650390625,
      "ssim": 0.9726613163948059
    },
    {
      "view": 46,
      "psnr": 29.285541534423828,
      "lpips": 0.0186767578125,
      "ssim": 0.9728429317474365
    },
    {
      "view": 66,
      "psnr": 27.217365264892578,
      "lpips": 0.01708984375,
      "ssim": 0.969904899597168
    },
    {
      "view": 79,
      "psnr": 26.212970733642578,
      "lpips": 0.0216064453125,
      "ssim": 0.9704310297966003
    }
  ]
}