{
  "summary": {
    "scene_name": "stone_fire_pit_env_2",
    "psnr": 22.924779891967773,
    "lpips": 0.0947265625,
    "ssim": 0.8926312923431396
  },
  "per_view": [
    {
      "view": 34,
      "psnr": 21.901905059814453,
      "lpips": 0.08984375,
      "ssim": 0.8913307189941406
    },
    {
      "view": 51,
      "psnr": 23.07766342163086,
      "lpips": 0.0927734375,
      "ssim": 0.8954916000366211
    },
    {
      "view": 54,
      "psnr": 23.665922164916992,
      "lpips": 0.09228515625,
      "ssim": 0.8952743411064148
    },
    {
      "view": 68,
      "psnr": 23.05362892150879,
      "lpips": 0.10302734375,
      "ssim": 0.8884283900260925
    }
  ]
}