{
  "summary": {
    "scene_name": "stone_fire_pit_env_1",
    "psnr": 31.116016387939453,
    "lpips": 0.07763671875,
    "ssim": 0.9350779056549072
  },
  "per_view": [
    {
      "view": 34,
      "psnr": 32.25536346435547,
      "lpips": 0.072265625,
      "ssim": 0.9386832118034363
    },
    {
      "view": 51,
      "psnr": 30.792255401611328,
      "lpips": 0.07763671875,
      "ssim": 0.9342281222343445
    },
    {
      "view": 54,
      "psnr": 31.229894638061523,
      "lpips": 0.07080078125,
      "ssim": 0.9356987476348877
    },
    {
      "view": 68,
      "psnr": 30.186546325683594,
      "lpips": 0.08984375,
      "ssim": 0.9317013621330261
    }
  ]
}