{
  "summary": {
    "scene_name": "stone_fire_pit_white_env_0",
    "psnr": 31.977020263671875,
    "lpips": 0.07275390625,
    "ssim": 0.9353835582733154
  },
  "per_view": [
    {
      "view": 34,
      "psnr": 32.2928466796875,
      "lpips": 0.0673828125,
      "ssim": 0.9379767775535583
    },
    {
      "view": 51,
      "psnr": 32.451148986816406,
      "lpips": 0.06982421875,
      "ssim": 0.9367363452911377
    },
    {
      "view": 54,
      "psnr": 32.09473419189453,
      "lpips": 0.0693359375,
      "ssim": 0.9330564141273499
    },
    {
      "view": 68,
      "psnr": 31.069351196289062,
      "lpips": 0.0849609375,
      "ssim": 0.9337647557258606
    }
  ]
}