{
  "summary": {
    "scene_name": "stone_fire_pit_env_0",
    "psnr": 30.32555389404297,
    "lpips": 0.0791015625,
    "ssim": 0.9228532314300537
  },
  "per_view": [
    {
      "view": 34,
      "psnr": 30.382986068725586,
      "lpips": 0.0810546875,
      "ssim": 0.92165607213974
    },
    {
      "view": 51,
      "psnr": 31.09969711303711,
      "lpips": 0.072265625,
      "ssim": 0.928057849407196
    },
    {
      "view": 54,
      "psnr": 30.80693244934082,
      "lpips": 0.0703125,
      "ssim": 0.9243905544281006
    },
    {
      "view": 68,
      "psnr": 29.012603759765625,
      "lpips": 0.0927734375,
      "ssim": 0.9173082709312439
    }
  ]
}