{
  "summary": {
    "scene_name": "street_rat_env_2",
    "psnr": 31.740100860595703,
    "lpips": 0.015625,
    "ssim": 0.9845596551895142
  },
  "per_view": [
    {
      "view": 49,
      "psnr": 33.20486831665039,
      "lpips": 0.0123291015625,
      "ssim": 0.9894788265228271
    },
    {
      "view": 58,
      "psnr": 31.42605972290039,
      "lpips": 0.01519775390625,
      "ssim": 0.9870939254760742
    },
    {
      "view": 82,
      "psnr": 31.48575210571289,
      "lpips": 0.01806640625,
      "ssim": 0.9811684489250183
    },
    {
      "view": 84,
      "psnr": 30.843719482421875,
      "lpips": 0.0169677734375,
      "ssim": 0.9804973602294922
    }
  ]
}