{
  "summary": {
    "scene_name": "street_rat_white_env_0",
    "psnr": 33.61574935913086,
    "lpips": 0.01611328125,
    "ssim": 0.9866460561752319
  },
  "per_view": [
    {
      "view": 49,
      "psnr": 36.19783401489258,
      "lpips": 0.01336669921875,
      "ssim": 0.9913084506988525
    },
    {
      "view": 58,
      "psnr": 34.433231353759766,
      "lpips": 0.0137939453125,
      "ssim": 0.9891389012336731
    },
    {
      "view": 82,
      "psnr": 31.557329177856445,
      "lpips": 0.0191650390625,
      "ssim": 0.9833040237426758
    },
    {
      "view": 84,
      "psnr": 32.274600982666016,
      "lpips": 0.018310546875,
      "ssim": 0.9828329682350159
    }
  ]
}