{
  "summary": {
    "scene_name": "street_rat_env_0",
    "psnr": 28.801456451416016,
    "lpips": 0.01904296875,
    "ssim": 0.980973482131958
  },
  "per_view": [
    {
      "view": 49,
      "psnr": 30.161495208740234,
      "lpips": 0.0179443359375,
      "ssim": 0.9841275811195374
    },
    {
      "view": 58,
      "psnr": 28.77483558654785,
      "lpips": 0.0205078125,
      "ssim": 0.980408251285553
    },
    {
      "view": 82,
      "psnr": 28.011371612548828,
      "lpips": 0.019287109375,
      "ssim": 0.97971510887146
    },
    {
      "view": 84,
      "psnr": 28.25812339782715,
      "lpips": 0.0185546875,
      "ssim": 0.9796431064605713
    }
  ]
}