{
  "summary": {
    "scene_name": "street_rat_env_1",
    "psnr": 36.46771240234375,
    "lpips": 0.01544189453125,
    "ssim": 0.992810845375061
  },
  "per_view": [
    {
      "view": 49,
      "psnr": 35.855812072753906,
      "lpips": 0.01361083984375,
      "ssim": 0.992497980594635
    },
    {
      "view": 58,
      "psnr": 33.99773025512695,
      "lpips": 0.016845703125,
      "ssim": 0.9923503398895264
    },
    {
      "view": 82,
      "psnr": 37.839820861816406,
      "lpips": 0.0155029296875,
      "ssim": 0.9934507012367249
    },
    {
      "view": 84,
      "psnr": 38.17747497558594,
      "lpips": 0.015869140625,
      "ssim": 0.9929443001747131
    }
  ]
}