{
  "summary": {
    "scene_name": "sungka_board_env_2",
    "psnr": 35.42118835449219,
    "lpips": 0.008544921875,
    "ssim": 0.9937854409217834
  },
  "per_view": [
    {
      "view": 26,
      "psnr": 39.260398864746094,
      "lpips": 0.00555419921875,
      "ssim": 0.99658203125
    },
    {
      "view": 27,
      "psnr": 37.540714263916016,
      "lpips": 0.00433349609375,
      "ssim": 0.9964556694030762
    },
    {
      "view": 40,
      "psnr": 32.63145446777344,
      "lpips": 0.00970458984375,
      "ssim": 0.9918929934501648
    },
    {
      "view": 44,
      "psnr": 32.25217819213867,
      "lpips": 0.0145263671875,
      "ssim": 0.9902110695838928
    }
  ]
}