{
  "summary": {
    "scene_name": "sungka_board_white_env_0",
    "psnr": 34.2263298034668,
    "lpips": 0.020263671875,
    "ssim": 0.9761502742767334
  },
  "per_view": [
    {
      "view": 26,
      "psnr": 35.143882751464844,
      "lpips": 0.015869140625,
      "ssim": 0.9798173904418945
    },
    {
      "view": 27,
      "psnr": 35.18075942993164,
      "lpips": 0.0133056640625,
      "ssim": 0.9794869422912598
    },
    {
      "view": 40,
      "psnr": 33.90876388549805,
      "lpips": 0.0216064453125,
      "ssim": 0.9741336703300476
    },
    {
      "view": 44,
      "psnr": 32.671905517578125,
      "lpips": 0.0303955078125,
      "ssim": 0.9711632132530212
    }
  ]
}