{
  "summary": {
    "scene_name": "sungka_board_env_0",
    "psnr": 29.452411651611328,
    "lpips": 0.00836181640625,
    "ssim": 0.9920471906661987
  },
  "per_view": [
    {
      "view": 26,
      "psnr": 30.738948822021484,
      "lpips": 0.008544921875,
      "ssim": 0.9931554794311523
    },
    {
      "view": 27,
      "psnr": 30.369991302490234,
      "lpips": 0.006744384765625,
      "ssim": 0.9932788014411926
    },
    {
      "view": 40,
      "psnr": 28.613893508911133,
      "lpips": 0.008544921875,
      "ssim": 0.991325318813324
    },
    {
      "view": 44,
      "psnr": 28.086816787719727,
      "lpips": 0.009521484375,
      "ssim": 0.9904292225837708
    }
  ]
}