{
  "summary": {
    "scene_name": "sungka_board_env_1",
    "psnr": 33.97496795654297,
    "lpips": 0.021728515625,
    "ssim": 0.9840457439422607
  },
  "per_view": [
    {
      "view": 26,
      "psnr": 34.99668502807617,
      "lpips": 0.016845703125,
      "ssim": 0.9879193902015686
    },
    {
      "view": 27,
      "psnr": 36.15980529785156,
      "lpips": 0.01513671875,
      "ssim": 0.9869049191474915
    },
    {
      "view": 40,
      "psnr": 31.982202529907227,
      "lpips": 0.0244140625,
      "ssim": 0.9817201495170593
    },
    {
      "view": 44,
      "psnr": 32.761165618896484,
      "lpips": 0.03076171875,
      "ssim": 0.9796385765075684
    }
  ]
}