{
  "summary": {
    "scene_name": "Television_01_env_2",
    "psnr": 23.623260498046875,
    "lpips": 0.11083984375,
    "ssim": 0.8834667801856995
  },
  "per_view": [
    {
      "view": 17,
      "psnr": 19.84084701538086,
      "lpips": 0.12890625,
      "ssim": 0.8319886326789856
    },
    {
      "view": 47,
      "psnr": 26.16663932800293,
      "lpips": 0.09765625,
      "ssim": 0.9268690943717957
    },
    {
      "view": 70,
      "psnr": 24.772674560546875,
      "lpips": 0.103515625,
      "ssim": 0.8896169662475586
    },
    {
      "view": 80,
      "psnr": 23.71288299560547,
      "lpips": 0.11376953125,
      "ssim": 0.8853923678398132
    }
  ]
}