{
  "summary": {
    "scene_name": "Television_01_env_1",
    "psnr": 22.470413208007812,
    "lpips": 0.107421875,
    "ssim": 0.9076433181762695
  },
  "per_view": [
    {
      "view": 17,
      "psnr": 19.97294044494629,
      "lpips": 0.158203125,
      "ssim": 0.8284792304039001
    },
    {
      "view": 47,
      "psnr": 22.984600067138672,
      "lpips": 0.1103515625,
      "ssim": 0.9205039143562317
    },
    {
      "view": 70,
      "psnr": 23.618192672729492,
      "lpips": 0.0810546875,
      "ssim": 0.9405341744422913
    },
    {
      "view": 80,
      "psnr": 23.305919647216797,
      "lpips": 0.07958984375,
      "ssim": 0.9410560131072998
    }
  ]
}