{
  "summary": {
    "scene_name": "Television_01_white_env_0",
    "psnr": 27.483440399169922,
    "lpips": 0.11669921875,
    "ssim": 0.8835301399230957
  },
  "per_view": [
    {
      "view": 17,
      "psnr": 24.608640670776367,
      "lpips": 0.1552734375,
      "ssim": 0.8243264555931091
    },
    {
      "view": 47,
      "psnr": 29.439388275146484,
      "lpips": 0.10009765625,
      "ssim": 0.9199662804603577
    },
    {
      "view": 70,
      "psnr": 28.054000854492188,
      "lpips": 0.1083984375,
      "ssim": 0.8865391612052917
    },
    {
      "view": 80,
      "psnr": 27.83173370361328,
      "lpips": 0.103515625,
      "ssim": 0.9032886624336243
    }
  ]
}