{
  "summary": {
    "scene_name": "Television_01_env_0",
    "psnr": 23.103513717651367,
    "lpips": 0.1044921875,
    "ssim": 0.9041318893432617
  },
  "per_view": [
    {
      "view": 17,
      "psnr": 22.826330184936523,
      "lpips": 0.12060546875,
      "ssim": 0.8894113898277283
    },
    {
      "view": 47,
      "psnr": 24.00993537902832,
      "lpips": 0.1103515625,
      "ssim": 0.9257102012634277
    },
    {
      "view": 70,
      "psnr": 22.86760711669922,
      "lpips": 0.0927734375,
      "ssim": 0.9024035334587097
    },
    {
      "view": 80,
      "psnr": 22.710180282592773,
      "lpips": 0.0947265625,
      "ssim": 0.8990023136138916
    }
  ]
}