{
  "summary": {
    "scene_name": "throw_pillows_01_env_2",
    "psnr": 31.54852294921875,
    "lpips": 0.03125,
    "ssim": 0.9642041921615601
  },
  "per_view": [
    {
      "view": 15,
      "psnr": 30.758010864257812,
      "lpips": 0.029541015625,
      "ssim": 0.961733341217041
    },
    {
      "view": 19,
      "psnr": 31.244136810302734,
      "lpips": 0.031494140625,
      "ssim": 0.962811291217804
    },
    {
      "view": 40,
      "psnr": 32.20697021484375,
      "lpips": 0.032470703125,
      "ssim": 0.9667961597442627
    },
    {
      "view": 42,
      "psnr": 31.984968185424805,
      "lpips": 0.031982421875,
      "ssim": 0.9654759764671326
    }
  ]
}