{
  "summary": {
    "scene_name": "throw_pillows_01_env_1",
    "psnr": 29.72629165649414,
    "lpips": 0.039306640625,
    "ssim": 0.9408161640167236
  },
  "per_view": [
    {
      "view": 15,
      "psnr": 29.252899169921875,
      "lpips": 0.037109375,
      "ssim": 0.9297592639923096
    },
    {
      "view": 19,
      "psnr": 28.930789947509766,
      "lpips": 0.0390625,
      "ssim": 0.9277222752571106
    },
    {
      "view": 40,
      "psnr": 30.433055877685547,
      "lpips": 0.040771484375,
      "ssim": 0.9526153206825256
    },
    {
      "view": 42,
      "psnr": 30.28841781616211,
      "lpips": 0.0400390625,
      "ssim": 0.9531678557395935
    }
  ]
}