{
  "summary": {
    "scene_name": "throw_pillows_01_env_0",
    "psnr": 27.470422744750977,
    "lpips": 0.034912109375,
    "ssim": 0.9540034532546997
  },
  "per_view": [
    {
      "view": 15,
      "psnr": 26.118688583374023,
      "lpips": 0.035400390625,
      "ssim": 0.949904203414917
    },
    {
      "view": 19,
      "psnr": 26.05381202697754,
      "lpips": 0.03759765625,
      "ssim": 0.9490847587585449
    },
    {
      "view": 40,
      "psnr": 28.776859283447266,
      "lpips": 0.032958984375,
      "ssim": 0.9584802985191345
    },
    {
      "view": 42,
      "psnr": 28.932331085205078,
      "lpips": 0.03369140625,
      "ssim": 0.9585445523262024
    }
  ]
}