{
  "summary": {
    "scene_name": "throw_pillows_01_white_env_0",
    "psnr": 32.07984161376953,
    "lpips": 0.0303955078125,
    "ssim": 0.9628177285194397
  },
  "per_view": [
    {
      "view": 15,
      "psnr": 32.68279266357422,
      "lpips": 0.03271484375,
      "ssim": 0.9617049098014832
    },
    {
      "view": 19,
      "psnr": 32.598079681396484,
      "lpips": 0.03369140625,
      "ssim": 0.9599301815032959
    },
    {
      "view": 40,
      "psnr": 31.639575958251953,
      "lpips": 0.0279541015625,
      "ssim": 0.9649205207824707
    },
    {
      "view": 42,
      "psnr": 31.39892578125,
      "lpips": 0.0272216796875,
      "ssim": 0.9647151827812195
    }
  ]
}