{
  "summary": {
    "scene_name": "treasure_chest_env_0",
    "psnr": 26.536319732666016,
    "lpips": 0.11083984375,
    "ssim": 0.8560736179351807
  },
  "per_view": [
    {
      "view": 56,
      "psnr": 25.51469612121582,
      "lpips": 0.10302734375,
      "ssim": 0.8496580123901367
    },
    {
      "view": 67,
      "psnr": 26.674501419067383,
      "lpips": 0.107421875,
      "ssim": 0.8570743203163147
    },
    {
      "view": 70,
      "psnr": 26.851194381713867,
      "lpips": 0.111328125,
      "ssim": 0.8589579463005066
    },
    {
      "view": 72,
      "psnr": 27.10489273071289,
      "lpips": 0.12158203125,
      "ssim": 0.8586042523384094
    }
  ]
}