{
  "summary": {
    "scene_name": "treasure_chest_white_env_0",
    "psnr": 28.398849487304688,
    "lpips": 0.11181640625,
    "ssim": 0.852625846862793
  },
  "per_view": [
    {
      "view": 56,
      "psnr": 26.259483337402344,
      "lpips": 0.1015625,
      "ssim": 0.8371995091438293
    },
    {
      "view": 67,
      "psnr": 28.9980411529541,
      "lpips": 0.1044921875,
      "ssim": 0.8632680773735046
    },
    {
      "view": 70,
      "psnr": 28.88364601135254,
      "lpips": 0.11376953125,
      "ssim": 0.8563137650489807
    },
    {
      "view": 72,
      "psnr": 29.45423126220703,
      "lpips": 0.126953125,
      "ssim": 0.853722095489502
    }
  ]
}