{
  "summary": {
    "scene_name": "treasure_chest_env_1",
    "psnr": 23.098283767700195,
    "lpips": 0.11572265625,
    "ssim": 0.8298331499099731
  },
  "per_view": [
    {
      "view": 56,
      "psnr": 23.609006881713867,
      "lpips": 0.09716796875,
      "ssim": 0.8495338559150696
    },
    {
      "view": 67,
      "psnr": 23.113231658935547,
      "lpips": 0.109375,
      "ssim": 0.8336212038993835
    },
    {
      "view": 70,
      "psnr": 22.942235946655273,
      "lpips": 0.1171875,
      "ssim": 0.8243616223335266
    },
    {
      "view": 72,
      "psnr": 22.728662490844727,
      "lpips": 0.138671875,
      "ssim": 0.8118159770965576
    }
  ]
}