{
  "summary": {
    "scene_name": "treasure_chest_env_2",
    "psnr": 26.552391052246094,
    "lpips": 0.0927734375,
    "ssim": 0.8929378390312195
  },
  "per_view": [
    {
      "view": 56,
      "psnr": 27.121532440185547,
      "lpips": 0.0732421875,
      "ssim": 0.9034965634346008
    },
    {
      "view": 67,
      "psnr": 24.376352310180664,
      "lpips": 0.09765625,
      "ssim": 0.8894279599189758
    },
    {
      "view": 70,
      "psnr": 27.07528305053711,
      "lpips": 0.09423828125,
      "ssim": 0.8950789570808411
    },
    {
      "view": 72,
      "psnr": 27.636398315429688,
      "lpips": 0.10498046875,
      "ssim": 0.8837478756904602
    }
  ]
}