{
  "summary": {
    "scene_name": "trowel_01_white_env_0",
    "psnr": 34.30908203125,
    "lpips": 0.0130615234375,
    "ssim": 0.9897419810295105
  },
  "per_view": [
    {
      "view": 38,
      "psnr": 33.53068542480469,
      "lpips": 0.015625,
      "ssim": 0.9900930523872375
    },
    {
      "view": 43,
      "psnr": 32.726585388183594,
      "lpips": 0.01513671875,
      "ssim": 0.9888623356819153
    },
    {
      "view": 57,
      "psnr": 33.1746940612793,
      "lpips": 0.013916015625,
      "ssim": 0.9869059920310974
    },
    {
      "view": 77,
      "psnr": 37.804351806640625,
      "lpips": 0.007568359375,
      "ssim": 0.9931065440177917
    }
  ]
}