{
  "summary": {
    "scene_name": "trowel_01_env_2",
    "psnr": 35.529205322265625,
    "lpips": 0.01171875,
    "ssim": 0.9891504049301147
  },
  "per_view": [
    {
      "view": 38,
      "psnr": 36.20468521118164,
      "lpips": 0.0120849609375,
      "ssim": 0.9902889132499695
    },
    {
      "view": 43,
      "psnr": 34.75165939331055,
      "lpips": 0.0128173828125,
      "ssim": 0.9895510077476501
    },
    {
      "view": 57,
      "psnr": 34.356483459472656,
      "lpips": 0.0126953125,
      "ssim": 0.9870608448982239
    },
    {
      "view": 77,
      "psnr": 36.803985595703125,
      "lpips": 0.0091552734375,
      "ssim": 0.989700973033905
    }
  ]
}