{
  "summary": {
    "scene_name": "trowel_01_env_0",
    "psnr": 34.58394241333008,
    "lpips": 0.010498046875,
    "ssim": 0.991593599319458
  },
  "per_view": [
    {
      "view": 38,
      "psnr": 31.990009307861328,
      "lpips": 0.01129150390625,
      "ssim": 0.9905874133110046
    },
    {
      "view": 43,
      "psnr": 31.360742568969727,
      "lpips": 0.012939453125,
      "ssim": 0.9905011057853699
    },
    {
      "view": 57,
      "psnr": 34.80669403076172,
      "lpips": 0.00958251953125,
      "ssim": 0.9925478100776672
    },
    {
      "view": 77,
      "psnr": 40.17831802368164,
      "lpips": 0.00823974609375,
      "ssim": 0.9927382469177246
    }
  ]
}