{
  "summary": {
    "scene_name": "trowel_01_env_1",
    "psnr": 37.56290817260742,
    "lpips": 0.01287841796875,
    "ssim": 0.9910073280334473
  },
  "per_view": [
    {
      "view": 38,
      "psnr": 37.344730377197266,
      "lpips": 0.0140380859375,
      "ssim": 0.9906865954399109
    },
    {
      "view": 43,
      "psnr": 36.130184173583984,
      "lpips": 0.01708984375,
      "ssim": 0.9902089238166809
    },
    {
      "view": 57,
      "psnr": 37.86587905883789,
      "lpips": 0.0108642578125,
      "ssim": 0.9901597499847412
    },
    {
      "view": 77,
      "psnr": 38.91083908081055,
      "lpips": 0.009521484375,
      "ssim": 0.9929741024971008
    }
  ]
}