{
  "summary": {
    "scene_name": "Ukulele_01_env_0",
    "psnr": 36.96922302246094,
    "lpips": 0.0125732421875,
    "ssim": 0.9869871139526367
  },
  "per_view": [
    {
      "view": 62,
      "psnr": 37.049556732177734,
      "lpips": 0.01239013671875,
      "ssim": 0.9854546189308167
    },
    {
      "view": 70,
      "psnr": 37.39540100097656,
      "lpips": 0.0115966796875,
      "ssim": 0.9876337051391602
    },
    {
      "view": 75,
      "psnr": 36.52714157104492,
      "lpips": 0.013671875,
      "ssim": 0.9869658350944519
    },
    {
      "view": 93,
      "psnr": 36.90479278564453,
      "lpips": 0.0125732421875,
      "ssim": 0.9878944754600525
    }
  ]
}