{
  "summary": {
    "scene_name": "Ukulele_01_env_1",
    "psnr": 36.29283142089844,
    "lpips": 0.011474609375,
    "ssim": 0.9867317080497742
  },
  "per_view": [
    {
      "view": 62,
      "psnr": 35.889793395996094,
      "lpips": 0.01220703125,
      "ssim": 0.9858824610710144
    },
    {
      "view": 70,
      "psnr": 37.069610595703125,
      "lpips": 0.0113525390625,
      "ssim": 0.9865901470184326
    },
    {
      "view": 75,
      "psnr": 36.74927520751953,
      "lpips": 0.01104736328125,
      "ssim": 0.9859026074409485
    },
    {
      "view": 93,
      "psnr": 35.4626579284668,
      "lpips": 0.01129150390625,
      "ssim": 0.9885515570640564
    }
  ]
}