{
  "summary": {
    "scene_name": "Ukulele_01_env_2",
    "psnr": 35.84247970581055,
    "lpips": 0.01171875,
    "ssim": 0.9858760833740234
  },
  "per_view": [
    {
      "view": 62,
      "psnr": 35.33856201171875,
      "lpips": 0.01123046875,
      "ssim": 0.9858114123344421
    },
    {
      "view": 70,
      "psnr": 36.062252044677734,
      "lpips": 0.0111083984375,
      "ssim": 0.9850888252258301
    },
    {
      "view": 75,
      "psnr": 35.63648986816406,
      "lpips": 0.01300048828125,
      "ssim": 0.9839362502098083
    },
    {
      "view": 93,
      "psnr": 36.33261489868164,
      "lpips": 0.01153564453125,
      "ssim": 0.9886676669120789
    }
  ]
}