{
  "summary": {
    "scene_name": "Ukulele_01_white_env_0",
    "psnr": 38.29385757446289,
    "lpips": 0.00927734375,
    "ssim": 0.9902219772338867
  },
  "per_view": [
    {
      "view": 62,
      "psnr": 37.44798278808594,
      "lpips": 0.00927734375,
      "ssim": 0.98915034532547
    },
    {
      "view": 70,
      "psnr": 38.49845504760742,
      "lpips": 0.00885009765625,
      "ssim": 0.9906203150749207
    },
    {
      "view": 75,
      "psnr": 38.464969635009766,
      "lpips": 0.009521484375,
      "ssim": 0.990213930606842
    },
    {
      "view": 93,
      "psnr": 38.76401901245117,
      "lpips": 0.00933837890625,
      "ssim": 0.9909033179283142
    }
  ]
}