{
  "summary": {
    "scene_name": "utility_box_02_env_1",
    "psnr": 32.38723373413086,
    "lpips": 0.05712890625,
    "ssim": 0.9603812098503113
  },
  "per_view": [
    {
      "view": 55,
      "psnr": 31.035348892211914,
      "lpips": 0.05224609375,
      "ssim": 0.9630877375602722
    },
    {
      "view": 58,
      "psnr": 30.50754165649414,
      "lpips": 0.0546875,
      "ssim": 0.9566466808319092
    },
    {
      "view": 78,
      "psnr": 34.314273834228516,
      "lpips": 0.06103515625,
      "ssim": 0.9652984738349915
    },
    {
      "view": 85,
      "psnr": 33.691768646240234,
      "lpips": 0.060791015625,
      "ssim": 0.9564919471740723
    }
  ]
}