{
  "summary": {
    "scene_name": "utility_box_02_env_2",
    "psnr": 31.961200714111328,
    "lpips": 0.06396484375,
    "ssim": 0.9589516520500183
  },
  "per_view": [
    {
      "view": 55,
      "psnr": 33.15985107421875,
      "lpips": 0.0576171875,
      "ssim": 0.9649187922477722
    },
    {
      "view": 58,
      "psnr": 32.55216598510742,
      "lpips": 0.05615234375,
      "ssim": 0.9620876312255859
    },
    {
      "view": 78,
      "psnr": 31.55156135559082,
      "lpips": 0.072265625,
      "ssim": 0.9584736824035645
    },
    {
      "view": 85,
      "psnr": 30.581222534179688,
      "lpips": 0.0703125,
      "ssim": 0.9503263831138611
    }
  ]
}