{
  "summary": {
    "scene_name": "utility_box_02_env_0",
    "psnr": 28.53876495361328,
    "lpips": 0.06640625,
    "ssim": 0.9477828145027161
  },
  "per_view": [
    {
      "view": 55,
      "psnr": 28.27082061767578,
      "lpips": 0.052734375,
      "ssim": 0.9628732204437256
    },
    {
      "view": 58,
      "psnr": 28.68115234375,
      "lpips": 0.057861328125,
      "ssim": 0.9554509520530701
    },
    {
      "view": 78,
      "psnr": 29.561172485351562,
      "lpips": 0.076171875,
      "ssim": 0.9404906630516052
    },
    {
      "view": 85,
      "psnr": 27.64191436767578,
      "lpips": 0.0791015625,
      "ssim": 0.9323163032531738
    }
  ]
}