{
  "summary": {
    "scene_name": "utility_box_01_white_env_0",
    "psnr": 29.70566177368164,
    "lpips": 0.052734375,
    "ssim": 0.9695448875427246
  },
  "per_view": [
    {
      "view": 4,
      "psnr": 28.786630630493164,
      "lpips": 0.049072265625,
      "ssim": 0.9719275832176208
    },
    {
      "view": 26,
      "psnr": 27.25818634033203,
      "lpips": 0.060302734375,
      "ssim": 0.9629573225975037
    },
    {
      "view": 82,
      "psnr": 30.737586975097656,
      "lpips": 0.056640625,
      "ssim": 0.9682361483573914
    },
    {
      "view": 94,
      "psnr": 32.04024887084961,
      "lpips": 0.044677734375,
      "ssim": 0.9750585556030273
    }
  ]
}