{
  "summary": {
    "scene_name": "utility_box_02_white_env_0",
    "psnr": 31.08014678955078,
    "lpips": 0.06298828125,
    "ssim": 0.9585580229759216
  },
  "per_view": [
    {
      "view": 55,
      "psnr": 33.156341552734375,
      "lpips": 0.056640625,
      "ssim": 0.9620164036750793
    },
    {
      "view": 58,
      "psnr": 31.639087677001953,
      "lpips": 0.059326171875,
      "ssim": 0.9574031829833984
    },
    {
      "view": 78,
      "psnr": 29.0520076751709,
      "lpips": 0.0712890625,
      "ssim": 0.9574356079101562
    },
    {
      "view": 85,
      "psnr": 30.473155975341797,
      "lpips": 0.0654296875,
      "ssim": 0.9573769569396973
    }
  ]
}