{
  "summary": {
    "scene_name": "utility_box_01_env_1",
    "psnr": 30.030542373657227,
    "lpips": 0.03759765625,
    "ssim": 0.9766623973846436
  },
  "per_view": [
    {
      "view": 4,
      "psnr": 29.130441665649414,
      "lpips": 0.0341796875,
      "ssim": 0.9769031405448914
    },
    {
      "view": 26,
      "psnr": 32.10912322998047,
      "lpips": 0.043212890625,
      "ssim": 0.9837234616279602
    },
    {
      "view": 82,
      "psnr": 29.52094078063965,
      "lpips": 0.038330078125,
      "ssim": 0.9701017737388611
    },
    {
      "view": 94,
      "psnr": 29.361665725708008,
      "lpips": 0.034912109375,
      "ssim": 0.9759212136268616
    }
  ]
}