{
  "summary": {
    "scene_name": "utility_box_01_env_2",
    "psnr": 27.35080337524414,
    "lpips": 0.04736328125,
    "ssim": 0.9640805125236511
  },
  "per_view": [
    {
      "view": 4,
      "psnr": 26.337329864501953,
      "lpips": 0.04833984375,
      "ssim": 0.9591484069824219
    },
    {
      "view": 26,
      "psnr": 28.81422233581543,
      "lpips": 0.0478515625,
      "ssim": 0.9766337275505066
    },
    {
      "view": 82,
      "psnr": 27.638141632080078,
      "lpips": 0.0458984375,
      "ssim": 0.9579911231994629
    },
    {
      "view": 94,
      "psnr": 26.613521575927734,
      "lpips": 0.04736328125,
      "ssim": 0.9625487923622131
    }
  ]
}