{
  "summary": {
    "scene_name": "utility_box_01_env_0",
    "psnr": 27.98553466796875,
    "lpips": 0.046875,
    "ssim": 0.9637385010719299
  },
  "per_view": [
    {
      "view": 4,
      "psnr": 27.514984130859375,
      "lpips": 0.03515625,
      "ssim": 0.9610472321510315
    },
    {
      "view": 26,
      "psnr": 26.779098510742188,
      "lpips": 0.056884765625,
      "ssim": 0.9767227172851562
    },
    {
      "view": 82,
      "psnr": 29.526138305664062,
      "lpips": 0.051025390625,
      "ssim": 0.9583768844604492
    },
    {
      "view": 94,
      "psnr": 28.121917724609375,
      "lpips": 0.044189453125,
      "ssim": 0.9588072896003723
    }
  ]
}