{
  "summary": {
    "scene_name": "vintage_wooden_drawer_01_env_1",
    "psnr": 25.003948211669922,
    "lpips": 0.05859375,
    "ssim": 0.9440925121307373
  },
  "per_view": [
    {
      "view": 33,
      "psnr": 24.434139251708984,
      "lpips": 0.0712890625,
      "ssim": 0.9491236805915833
    },
    {
      "view": 44,
      "psnr": 25.268890380859375,
      "lpips": 0.05126953125,
      "ssim": 0.9513000845909119
    },
    {
      "view": 53,
      "psnr": 25.49005126953125,
      "lpips": 0.046630859375,
      "ssim": 0.9554481506347656
    },
    {
      "view": 58,
      "psnr": 24.822711944580078,
      "lpips": 0.06494140625,
      "ssim": 0.9204980731010437
    }
  ]
}