{
  "summary": {
    "scene_name": "vintage_cabinet_01_env_0",
    "psnr": 25.434986114501953,
    "lpips": 0.057373046875,
    "ssim": 0.9420403838157654
  },
  "per_view": [
    {
      "view": 46,
      "psnr": 23.23065185546875,
      "lpips": 0.068359375,
      "ssim": 0.9432487487792969
    },
    {
      "view": 47,
      "psnr": 21.26845359802246,
      "lpips": 0.07421875,
      "ssim": 0.9440217614173889
    },
    {
      "view": 48,
      "psnr": 30.362882614135742,
      "lpips": 0.030517578125,
      "ssim": 0.9821521639823914
    },
    {
      "view": 67,
      "psnr": 26.87795639038086,
      "lpips": 0.056640625,
      "ssim": 0.8987388610839844
    }
  ]
}