{
  "summary": {
    "scene_name": "vintage_oil_lamp_env_1",
    "psnr": 33.31984329223633,
    "lpips": 0.0169677734375,
    "ssim": 0.9832359552383423
  },
  "per_view": [
    {
      "view": 44,
      "psnr": 32.45099639892578,
      "lpips": 0.0179443359375,
      "ssim": 0.9825405478477478
    },
    {
      "view": 83,
      "psnr": 33.10132598876953,
      "lpips": 0.018310546875,
      "ssim": 0.9834935069084167
    },
    {
      "view": 94,
      "psnr": 34.22484588623047,
      "lpips": 0.0159912109375,
      "ssim": 0.984004020690918
    },
    {
      "view": 99,
      "psnr": 33.502201080322266,
      "lpips": 0.015625,
      "ssim": 0.9829056859016418
    }
  ]
}