{
  "summary": {
    "scene_name": "vintage_hand_drill_white_env_0",
    "psnr": 24.72039794921875,
    "lpips": 0.0242919921875,
    "ssim": 0.9696532487869263
  },
  "per_view": [
    {
      "view": 71,
      "psnr": 24.320995330810547,
      "lpips": 0.025146484375,
      "ssim": 0.9646668434143066
    },
    {
      "view": 72,
      "psnr": 30.29339599609375,
      "lpips": 0.01092529296875,
      "ssim": 0.9869017601013184
    },
    {
      "view": 77,
      "psnr": 21.865821838378906,
      "lpips": 0.0291748046875,
      "ssim": 0.9671326279640198
    },
    {
      "view": 81,
      "psnr": 22.4013729095459,
      "lpips": 0.03173828125,
      "ssim": 0.9599117636680603
    }
  ]
}