{
  "summary": {
    "scene_name": "vintage_hand_drill_env_0",
    "psnr": 29.784757614135742,
    "lpips": 0.0198974609375,
    "ssim": 0.9837157726287842
  },
  "per_view": [
    {
      "view": 71,
      "psnr": 25.158632278442383,
      "lpips": 0.030029296875,
      "ssim": 0.9698736071586609
    },
    {
      "view": 72,
      "psnr": 32.23527145385742,
      "lpips": 0.015869140625,
      "ssim": 0.9897879958152771
    },
    {
      "view": 77,
      "psnr": 31.03807830810547,
      "lpips": 0.01519775390625,
      "ssim": 0.9890956878662109
    },
    {
      "view": 81,
      "psnr": 30.707046508789062,
      "lpips": 0.0184326171875,
      "ssim": 0.9861058592796326
    }
  ]
}