{
  "summary": {
    "scene_name": "vintage_oil_lamp_env_2",
    "psnr": 34.9046630859375,
    "lpips": 0.016845703125,
    "ssim": 0.9816860556602478
  },
  "per_view": [
    {
      "view": 44,
      "psnr": 34.25209426879883,
      "lpips": 0.01611328125,
      "ssim": 0.9809000492095947
    },
    {
      "view": 83,
      "psnr": 34.983299255371094,
      "lpips": 0.01806640625,
      "ssim": 0.9821842312812805
    },
    {
      "view": 94,
      "psnr": 35.23297882080078,
      "lpips": 0.0166015625,
      "ssim": 0.9822338223457336
    },
    {
      "view": 99,
      "psnr": 35.1502685546875,
      "lpips": 0.016845703125,
      "ssim": 0.9814261794090271
    }
  ]
}