{
  "summary": {
    "scene_name": "vintage_grandfather_clock_01_env_1",
    "psnr": 35.89085388183594,
    "lpips": 0.01904296875,
    "ssim": 0.9750993251800537
  },
  "per_view": [
    {
      "view": 3,
      "psnr": 36.94248580932617,
      "lpips": 0.01708984375,
      "ssim": 0.9813477396965027
    },
    {
      "view": 6,
      "psnr": 36.48286437988281,
      "lpips": 0.0191650390625,
      "ssim": 0.9789087176322937
    },
    {
      "view": 58,
      "psnr": 33.63703918457031,
      "lpips": 0.0201416015625,
      "ssim": 0.9675003886222839
    },
    {
      "view": 90,
      "psnr": 36.50101852416992,
      "lpips": 0.02001953125,
      "ssim": 0.9726405739784241
    }
  ]
}