{
  "summary": {
    "scene_name": "vintage_oil_lamp_env_0",
    "psnr": 33.46058654785156,
    "lpips": 0.0174560546875,
    "ssim": 0.9834915399551392
  },
  "per_view": [
    {
      "view": 44,
      "psnr": 33.15791320800781,
      "lpips": 0.019775390625,
      "ssim": 0.9830036163330078
    },
    {
      "view": 83,
      "psnr": 33.1173095703125,
      "lpips": 0.0164794921875,
      "ssim": 0.9823694229125977
    },
    {
      "view": 94,
      "psnr": 33.95991516113281,
      "lpips": 0.0166015625,
      "ssim": 0.984548807144165
    },
    {
      "view": 99,
      "psnr": 33.607208251953125,
      "lpips": 0.01708984375,
      "ssim": 0.9840443730354309
    }
  ]
}