{
  "summary": {
    "scene_name": "vintage_grandfather_clock_01_env_0",
    "psnr": 32.605079650878906,
    "lpips": 0.02294921875,
    "ssim": 0.969602108001709
  },
  "per_view": [
    {
      "view": 3,
      "psnr": 33.28719711303711,
      "lpips": 0.019775390625,
      "ssim": 0.9756148457527161
    },
    {
      "view": 6,
      "psnr": 32.38423538208008,
      "lpips": 0.02490234375,
      "ssim": 0.9714517593383789
    },
    {
      "view": 58,
      "psnr": 32.369571685791016,
      "lpips": 0.02099609375,
      "ssim": 0.9702178835868835
    },
    {
      "view": 90,
      "psnr": 32.37930679321289,
      "lpips": 0.026123046875,
      "ssim": 0.9611240029335022
    }
  ]
}