{
  "summary": {
    "scene_name": "vintage_cabinet_01_env_1",
    "psnr": 24.602779388427734,
    "lpips": 0.05908203125,
    "ssim": 0.9489049315452576
  },
  "per_view": [
    {
      "view": 46,
      "psnr": 20.973920822143555,
      "lpips": 0.057373046875,
      "ssim": 0.9579277038574219
    },
    {
      "view": 47,
      "psnr": 18.851163864135742,
      "lpips": 0.0546875,
      "ssim": 0.9562337398529053
    },
    {
      "view": 48,
      "psnr": 34.097747802734375,
      "lpips": 0.022216796875,
      "ssim": 0.9872913956642151
    },
    {
      "view": 67,
      "psnr": 24.488279342651367,
      "lpips": 0.10205078125,
      "ssim": 0.8941669464111328
    }
  ]
}