{
  "summary": {
    "scene_name": "vintage_cabinet_01_white_env_0",
    "psnr": 24.19736099243164,
    "lpips": 0.05615234375,
    "ssim": 0.9401909112930298
  },
  "per_view": [
    {
      "view": 46,
      "psnr": 19.735427856445312,
      "lpips": 0.076171875,
      "ssim": 0.9194896817207336
    },
    {
      "view": 47,
      "psnr": 19.612043380737305,
      "lpips": 0.0693359375,
      "ssim": 0.9380097389221191
    },
    {
      "view": 48,
      "psnr": 30.829952239990234,
      "lpips": 0.0302734375,
      "ssim": 0.9755745530128479
    },
    {
      "view": 67,
      "psnr": 26.612018585205078,
      "lpips": 0.048828125,
      "ssim": 0.9276897311210632
    }
  ]
}