{
  "summary": {
    "scene_name": "vintage_cabinet_01_env_2",
    "psnr": 23.588333129882812,
    "lpips": 0.076171875,
    "ssim": 0.9408081769943237
  },
  "per_view": [
    {
      "view": 46,
      "psnr": 19.64417839050293,
      "lpips": 0.0927734375,
      "ssim": 0.9283631443977356
    },
    {
      "view": 47,
      "psnr": 18.615720748901367,
      "lpips": 0.0888671875,
      "ssim": 0.9292846322059631
    },
    {
      "view": 48,
      "psnr": 27.94394302368164,
      "lpips": 0.0439453125,
      "ssim": 0.9742686152458191
    },
    {
      "view": 67,
      "psnr": 28.149490356445312,
      "lpips": 0.080078125,
      "ssim": 0.9313164353370667
    }
  ]
}