{
  "summary": {
    "scene_name": "vintage_wooden_drawer_01_white_env_0",
    "psnr": 35.412498474121094,
    "lpips": 0.04736328125,
    "ssim": 0.964777946472168
  },
  "per_view": [
    {
      "view": 33,
      "psnr": 37.48419952392578,
      "lpips": 0.042724609375,
      "ssim": 0.9787481427192688
    },
    {
      "view": 44,
      "psnr": 35.30518341064453,
      "lpips": 0.04443359375,
      "ssim": 0.9703043103218079
    },
    {
      "view": 53,
      "psnr": 34.97480010986328,
      "lpips": 0.04541015625,
      "ssim": 0.9662585258483887
    },
    {
      "view": 58,
      "psnr": 33.88581466674805,
      "lpips": 0.056640625,
      "ssim": 0.9438006281852722
    }
  ]
}