{
  "summary": {
    "scene_name": "vintage_hand_drill_env_2",
    "psnr": 30.60662841796875,
    "lpips": 0.0166015625,
    "ssim": 0.9846711158752441
  },
  "per_view": [
    {
      "view": 71,
      "psnr": 29.234943389892578,
      "lpips": 0.020263671875,
      "ssim": 0.9807336330413818
    },
    {
      "view": 72,
      "psnr": 31.815473556518555,
      "lpips": 0.01416015625,
      "ssim": 0.9887236952781677
    },
    {
      "view": 77,
      "psnr": 31.179630279541016,
      "lpips": 0.0137939453125,
      "ssim": 0.9885504245758057
    },
    {
      "view": 81,
      "psnr": 30.19646644592285,
      "lpips": 0.0184326171875,
      "ssim": 0.9806766510009766
    }
  ]
}