{
  "summary": {
    "scene_name": "vintage_wooden_drawer_01_env_2",
    "psnr": 28.89080810546875,
    "lpips": 0.0625,
    "ssim": 0.9011794328689575
  },
  "per_view": [
    {
      "view": 33,
      "psnr": 26.92974090576172,
      "lpips": 0.076171875,
      "ssim": 0.9098674654960632
    },
    {
      "view": 44,
      "psnr": 28.143644332885742,
      "lpips": 0.060302734375,
      "ssim": 0.8989224433898926
    },
    {
      "view": 53,
      "psnr": 30.110578536987305,
      "lpips": 0.0517578125,
      "ssim": 0.9089317917823792
    },
    {
      "view": 58,
      "psnr": 30.3792667388916,
      "lpips": 0.0625,
      "ssim": 0.8869958519935608
    }
  ]
}