{
  "summary": {
    "scene_name": "vintage_hand_drill_env_1",
    "psnr": 28.527347564697266,
    "lpips": 0.0206298828125,
    "ssim": 0.977796733379364
  },
  "per_view": [
    {
      "view": 71,
      "psnr": 25.82308578491211,
      "lpips": 0.024658203125,
      "ssim": 0.9686805605888367
    },
    {
      "view": 72,
      "psnr": 29.363004684448242,
      "lpips": 0.0185546875,
      "ssim": 0.9827234745025635
    },
    {
      "view": 77,
      "psnr": 29.09705924987793,
      "lpips": 0.0189208984375,
      "ssim": 0.9802824854850769
    },
    {
      "view": 81,
      "psnr": 29.82624053955078,
      "lpips": 0.0205078125,
      "ssim": 0.9795002937316895
    }
  ]
}