{
  "summary": {
    "scene_name": "vintage_grandfather_clock_01_env_2",
    "psnr": 31.785226821899414,
    "lpips": 0.0230712890625,
    "ssim": 0.9691063165664673
  },
  "per_view": [
    {
      "view": 3,
      "psnr": 32.841392517089844,
      "lpips": 0.020751953125,
      "ssim": 0.9749366641044617
    },
    {
      "view": 6,
      "psnr": 31.95471954345703,
      "lpips": 0.024658203125,
      "ssim": 0.9707654118537903
    },
    {
      "view": 58,
      "psnr": 31.070173263549805,
      "lpips": 0.02197265625,
      "ssim": 0.9674614071846008
    },
    {
      "view": 90,
      "psnr": 31.274621963500977,
      "lpips": 0.02490234375,
      "ssim": 0.9632617831230164
    }
  ]
}