{
  "summary": {
    "scene_name": "vintage_wooden_drawer_01_env_0",
    "psnr": 25.12051773071289,
    "lpips": 0.0869140625,
    "ssim": 0.9271705150604248
  },
  "per_view": [
    {
      "view": 33,
      "psnr": 28.376264572143555,
      "lpips": 0.06298828125,
      "ssim": 0.956156313419342
    },
    {
      "view": 44,
      "psnr": 25.880250930786133,
      "lpips": 0.0810546875,
      "ssim": 0.9307337403297424
    },
    {
      "view": 53,
      "psnr": 22.912254333496094,
      "lpips": 0.10888671875,
      "ssim": 0.9214606881141663
    },
    {
      "view": 58,
      "psnr": 23.313304901123047,
      "lpips": 0.09423828125,
      "ssim": 0.9003313183784485
    }
  ]
}