{
  "summary": {
    "scene_name": "vintage_grandfather_clock_01_white_env_0",
    "psnr": 35.39815139770508,
    "lpips": 0.0184326171875,
    "ssim": 0.9767982959747314
  },
  "per_view": [
    {
      "view": 3,
      "psnr": 35.23768997192383,
      "lpips": 0.019775390625,
      "ssim": 0.9771000742912292
    },
    {
      "view": 6,
      "psnr": 34.177207946777344,
      "lpips": 0.0198974609375,
      "ssim": 0.9738718867301941
    },
    {
      "view": 58,
      "psnr": 35.917510986328125,
      "lpips": 0.0174560546875,
      "ssim": 0.9798161387443542
    },
    {
      "view": 90,
      "psnr": 36.260189056396484,
      "lpips": 0.0167236328125,
      "ssim": 0.9764049649238586
    }
  ]
}