{
  "summary": {
    "scene_name": "vintage_oil_lamp_white_env_0",
    "psnr": 29.76256561279297,
    "lpips": 0.0164794921875,
    "ssim": 0.9747461080551147
  },
  "per_view": [
    {
      "view": 44,
      "psnr": 30.045520782470703,
      "lpips": 0.01531982421875,
      "ssim": 0.9742575287818909
    },
    {
      "view": 83,
      "psnr": 30.768815994262695,
      "lpips": 0.016845703125,
      "ssim": 0.9761936068534851
    },
    {
      "view": 94,
      "psnr": 29.52336311340332,
      "lpips": 0.0172119140625,
      "ssim": 0.9752790331840515
    },
    {
      "view": 99,
      "psnr": 28.712562561035156,
      "lpips": 0.0167236328125,
      "ssim": 0.9732542037963867
    }
  ]
}