{
  "summary": {
    "scene_name": "water_manhole_cover_env_0",
    "psnr": 27.311141967773438,
    "lpips": 0.04931640625,
    "ssim": 0.9259155988693237
  },
  "per_view": [
    {
      "view": 11,
      "psnr": 26.762907028198242,
      "lpips": 0.064453125,
      "ssim": 0.8871741890907288
    },
    {
      "view": 26,
      "psnr": 27.741003036499023,
      "lpips": 0.06494140625,
      "ssim": 0.8989341855049133
    },
    {
      "view": 53,
      "psnr": 28.133651733398438,
      "lpips": 0.03466796875,
      "ssim": 0.9613287448883057
    },
    {
      "view": 67,
      "psnr": 26.607006072998047,
      "lpips": 0.033447265625,
      "ssim": 0.9562250971794128
    }
  ]
}