{
  "summary": {
    "scene_name": "water_manhole_cover_env_2",
    "psnr": 26.03343963623047,
    "lpips": 0.0537109375,
    "ssim": 0.9241122007369995
  },
  "per_view": [
    {
      "view": 11,
      "psnr": 24.193639755249023,
      "lpips": 0.06689453125,
      "ssim": 0.892238438129425
    },
    {
      "view": 26,
      "psnr": 26.784934997558594,
      "lpips": 0.06787109375,
      "ssim": 0.8974683284759521
    },
    {
      "view": 53,
      "psnr": 27.23099708557129,
      "lpips": 0.03857421875,
      "ssim": 0.9558923244476318
    },
    {
      "view": 67,
      "psnr": 25.924182891845703,
      "lpips": 0.041015625,
      "ssim": 0.9508497714996338
    }
  ]
}