{
  "summary": {
    "scene_name": "watering_can_metal_01_env_1",
    "psnr": 31.921857833862305,
    "lpips": 0.0277099609375,
    "ssim": 0.9722512364387512
  },
  "per_view": [
    {
      "view": 12,
      "psnr": 32.59514617919922,
      "lpips": 0.0281982421875,
      "ssim": 0.9725750088691711
    },
    {
      "view": 18,
      "psnr": 32.22117233276367,
      "lpips": 0.0263671875,
      "ssim": 0.9708642959594727
    },
    {
      "view": 26,
      "psnr": 32.2629508972168,
      "lpips": 0.0244140625,
      "ssim": 0.9726001620292664
    },
    {
      "view": 50,
      "psnr": 30.608165740966797,
      "lpips": 0.03173828125,
      "ssim": 0.9729655385017395
    }
  ]
}