{
  "summary": {
    "scene_name": "watering_can_metal_01_white_env_0",
    "psnr": 35.42558288574219,
    "lpips": 0.01953125,
    "ssim": 0.977284848690033
  },
  "per_view": [
    {
      "view": 12,
      "psnr": 34.906494140625,
      "lpips": 0.019287109375,
      "ssim": 0.9790792465209961
    },
    {
      "view": 18,
      "psnr": 35.09626007080078,
      "lpips": 0.019287109375,
      "ssim": 0.9777297377586365
    },
    {
      "view": 26,
      "psnr": 35.299713134765625,
      "lpips": 0.0174560546875,
      "ssim": 0.9748959541320801
    },
    {
      "view": 50,
      "psnr": 36.399864196777344,
      "lpips": 0.0218505859375,
      "ssim": 0.9774343371391296
    }
  ]
}