{
  "summary": {
    "scene_name": "water_manhole_cover_white_env_0",
    "psnr": 30.155338287353516,
    "lpips": 0.04931640625,
    "ssim": 0.923458993434906
  },
  "per_view": [
    {
      "view": 11,
      "psnr": 30.535579681396484,
      "lpips": 0.0673828125,
      "ssim": 0.8847669959068298
    },
    {
      "view": 26,
      "psnr": 31.27242088317871,
      "lpips": 0.0673828125,
      "ssim": 0.884378969669342
    },
    {
      "view": 53,
      "psnr": 30.675899505615234,
      "lpips": 0.030517578125,
      "ssim": 0.9659363627433777
    },
    {
      "view": 67,
      "psnr": 28.137454986572266,
      "lpips": 0.0322265625,
      "ssim": 0.9587535858154297
    }
  ]
}