{
  "summary": {
    "scene_name": "watering_can_metal_01_env_2",
    "psnr": 33.71133041381836,
    "lpips": 0.0191650390625,
    "ssim": 0.9746173620223999
  },
  "per_view": [
    {
      "view": 12,
      "psnr": 32.5814094543457,
      "lpips": 0.019775390625,
      "ssim": 0.972024142742157
    },
    {
      "view": 18,
      "psnr": 34.02622604370117,
      "lpips": 0.018310546875,
      "ssim": 0.9742869734764099
    },
    {
      "view": 26,
      "psnr": 34.339908599853516,
      "lpips": 0.0196533203125,
      "ssim": 0.9738526940345764
    },
    {
      "view": 50,
      "psnr": 33.89777755737305,
      "lpips": 0.0189208984375,
      "ssim": 0.9783055186271667
    }
  ]
}