{
  "summary": {
    "scene_name": "water_manhole_cover_env_1",
    "psnr": 33.02284240722656,
    "lpips": 0.04345703125,
    "ssim": 0.934914767742157
  },
  "per_view": [
    {
      "view": 11,
      "psnr": 30.5789737701416,
      "lpips": 0.05615234375,
      "ssim": 0.8972077965736389
    },
    {
      "view": 26,
      "psnr": 31.057476043701172,
      "lpips": 0.05517578125,
      "ssim": 0.9091522693634033
    },
    {
      "view": 53,
      "psnr": 35.40117645263672,
      "lpips": 0.029052734375,
      "ssim": 0.9674429893493652
    },
    {
      "view": 67,
      "psnr": 35.05374526977539,
      "lpips": 0.03369140625,
      "ssim": 0.9658560752868652
    }
  ]
}