{
  "summary": {
    "scene_name": "watering_can_metal_01_env_0",
    "psnr": 31.047565460205078,
    "lpips": 0.019775390625,
    "ssim": 0.977501630783081
  },
  "per_view": [
    {
      "view": 12,
      "psnr": 27.82686996459961,
      "lpips": 0.0240478515625,
      "ssim": 0.9733228087425232
    },
    {
      "view": 18,
      "psnr": 30.883499145507812,
      "lpips": 0.0206298828125,
      "ssim": 0.978515088558197
    },
    {
      "view": 26,
      "psnr": 33.36994552612305,
      "lpips": 0.0162353515625,
      "ssim": 0.9804339408874512
    },
    {
      "view": 50,
      "psnr": 32.10995101928711,
      "lpips": 0.0179443359375,
      "ssim": 0.9777346253395081
    }
  ]
}