{
  "summary": {
    "scene_name": "WetFloorSign_01_env_1",
    "psnr": 23.19467544555664,
    "lpips": 0.0595703125,
    "ssim": 0.9238207340240479
  },
  "per_view": [
    {
      "view": 57,
      "psnr": 24.448570251464844,
      "lpips": 0.0595703125,
      "ssim": 0.9248321652412415
    },
    {
      "view": 58,
      "psnr": 24.424747467041016,
      "lpips": 0.0625,
      "ssim": 0.9229024052619934
    },
    {
      "view": 84,
      "psnr": 22.029541015625,
      "lpips": 0.0576171875,
      "ssim": 0.924485445022583
    },
    {
      "view": 85,
      "psnr": 21.87584686279297,
      "lpips": 0.05859375,
      "ssim": 0.9230629801750183
    }
  ]
}