{
  "summary": {
    "scene_name": "WetFloorSign_01_env_0",
    "psnr": 23.350448608398438,
    "lpips": 0.05810546875,
    "ssim": 0.9223442673683167
  },
  "per_view": [
    {
      "view": 57,
      "psnr": 22.432044982910156,
      "lpips": 0.0546875,
      "ssim": 0.9293158054351807
    },
    {
      "view": 58,
      "psnr": 21.963747024536133,
      "lpips": 0.060546875,
      "ssim": 0.9224672913551331
    },
    {
      "view": 84,
      "psnr": 24.661415100097656,
      "lpips": 0.056640625,
      "ssim": 0.9220132231712341
    },
    {
      "view": 85,
      "psnr": 24.344593048095703,
      "lpips": 0.060302734375,
      "ssim": 0.9155808091163635
    }
  ]
}