{
  "summary": {
    "scene_name": "WetFloorSign_01_env_2",
    "psnr": 23.16861343383789,
    "lpips": 0.06689453125,
    "ssim": 0.9195556640625
  },
  "per_view": [
    {
      "view": 57,
      "psnr": 24.511354446411133,
      "lpips": 0.06201171875,
      "ssim": 0.9254307150840759
    },
    {
      "view": 58,
      "psnr": 23.925060272216797,
      "lpips": 0.06396484375,
      "ssim": 0.9218757152557373
    },
    {
      "view": 84,
      "psnr": 22.45612907409668,
      "lpips": 0.06591796875,
      "ssim": 0.9235263466835022
    },
    {
      "view": 85,
      "psnr": 21.781909942626953,
      "lpips": 0.076171875,
      "ssim": 0.9073898196220398
    }
  ]
}