{
  "summary": {
    "scene_name": "WetFloorSign_01_white_env_0",
    "psnr": 24.335735321044922,
    "lpips": 0.05322265625,
    "ssim": 0.9314571022987366
  },
  "per_view": [
    {
      "view": 57,
      "psnr": 26.026596069335938,
      "lpips": 0.0458984375,
      "ssim": 0.9399566650390625
    },
    {
      "view": 58,
      "psnr": 25.44049835205078,
      "lpips": 0.05029296875,
      "ssim": 0.9373946189880371
    },
    {
      "view": 84,
      "psnr": 23.373201370239258,
      "lpips": 0.05419921875,
      "ssim": 0.9308042526245117
    },
    {
      "view": 85,
      "psnr": 22.502643585205078,
      "lpips": 0.06201171875,
      "ssim": 0.9176728129386902
    }
  ]
}