{
  "summary": {
    "scene_name": "wheelchair_01_env_0",
    "psnr": 24.009876251220703,
    "lpips": 0.078125,
    "ssim": 0.881226658821106
  },
  "per_view": [
    {
      "view": 8,
      "psnr": 24.53369140625,
      "lpips": 0.0712890625,
      "ssim": 0.894726574420929
    },
    {
      "view": 39,
      "psnr": 23.714824676513672,
      "lpips": 0.07373046875,
      "ssim": 0.8775603175163269
    },
    {
      "view": 40,
      "psnr": 23.292236328125,
      "lpips": 0.07958984375,
      "ssim": 0.8654521107673645
    },
    {
      "view": 94,
      "psnr": 24.49875831604004,
      "lpips": 0.0888671875,
      "ssim": 0.8871675133705139
    }
  ]
}