{
  "summary": {
    "scene_name": "wheelchair_01_env_2",
    "psnr": 23.25475311279297,
    "lpips": 0.05126953125,
    "ssim": 0.9169943332672119
  },
  "per_view": [
    {
      "view": 8,
      "psnr": 23.82707977294922,
      "lpips": 0.0458984375,
      "ssim": 0.9264209270477295
    },
    {
      "view": 39,
      "psnr": 22.780948638916016,
      "lpips": 0.05126953125,
      "ssim": 0.9125593304634094
    },
    {
      "view": 40,
      "psnr": 22.847177505493164,
      "lpips": 0.052490234375,
      "ssim": 0.9086716771125793
    },
    {
      "view": 94,
      "psnr": 23.563800811767578,
      "lpips": 0.055419921875,
      "ssim": 0.9203253388404846
    }
  ]
}