{
  "summary": {
    "scene_name": "wheelchair_01_env_1",
    "psnr": 20.97606658935547,
    "lpips": 0.07275390625,
    "ssim": 0.8641713857650757
  },
  "per_view": [
    {
      "view": 8,
      "psnr": 21.756187438964844,
      "lpips": 0.0576171875,
      "ssim": 0.8988509774208069
    },
    {
      "view": 39,
      "psnr": 19.94737434387207,
      "lpips": 0.07568359375,
      "ssim": 0.8514983654022217
    },
    {
      "view": 40,
      "psnr": 20.10289764404297,
      "lpips": 0.0771484375,
      "ssim": 0.8463452458381653
    },
    {
      "view": 94,
      "psnr": 22.09780502319336,
      "lpips": 0.08056640625,
      "ssim": 0.8599908947944641
    }
  ]
}