{
  "summary": {
    "scene_name": "wheelchair_01_white_env_0",
    "psnr": 22.744861602783203,
    "lpips": 0.07373046875,
    "ssim": 0.8704338073730469
  },
  "per_view": [
    {
      "view": 8,
      "psnr": 23.02682113647461,
      "lpips": 0.076171875,
      "ssim": 0.8741572499275208
    },
    {
      "view": 39,
      "psnr": 22.674564361572266,
      "lpips": 0.0703125,
      "ssim": 0.8731152415275574
    },
    {
      "view": 40,
      "psnr": 22.49156951904297,
      "lpips": 0.0751953125,
      "ssim": 0.8693202137947083
    },
    {
      "view": 94,
      "psnr": 22.786487579345703,
      "lpips": 0.07275390625,
      "ssim": 0.8651425242424011
    }
  ]
}