{
  "summary": {
    "scene_name": "wine_bottles_01_env_2",
    "psnr": 30.108638763427734,
    "lpips": 0.01953125,
    "ssim": 0.9785313010215759
  },
  "per_view": [
    {
      "view": 2,
      "psnr": 31.100690841674805,
      "lpips": 0.018310546875,
      "ssim": 0.9809942245483398
    },
    {
      "view": 55,
      "psnr": 28.20713996887207,
      "lpips": 0.0244140625,
      "ssim": 0.9743422865867615
    },
    {
      "view": 84,
      "psnr": 29.248411178588867,
      "lpips": 0.02197265625,
      "ssim": 0.9765505790710449
    },
    {
      "view": 99,
      "psnr": 31.878314971923828,
      "lpips": 0.01361083984375,
      "ssim": 0.9822379946708679
    }
  ]
}