{
  "summary": {
    "scene_name": "wine_bottles_01_white_env_0",
    "psnr": 29.674877166748047,
    "lpips": 0.0230712890625,
    "ssim": 0.975000262260437
  },
  "per_view": [
    {
      "view": 2,
      "psnr": 28.422422409057617,
      "lpips": 0.024169921875,
      "ssim": 0.9715225696563721
    },
    {
      "view": 55,
      "psnr": 29.7928524017334,
      "lpips": 0.025634765625,
      "ssim": 0.9734821319580078
    },
    {
      "view": 84,
      "psnr": 30.181583404541016,
      "lpips": 0.024169921875,
      "ssim": 0.9781233668327332
    },
    {
      "view": 99,
      "psnr": 30.302656173706055,
      "lpips": 0.018310546875,
      "ssim": 0.976872980594635
    }
  ]
}