{
  "summary": {
    "scene_name": "wine_barrel_01_env_0",
    "psnr": 29.330690383911133,
    "lpips": 0.059814453125,
    "ssim": 0.902827262878418
  },
  "per_view": [
    {
      "view": 3,
      "psnr": 28.855485916137695,
      "lpips": 0.060302734375,
      "ssim": 0.9010541439056396
    },
    {
      "view": 40,
      "psnr": 29.41164779663086,
      "lpips": 0.060791015625,
      "ssim": 0.9014731049537659
    },
    {
      "view": 41,
      "psnr": 29.33468246459961,
      "lpips": 0.0625,
      "ssim": 0.8949639797210693
    },
    {
      "view": 63,
      "psnr": 29.720945358276367,
      "lpips": 0.055908203125,
      "ssim": 0.9138178825378418
    }
  ]
}