{
  "summary": {
    "scene_name": "wine_barrel_01_env_1",
    "psnr": 31.361530303955078,
    "lpips": 0.06201171875,
    "ssim": 0.9205443859100342
  },
  "per_view": [
    {
      "view": 3,
      "psnr": 30.191316604614258,
      "lpips": 0.0595703125,
      "ssim": 0.9191389679908752
    },
    {
      "view": 40,
      "psnr": 32.165367126464844,
      "lpips": 0.061767578125,
      "ssim": 0.9251883029937744
    },
    {
      "view": 41,
      "psnr": 31.969470977783203,
      "lpips": 0.06689453125,
      "ssim": 0.9150219559669495
    },
    {
      "view": 63,
      "psnr": 31.119964599609375,
      "lpips": 0.06005859375,
      "ssim": 0.9228282570838928
    }
  ]
}