{
  "summary": {
    "scene_name": "wine_bottles_01_env_1",
    "psnr": 33.937252044677734,
    "lpips": 0.01904296875,
    "ssim": 0.9848138093948364
  },
  "per_view": [
    {
      "view": 2,
      "psnr": 35.665767669677734,
      "lpips": 0.01708984375,
      "ssim": 0.986290454864502
    },
    {
      "view": 55,
      "psnr": 31.13766860961914,
      "lpips": 0.0228271484375,
      "ssim": 0.9785616993904114
    },
    {
      "view": 84,
      "psnr": 32.645835876464844,
      "lpips": 0.021484375,
      "ssim": 0.9848706126213074
    },
    {
      "view": 99,
      "psnr": 36.29973602294922,
      "lpips": 0.014892578125,
      "ssim": 0.9895325303077698
    }
  ]
}