{
  "summary": {
    "scene_name": "wine_bottles_01_env_0",
    "psnr": 30.069068908691406,
    "lpips": 0.0211181640625,
    "ssim": 0.9763360023498535
  },
  "per_view": [
    {
      "view": 2,
      "psnr": 30.58465576171875,
      "lpips": 0.0228271484375,
      "ssim": 0.9757067561149597
    },
    {
      "view": 55,
      "psnr": 28.110107421875,
      "lpips": 0.0234375,
      "ssim": 0.9718720316886902
    },
    {
      "view": 84,
      "psnr": 29.58663558959961,
      "lpips": 0.021240234375,
      "ssim": 0.9777153134346008
    },
    {
      "view": 99,
      "psnr": 31.9948787689209,
      "lpips": 0.016845703125,
      "ssim": 0.9800500869750977
    }
  ]
}