{
  "summary": {
    "scene_name": "wine_barrel_01_white_env_0",
    "psnr": 28.617645263671875,
    "lpips": 0.072265625,
    "ssim": 0.878732442855835
  },
  "per_view": [
    {
      "view": 3,
      "psnr": 26.6940975189209,
      "lpips": 0.0771484375,
      "ssim": 0.8637621402740479
    },
    {
      "view": 40,
      "psnr": 28.633525848388672,
      "lpips": 0.07421875,
      "ssim": 0.8751506209373474
    },
    {
      "view": 41,
      "psnr": 28.53449058532715,
      "lpips": 0.076171875,
      "ssim": 0.8663411736488342
    },
    {
      "view": 63,
      "psnr": 30.60846710205078,
      "lpips": 0.062255859375,
      "ssim": 0.909675657749176
    }
  ]
}