{
  "summary": {
    "scene_name": "wine_barrel_01_env_2",
    "psnr": 29.68062973022461,
    "lpips": 0.053955078125,
    "ssim": 0.9165332913398743
  },
  "per_view": [
    {
      "view": 3,
      "psnr": 28.500865936279297,
      "lpips": 0.0546875,
      "ssim": 0.9116948246955872
    },
    {
      "view": 40,
      "psnr": 30.264690399169922,
      "lpips": 0.054443359375,
      "ssim": 0.9157125353813171
    },
    {
      "view": 41,
      "psnr": 30.24781036376953,
      "lpips": 0.05615234375,
      "ssim": 0.9118620753288269
    },
    {
      "view": 63,
      "psnr": 29.709156036376953,
      "lpips": 0.05078125,
      "ssim": 0.9268636703491211
    }
  ]
}