{
  "summary": {
    "scene_name": "WoodenTable_01_env_0",
    "psnr": 35.83026885986328,
    "lpips": 0.017578125,
    "ssim": 0.9837906360626221
  },
  "per_view": [
    {
      "view": 51,
      "psnr": 35.3825569152832,
      "lpips": 0.0150146484375,
      "ssim": 0.9826753735542297
    },
    {
      "view": 65,
      "psnr": 35.93380355834961,
      "lpips": 0.0186767578125,
      "ssim": 0.9811103940010071
    },
    {
      "view": 74,
      "psnr": 37.33086013793945,
      "lpips": 0.018310546875,
      "ssim": 0.9857491850852966
    },
    {
      "view": 84,
      "psnr": 34.67384719848633,
      "lpips": 0.0181884765625,
      "ssim": 0.9856277108192444
    }
  ]
}