{
  "summary": {
    "scene_name": "wooden_bucket_01_env_0",
    "psnr": 26.659629821777344,
    "lpips": 0.0576171875,
    "ssim": 0.927583634853363
  },
  "per_view": [
    {
      "view": 81,
      "psnr": 30.541236877441406,
      "lpips": 0.036865234375,
      "ssim": 0.9601117968559265
    },
    {
      "view": 83,
      "psnr": 27.817354202270508,
      "lpips": 0.046875,
      "ssim": 0.9526576995849609
    },
    {
      "view": 86,
      "psnr": 29.182037353515625,
      "lpips": 0.040283203125,
      "ssim": 0.9541723728179932
    },
    {
      "view": 95,
      "psnr": 19.097896575927734,
      "lpips": 0.10595703125,
      "ssim": 0.843392550945282
    }
  ]
}