{
  "summary": {
    "scene_name": "wooden_bowl_01_env_2",
    "psnr": 33.21794891357422,
    "lpips": 0.06005859375,
    "ssim": 0.9473434090614319
  },
  "per_view": [
    {
      "view": 37,
      "psnr": 34.151729583740234,
      "lpips": 0.05615234375,
      "ssim": 0.9555251598358154
    },
    {
      "view": 42,
      "psnr": 33.516448974609375,
      "lpips": 0.05615234375,
      "ssim": 0.9536009430885315
    },
    {
      "view": 52,
      "psnr": 32.76240921020508,
      "lpips": 0.06298828125,
      "ssim": 0.9419649243354797
    },
    {
      "view": 74,
      "psnr": 32.44120788574219,
      "lpips": 0.0654296875,
      "ssim": 0.9382827281951904
    }
  ]
}