{
  "summary": {
    "scene_name": "wooden_bookshelf_worn_white_env_0",
    "psnr": 24.944740295410156,
    "lpips": 0.0810546875,
    "ssim": 0.9034186601638794
  },
  "per_view": [
    {
      "view": 68,
      "psnr": 25.818801879882812,
      "lpips": 0.07763671875,
      "ssim": 0.9024556279182434
    },
    {
      "view": 72,
      "psnr": 25.94290542602539,
      "lpips": 0.08984375,
      "ssim": 0.9098641276359558
    },
    {
      "view": 86,
      "psnr": 23.774995803833008,
      "lpips": 0.078125,
      "ssim": 0.8926990628242493
    },
    {
      "view": 90,
      "psnr": 24.242252349853516,
      "lpips": 0.07958984375,
      "ssim": 0.9086559414863586
    }
  ]
}