{
  "summary": {
    "scene_name": "wooden_stool_01_env_1",
    "psnr": 26.579444885253906,
    "lpips": 0.050537109375,
    "ssim": 0.9449701905250549
  },
  "per_view": [
    {
      "view": 78,
      "psnr": 26.579015731811523,
      "lpips": 0.0517578125,
      "ssim": 0.9514384269714355
    },
    {
      "view": 85,
      "psnr": 29.61427879333496,
      "lpips": 0.0380859375,
      "ssim": 0.9639962315559387
    },
    {
      "view": 89,
      "psnr": 21.232297897338867,
      "lpips": 0.064453125,
      "ssim": 0.9186894297599792
    },
    {
      "view": 93,
      "psnr": 28.892183303833008,
      "lpips": 0.048095703125,
      "ssim": 0.945756733417511
    }
  ]
}