{
  "summary": {
    "scene_name": "wooden_display_shelves_01_white_env_0",
    "psnr": 28.33431625366211,
    "lpips": 0.044921875,
    "ssim": 0.9489363431930542
  },
  "per_view": [
    {
      "view": 47,
      "psnr": 32.65980529785156,
      "lpips": 0.031005859375,
      "ssim": 0.9779801964759827
    },
    {
      "view": 69,
      "psnr": 26.867494583129883,
      "lpips": 0.04541015625,
      "ssim": 0.9398415088653564
    },
    {
      "view": 72,
      "psnr": 27.093217849731445,
      "lpips": 0.0498046875,
      "ssim": 0.9409171938896179
    },
    {
      "view": 73,
      "psnr": 26.716751098632812,
      "lpips": 0.053955078125,
      "ssim": 0.9370065331459045
    }
  ]
}