{
  "summary": {
    "scene_name": "WoodenTable_02_env_2",
    "psnr": 28.060382843017578,
    "lpips": 0.068359375,
    "ssim": 0.9331836700439453
  },
  "per_view": [
    {
      "view": 57,
      "psnr": 28.0611515045166,
      "lpips": 0.064453125,
      "ssim": 0.935469925403595
    },
    {
      "view": 63,
      "psnr": 27.87919807434082,
      "lpips": 0.0673828125,
      "ssim": 0.9338236451148987
    },
    {
      "view": 67,
      "psnr": 27.86003875732422,
      "lpips": 0.07080078125,
      "ssim": 0.9302821159362793
    },
    {
      "view": 70,
      "psnr": 28.441143035888672,
      "lpips": 0.0703125,
      "ssim": 0.9331588745117188
    }
  ]
}