{
  "summary": {
    "scene_name": "WoodenTable_03_env_2",
    "psnr": 24.873611450195312,
    "lpips": 0.10791015625,
    "ssim": 0.8875789046287537
  },
  "per_view": [
    {
      "view": 11,
      "psnr": 22.316186904907227,
      "lpips": 0.115234375,
      "ssim": 0.904056966304779
    },
    {
      "view": 42,
      "psnr": 26.07706069946289,
      "lpips": 0.10009765625,
      "ssim": 0.9071762561798096
    },
    {
      "view": 43,
      "psnr": 26.19239044189453,
      "lpips": 0.1005859375,
      "ssim": 0.9038045406341553
    },
    {
      "view": 69,
      "psnr": 24.908802032470703,
      "lpips": 0.11572265625,
      "ssim": 0.835277795791626
    }
  ]
}