{
  "summary": {
    "scene_name": "WoodenChair_01_env_1",
    "psnr": 28.585052490234375,
    "lpips": 0.0128173828125,
    "ssim": 0.9835168123245239
  },
  "per_view": [
    {
      "view": 8,
      "psnr": 28.24469757080078,
      "lpips": 0.0125732421875,
      "ssim": 0.9821493029594421
    },
    {
      "view": 31,
      "psnr": 29.278575897216797,
      "lpips": 0.01214599609375,
      "ssim": 0.9829789996147156
    },
    {
      "view": 71,
      "psnr": 28.508747100830078,
      "lpips": 0.01416015625,
      "ssim": 0.9846813678741455
    },
    {
      "view": 87,
      "psnr": 28.308183670043945,
      "lpips": 0.01239013671875,
      "ssim": 0.984257698059082
    }
  ]
}