{
  "summary": {
    "scene_name": "wooden_bucket_02_env_1",
    "psnr": 24.650075912475586,
    "lpips": 0.10400390625,
    "ssim": 0.8582665920257568
  },
  "per_view": [
    {
      "view": 15,
      "psnr": 22.559024810791016,
      "lpips": 0.1162109375,
      "ssim": 0.8364577293395996
    },
    {
      "view": 22,
      "psnr": 28.511669158935547,
      "lpips": 0.072265625,
      "ssim": 0.918644905090332
    },
    {
      "view": 24,
      "psnr": 27.24077606201172,
      "lpips": 0.0810546875,
      "ssim": 0.9063021540641785
    },
    {
      "view": 31,
      "psnr": 20.28883171081543,
      "lpips": 0.146484375,
      "ssim": 0.7716616988182068
    }
  ]
}