{
  "summary": {
    "scene_name": "wooden_bowl_01_env_1",
    "psnr": 28.611438751220703,
    "lpips": 0.0751953125,
    "ssim": 0.932576060295105
  },
  "per_view": [
    {
      "view": 37,
      "psnr": 30.195293426513672,
      "lpips": 0.068359375,
      "ssim": 0.9417390823364258
    },
    {
      "view": 42,
      "psnr": 29.641599655151367,
      "lpips": 0.07470703125,
      "ssim": 0.9368085861206055
    },
    {
      "view": 52,
      "psnr": 28.95261001586914,
      "lpips": 0.07666015625,
      "ssim": 0.928013026714325
    },
    {
      "view": 74,
      "psnr": 25.65625,
      "lpips": 0.080078125,
      "ssim": 0.9237435460090637
    }
  ]
}