{
  "summary": {
    "scene_name": "wooden_table_02_white_env_0",
    "psnr": 30.253887176513672,
    "lpips": 0.0458984375,
    "ssim": 0.9412485957145691
  },
  "per_view": [
    {
      "view": 53,
      "psnr": 27.784194946289062,
      "lpips": 0.05859375,
      "ssim": 0.9448630213737488
    },
    {
      "view": 60,
      "psnr": 32.197628021240234,
      "lpips": 0.036865234375,
      "ssim": 0.9409201145172119
    },
    {
      "view": 76,
      "psnr": 32.3387565612793,
      "lpips": 0.04345703125,
      "ssim": 0.9406052231788635
    },
    {
      "view": 94,
      "psnr": 28.694969177246094,
      "lpips": 0.045166015625,
      "ssim": 0.9386060237884521
    }
  ]
}