{
  "summary": {
    "scene_name": "WoodenTable_01_env_2",
    "psnr": 35.470821380615234,
    "lpips": 0.0137939453125,
    "ssim": 0.9897612929344177
  },
  "per_view": [
    {
      "view": 51,
      "psnr": 37.42676544189453,
      "lpips": 0.01519775390625,
      "ssim": 0.987105667591095
    },
    {
      "view": 65,
      "psnr": 36.323875427246094,
      "lpips": 0.01190185546875,
      "ssim": 0.9898295402526855
    },
    {
      "view": 74,
      "psnr": 34.75723648071289,
      "lpips": 0.0133056640625,
      "ssim": 0.9911928176879883
    },
    {
      "view": 84,
      "psnr": 33.375404357910156,
      "lpips": 0.014892578125,
      "ssim": 0.9909172058105469
    }
  ]
}