{
  "summary": {
    "scene_name": "wooden_table_02_env_2",
    "psnr": 31.622854232788086,
    "lpips": 0.038330078125,
    "ssim": 0.9543614387512207
  },
  "per_view": [
    {
      "view": 53,
      "psnr": 34.28784942626953,
      "lpips": 0.038818359375,
      "ssim": 0.96334308385849
    },
    {
      "view": 60,
      "psnr": 31.551626205444336,
      "lpips": 0.0361328125,
      "ssim": 0.9483422636985779
    },
    {
      "view": 76,
      "psnr": 28.376705169677734,
      "lpips": 0.044189453125,
      "ssim": 0.9445474743843079
    },
    {
      "view": 94,
      "psnr": 32.27523422241211,
      "lpips": 0.0341796875,
      "ssim": 0.9612129330635071
    }
  ]
}