{
  "summary": {
    "scene_name": "wooden_stool_01_env_2",
    "psnr": 27.711837768554688,
    "lpips": 0.06396484375,
    "ssim": 0.9280250668525696
  },
  "per_view": [
    {
      "view": 78,
      "psnr": 29.884761810302734,
      "lpips": 0.05810546875,
      "ssim": 0.951983630657196
    },
    {
      "view": 85,
      "psnr": 30.454795837402344,
      "lpips": 0.046875,
      "ssim": 0.9570457935333252
    },
    {
      "view": 89,
      "psnr": 21.740718841552734,
      "lpips": 0.0966796875,
      "ssim": 0.8581964373588562
    },
    {
      "view": 93,
      "psnr": 28.767072677612305,
      "lpips": 0.054931640625,
      "ssim": 0.9448743462562561
    }
  ]
}