{
  "summary": {
    "scene_name": "wooden_spoon_env_1",
    "psnr": 31.595674514770508,
    "lpips": 0.0174560546875,
    "ssim": 0.9884716272354126
  },
  "per_view": [
    {
      "view": 40,
      "psnr": 29.872209548950195,
      "lpips": 0.0189208984375,
      "ssim": 0.9870778918266296
    },
    {
      "view": 45,
      "psnr": 30.383636474609375,
      "lpips": 0.021484375,
      "ssim": 0.9865266680717468
    },
    {
      "view": 70,
      "psnr": 33.02146911621094,
      "lpips": 0.01513671875,
      "ssim": 0.9905638694763184
    },
    {
      "view": 77,
      "psnr": 33.105384826660156,
      "lpips": 0.01416015625,
      "ssim": 0.9897181391716003
    }
  ]
}