{
  "summary": {
    "scene_name": "wooden_handle_saber_white_env_0",
    "psnr": 34.63276672363281,
    "lpips": 0.0181884765625,
    "ssim": 0.9836716055870056
  },
  "per_view": [
    {
      "view": 18,
      "psnr": 41.517791748046875,
      "lpips": 0.0062255859375,
      "ssim": 0.9982406497001648
    },
    {
      "view": 22,
      "psnr": 24.704246520996094,
      "lpips": 0.039794921875,
      "ssim": 0.9480012059211731
    },
    {
      "view": 24,
      "psnr": 40.09483337402344,
      "lpips": 0.0108642578125,
      "ssim": 0.9976689219474792
    },
    {
      "view": 31,
      "psnr": 32.21419906616211,
      "lpips": 0.0159912109375,
      "ssim": 0.9907756447792053
    }
  ]
}