{
  "summary": {
    "scene_name": "wooden_display_shelves_01_env_1",
    "psnr": 31.25286865234375,
    "lpips": 0.0257568359375,
    "ssim": 0.9748233556747437
  },
  "per_view": [
    {
      "view": 47,
      "psnr": 30.86118507385254,
      "lpips": 0.0245361328125,
      "ssim": 0.9770665168762207
    },
    {
      "view": 69,
      "psnr": 30.443038940429688,
      "lpips": 0.026123046875,
      "ssim": 0.9716876149177551
    },
    {
      "view": 72,
      "psnr": 31.756874084472656,
      "lpips": 0.0257568359375,
      "ssim": 0.9756833910942078
    },
    {
      "view": 73,
      "psnr": 31.950380325317383,
      "lpips": 0.026611328125,
      "ssim": 0.974855899810791
    }
  ]
}