{
  "summary": {
    "scene_name": "WoodenTable_02_white_env_0",
    "psnr": 38.84956741333008,
    "lpips": 0.037109375,
    "ssim": 0.972618579864502
  },
  "per_view": [
    {
      "view": 57,
      "psnr": 39.192718505859375,
      "lpips": 0.0341796875,
      "ssim": 0.9730927348136902
    },
    {
      "view": 63,
      "psnr": 39.843570709228516,
      "lpips": 0.034423828125,
      "ssim": 0.9750805497169495
    },
    {
      "view": 67,
      "psnr": 39.17475128173828,
      "lpips": 0.03759765625,
      "ssim": 0.9715976119041443
    },
    {
      "view": 70,
      "psnr": 37.18722915649414,
      "lpips": 0.0419921875,
      "ssim": 0.9707033038139343
    }
  ]
}