{
  "summary": {
    "scene_name": "WoodenTable_03_env_0",
    "psnr": 26.645479202270508,
    "lpips": 0.099609375,
    "ssim": 0.9004305005073547
  },
  "per_view": [
    {
      "view": 11,
      "psnr": 26.09564208984375,
      "lpips": 0.10009765625,
      "ssim": 0.9078829288482666
    },
    {
      "view": 42,
      "psnr": 26.380470275878906,
      "lpips": 0.095703125,
      "ssim": 0.9196119904518127
    },
    {
      "view": 43,
      "psnr": 26.593149185180664,
      "lpips": 0.0966796875,
      "ssim": 0.9218389391899109
    },
    {
      "view": 69,
      "psnr": 27.51265525817871,
      "lpips": 0.1064453125,
      "ssim": 0.8523882031440735
    }
  ]
}