{
  "summary": {
    "scene_name": "wooden_bookshelf_worn_env_2",
    "psnr": 24.257041931152344,
    "lpips": 0.0849609375,
    "ssim": 0.8959969878196716
  },
  "per_view": [
    {
      "view": 68,
      "psnr": 24.381752014160156,
      "lpips": 0.08447265625,
      "ssim": 0.8870334029197693
    },
    {
      "view": 72,
      "psnr": 24.962465286254883,
      "lpips": 0.08935546875,
      "ssim": 0.8997220993041992
    },
    {
      "view": 86,
      "psnr": 23.637859344482422,
      "lpips": 0.08447265625,
      "ssim": 0.8912408947944641
    },
    {
      "view": 90,
      "psnr": 24.046092987060547,
      "lpips": 0.08251953125,
      "ssim": 0.9059914946556091
    }
  ]
}