{
  "summary": {
    "scene_name": "wooden_crate_02_env_2",
    "psnr": 25.315933227539062,
    "lpips": 0.058837890625,
    "ssim": 0.9214341640472412
  },
  "per_view": [
    {
      "view": 64,
      "psnr": 26.006080627441406,
      "lpips": 0.056884765625,
      "ssim": 0.9248400330543518
    },
    {
      "view": 75,
      "psnr": 24.21250343322754,
      "lpips": 0.06689453125,
      "ssim": 0.9202995300292969
    },
    {
      "view": 91,
      "psnr": 25.312442779541016,
      "lpips": 0.0595703125,
      "ssim": 0.9177007675170898
    },
    {
      "view": 95,
      "psnr": 25.732707977294922,
      "lpips": 0.0517578125,
      "ssim": 0.9228963851928711
    }
  ]
}