{
  "summary": {
    "scene_name": "wooden_handle_saber_env_2",
    "psnr": 38.240787506103516,
    "lpips": 0.014404296875,
    "ssim": 0.9864251613616943
  },
  "per_view": [
    {
      "view": 18,
      "psnr": 42.7995719909668,
      "lpips": 0.003387451171875,
      "ssim": 0.9983137249946594
    },
    {
      "view": 22,
      "psnr": 26.28695297241211,
      "lpips": 0.04052734375,
      "ssim": 0.9503310322761536
    },
    {
      "view": 24,
      "psnr": 41.69053649902344,
      "lpips": 0.008056640625,
      "ssim": 0.9984860420227051
    },
    {
      "view": 31,
      "psnr": 42.18608856201172,
      "lpips": 0.005706787109375,
      "ssim": 0.9985697865486145
    }
  ]
}