{
  "summary": {
    "scene_name": "wooden_crate_02_white_env_0",
    "psnr": 34.14342498779297,
    "lpips": 0.04345703125,
    "ssim": 0.9583860039710999
  },
  "per_view": [
    {
      "view": 64,
      "psnr": 34.2158203125,
      "lpips": 0.04345703125,
      "ssim": 0.9574405550956726
    },
    {
      "view": 75,
      "psnr": 35.350502014160156,
      "lpips": 0.046875,
      "ssim": 0.9630506634712219
    },
    {
      "view": 91,
      "psnr": 33.571678161621094,
      "lpips": 0.042724609375,
      "ssim": 0.9556796550750732
    },
    {
      "view": 95,
      "psnr": 33.435707092285156,
      "lpips": 0.04052734375,
      "ssim": 0.9573731422424316
    }
  ]
}