{
  "summary": {
    "scene_name": "wooden_table_02_env_1",
    "psnr": 29.613292694091797,
    "lpips": 0.032958984375,
    "ssim": 0.9698350429534912
  },
  "per_view": [
    {
      "view": 53,
      "psnr": 30.163856506347656,
      "lpips": 0.03173828125,
      "ssim": 0.9718608856201172
    },
    {
      "view": 60,
      "psnr": 29.833431243896484,
      "lpips": 0.037109375,
      "ssim": 0.9660990834236145
    },
    {
      "view": 76,
      "psnr": 28.530080795288086,
      "lpips": 0.0289306640625,
      "ssim": 0.9720260500907898
    },
    {
      "view": 94,
      "psnr": 29.925806045532227,
      "lpips": 0.03369140625,
      "ssim": 0.9693540930747986
    }
  ]
}