{
  "summary": {
    "scene_name": "wooden_spoon_env_2",
    "psnr": 34.425376892089844,
    "lpips": 0.005584716796875,
    "ssim": 0.9961483478546143
  },
  "per_view": [
    {
      "view": 40,
      "psnr": 32.467857360839844,
      "lpips": 0.005859375,
      "ssim": 0.9953715205192566
    },
    {
      "view": 45,
      "psnr": 32.84772491455078,
      "lpips": 0.0062255859375,
      "ssim": 0.9954368472099304
    },
    {
      "view": 70,
      "psnr": 35.497650146484375,
      "lpips": 0.004913330078125,
      "ssim": 0.9968552589416504
    },
    {
      "view": 77,
      "psnr": 36.888275146484375,
      "lpips": 0.00537109375,
      "ssim": 0.996929943561554
    }
  ]
}