{
  "summary": {
    "scene_name": "wooden_bookshelf_worn_env_1",
    "psnr": 24.100488662719727,
    "lpips": 0.0830078125,
    "ssim": 0.9017705321311951
  },
  "per_view": [
    {
      "view": 68,
      "psnr": 23.44719886779785,
      "lpips": 0.083984375,
      "ssim": 0.9015378355979919
    },
    {
      "view": 72,
      "psnr": 23.724437713623047,
      "lpips": 0.08837890625,
      "ssim": 0.9021399617195129
    },
    {
      "view": 86,
      "psnr": 24.038341522216797,
      "lpips": 0.0810546875,
      "ssim": 0.8986446261405945
    },
    {
      "view": 90,
      "psnr": 25.19197654724121,
      "lpips": 0.07861328125,
      "ssim": 0.9047597050666809
    }
  ]
}