{
  "summary": {
    "scene_name": "wooden_handle_saber_env_0",
    "psnr": 33.64558792114258,
    "lpips": 0.015380859375,
    "ssim": 0.9844520688056946
  },
  "per_view": [
    {
      "view": 18,
      "psnr": 37.52906036376953,
      "lpips": 0.00372314453125,
      "ssim": 0.9987018704414368
    },
    {
      "view": 22,
      "psnr": 20.7457275390625,
      "lpips": 0.043701171875,
      "ssim": 0.9431936740875244
    },
    {
      "view": 24,
      "psnr": 40.71556091308594,
      "lpips": 0.00604248046875,
      "ssim": 0.9991406798362732
    },
    {
      "view": 31,
      "psnr": 35.592002868652344,
      "lpips": 0.0079345703125,
      "ssim": 0.996772050857544
    }
  ]
}