{
  "summary": {
    "scene_name": "wooden_display_shelves_01_env_0",
    "psnr": 31.47576904296875,
    "lpips": 0.033203125,
    "ssim": 0.9690989255905151
  },
  "per_view": [
    {
      "view": 47,
      "psnr": 32.48811721801758,
      "lpips": 0.0244140625,
      "ssim": 0.9788002967834473
    },
    {
      "view": 69,
      "psnr": 30.922849655151367,
      "lpips": 0.03369140625,
      "ssim": 0.9625362753868103
    },
    {
      "view": 72,
      "psnr": 31.595718383789062,
      "lpips": 0.035400390625,
      "ssim": 0.968195915222168
    },
    {
      "view": 73,
      "psnr": 30.89638900756836,
      "lpips": 0.0390625,
      "ssim": 0.9668631553649902
    }
  ]
}