{
  "summary": {
    "scene_name": "WoodenChair_01_white_env_0",
    "psnr": 32.35224151611328,
    "lpips": 0.01373291015625,
    "ssim": 0.9855280518531799
  },
  "per_view": [
    {
      "view": 8,
      "psnr": 32.66819763183594,
      "lpips": 0.0140380859375,
      "ssim": 0.9822235107421875
    },
    {
      "view": 31,
      "psnr": 32.73004150390625,
      "lpips": 0.01483154296875,
      "ssim": 0.9853794574737549
    },
    {
      "view": 71,
      "psnr": 32.0142707824707,
      "lpips": 0.01416015625,
      "ssim": 0.9869997501373291
    },
    {
      "view": 87,
      "psnr": 31.996458053588867,
      "lpips": 0.011962890625,
      "ssim": 0.987509548664093
    }
  ]
}