{
  "summary": {
    "scene_name": "wooden_bucket_02_env_2",
    "psnr": 25.010108947753906,
    "lpips": 0.10888671875,
    "ssim": 0.8796066641807556
  },
  "per_view": [
    {
      "view": 15,
      "psnr": 25.043458938598633,
      "lpips": 0.11279296875,
      "ssim": 0.8718488812446594
    },
    {
      "view": 22,
      "psnr": 25.021284103393555,
      "lpips": 0.09716796875,
      "ssim": 0.8948408961296082
    },
    {
      "view": 24,
      "psnr": 29.7733097076416,
      "lpips": 0.08642578125,
      "ssim": 0.9159863591194153
    },
    {
      "view": 31,
      "psnr": 20.2023868560791,
      "lpips": 0.1396484375,
      "ssim": 0.8357505798339844
    }
  ]
}