{
  "summary": {
    "scene_name": "WoodenTable_02_env_0",
    "psnr": 33.381954193115234,
    "lpips": 0.056884765625,
    "ssim": 0.9192550182342529
  },
  "per_view": [
    {
      "view": 57,
      "psnr": 34.34550094604492,
      "lpips": 0.052490234375,
      "ssim": 0.9209782481193542
    },
    {
      "view": 63,
      "psnr": 33.980712890625,
      "lpips": 0.053955078125,
      "ssim": 0.9229610562324524
    },
    {
      "view": 67,
      "psnr": 32.80537414550781,
      "lpips": 0.058349609375,
      "ssim": 0.9170503616333008
    },
    {
      "view": 70,
      "psnr": 32.39622497558594,
      "lpips": 0.0625,
      "ssim": 0.9160303473472595
    }
  ]
}