{
  "summary": {
    "scene_name": "wooden_bucket_02_env_0",
    "psnr": 21.541845321655273,
    "lpips": 0.126953125,
    "ssim": 0.7981065511703491
  },
  "per_view": [
    {
      "view": 15,
      "psnr": 18.62468147277832,
      "lpips": 0.146484375,
      "ssim": 0.7633056640625
    },
    {
      "view": 22,
      "psnr": 23.346158981323242,
      "lpips": 0.1005859375,
      "ssim": 0.8410258889198303
    },
    {
      "view": 24,
      "psnr": 25.274398803710938,
      "lpips": 0.0966796875,
      "ssim": 0.8541603684425354
    },
    {
      "view": 31,
      "psnr": 18.922142028808594,
      "lpips": 0.162109375,
      "ssim": 0.7339344024658203
    }
  ]
}