{
  "summary": {
    "scene_name": "wooden_stool_01_env_0",
    "psnr": 26.840829849243164,
    "lpips": 0.052001953125,
    "ssim": 0.9481385350227356
  },
  "per_view": [
    {
      "view": 78,
      "psnr": 27.097900390625,
      "lpips": 0.048095703125,
      "ssim": 0.9518423676490784
    },
    {
      "view": 85,
      "psnr": 27.852190017700195,
      "lpips": 0.04638671875,
      "ssim": 0.9552368521690369
    },
    {
      "view": 89,
      "psnr": 25.277929306030273,
      "lpips": 0.057861328125,
      "ssim": 0.9444541335105896
    },
    {
      "view": 93,
      "psnr": 27.135299682617188,
      "lpips": 0.055908203125,
      "ssim": 0.9410207867622375
    }
  ]
}