{
  "summary": {
    "scene_name": "wooden_table_02_env_0",
    "psnr": 29.957359313964844,
    "lpips": 0.045166015625,
    "ssim": 0.9593804478645325
  },
  "per_view": [
    {
      "view": 53,
      "psnr": 30.501110076904297,
      "lpips": 0.047607421875,
      "ssim": 0.9622039198875427
    },
    {
      "view": 60,
      "psnr": 29.30516815185547,
      "lpips": 0.048583984375,
      "ssim": 0.956721842288971
    },
    {
      "view": 76,
      "psnr": 29.6099853515625,
      "lpips": 0.039306640625,
      "ssim": 0.95880126953125
    },
    {
      "view": 94,
      "psnr": 30.413177490234375,
      "lpips": 0.04541015625,
      "ssim": 0.9597947001457214
    }
  ]
}