{
  "summary": {
    "scene_name": "WoodenTable_02_env_1",
    "psnr": 32.63072967529297,
    "lpips": 0.06103515625,
    "ssim": 0.9250475168228149
  },
  "per_view": [
    {
      "view": 57,
      "psnr": 33.36256408691406,
      "lpips": 0.05322265625,
      "ssim": 0.9274299144744873
    },
    {
      "view": 63,
      "psnr": 33.36692428588867,
      "lpips": 0.0625,
      "ssim": 0.9298351407051086
    },
    {
      "view": 67,
      "psnr": 32.45117950439453,
      "lpips": 0.06298828125,
      "ssim": 0.9226269721984863
    },
    {
      "view": 70,
      "psnr": 31.342241287231445,
      "lpips": 0.0654296875,
      "ssim": 0.9202980995178223
    }
  ]
}