{
  "summary": {
    "scene_name": "WoodenChair_01_env_0",
    "psnr": 27.947261810302734,
    "lpips": 0.0166015625,
    "ssim": 0.9779348969459534
  },
  "per_view": [
    {
      "view": 8,
      "psnr": 28.167560577392578,
      "lpips": 0.0189208984375,
      "ssim": 0.9721865057945251
    },
    {
      "view": 31,
      "psnr": 28.786174774169922,
      "lpips": 0.0137939453125,
      "ssim": 0.9776339530944824
    },
    {
      "view": 71,
      "psnr": 28.079862594604492,
      "lpips": 0.01507568359375,
      "ssim": 0.9826623797416687
    },
    {
      "view": 87,
      "psnr": 26.755451202392578,
      "lpips": 0.0185546875,
      "ssim": 0.9792566895484924
    }
  ]
}