{
  "summary": {
    "scene_name": "wooden_bowl_01_env_0",
    "psnr": 31.802772521972656,
    "lpips": 0.06640625,
    "ssim": 0.9420918226242065
  },
  "per_view": [
    {
      "view": 37,
      "psnr": 32.51793670654297,
      "lpips": 0.0625,
      "ssim": 0.9520179629325867
    },
    {
      "view": 42,
      "psnr": 32.031761169433594,
      "lpips": 0.061279296875,
      "ssim": 0.9491671919822693
    },
    {
      "view": 52,
      "psnr": 31.321453094482422,
      "lpips": 0.068359375,
      "ssim": 0.9357283115386963
    },
    {
      "view": 74,
      "psnr": 31.33993911743164,
      "lpips": 0.07373046875,
      "ssim": 0.9314539432525635
    }
  ]
}