{
  "summary": {
    "scene_name": "wooden_bucket_01_env_2",
    "psnr": 32.82068634033203,
    "lpips": 0.037841796875,
    "ssim": 0.9533464908599854
  },
  "per_view": [
    {
      "view": 81,
      "psnr": 34.899898529052734,
      "lpips": 0.031982421875,
      "ssim": 0.9648005366325378
    },
    {
      "view": 83,
      "psnr": 34.36770248413086,
      "lpips": 0.031982421875,
      "ssim": 0.9648061394691467
    },
    {
      "view": 86,
      "psnr": 34.353450775146484,
      "lpips": 0.03369140625,
      "ssim": 0.9623348116874695
    },
    {
      "view": 95,
      "psnr": 27.66168975830078,
      "lpips": 0.053466796875,
      "ssim": 0.9214445948600769
    }
  ]
}