{
  "summary": {
    "scene_name": "wooden_bucket_02_white_env_0",
    "psnr": 24.378076553344727,
    "lpips": 0.09814453125,
    "ssim": 0.8831908702850342
  },
  "per_view": [
    {
      "view": 15,
      "psnr": 20.945165634155273,
      "lpips": 0.1220703125,
      "ssim": 0.8451126217842102
    },
    {
      "view": 22,
      "psnr": 25.56848907470703,
      "lpips": 0.06640625,
      "ssim": 0.9302547574043274
    },
    {
      "view": 24,
      "psnr": 32.29617691040039,
      "lpips": 0.06103515625,
      "ssim": 0.9442508816719055
    },
    {
      "view": 31,
      "psnr": 18.702470779418945,
      "lpips": 0.142578125,
      "ssim": 0.813145101070404
    }
  ]
}