{
  "summary": {
    "scene_name": "wooden_bucket_01_env_1",
    "psnr": 27.206523895263672,
    "lpips": 0.05908203125,
    "ssim": 0.9062386751174927
  },
  "per_view": [
    {
      "view": 81,
      "psnr": 29.4497127532959,
      "lpips": 0.04541015625,
      "ssim": 0.9284589886665344
    },
    {
      "view": 83,
      "psnr": 30.454078674316406,
      "lpips": 0.041748046875,
      "ssim": 0.9355152249336243
    },
    {
      "view": 86,
      "psnr": 29.589092254638672,
      "lpips": 0.045654296875,
      "ssim": 0.9285537600517273
    },
    {
      "view": 95,
      "psnr": 19.333206176757812,
      "lpips": 0.103515625,
      "ssim": 0.8324267268180847
    }
  ]
}