{
  "summary": {
    "scene_name": "wooden_hammer_01_white_env_0",
    "psnr": 36.22369384765625,
    "lpips": 0.00726318359375,
    "ssim": 0.9933255910873413
  },
  "per_view": [
    {
      "view": 24,
      "psnr": 36.42310333251953,
      "lpips": 0.0072021484375,
      "ssim": 0.9937005639076233
    },
    {
      "view": 36,
      "psnr": 35.66656494140625,
      "lpips": 0.00830078125,
      "ssim": 0.9925097823143005
    },
    {
      "view": 40,
      "psnr": 35.40110778808594,
      "lpips": 0.00665283203125,
      "ssim": 0.9931114315986633
    },
    {
      "view": 63,
      "psnr": 37.40400695800781,
      "lpips": 0.00689697265625,
      "ssim": 0.9939807057380676
    }
  ]
}