{
  "summary": {
    "scene_name": "WoodenTable_01_env_1",
    "psnr": 33.55345153808594,
    "lpips": 0.0147705078125,
    "ssim": 0.9857820272445679
  },
  "per_view": [
    {
      "view": 51,
      "psnr": 36.90992736816406,
      "lpips": 0.010986328125,
      "ssim": 0.9908631443977356
    },
    {
      "view": 65,
      "psnr": 34.29375457763672,
      "lpips": 0.0133056640625,
      "ssim": 0.9869177937507629
    },
    {
      "view": 74,
      "psnr": 31.74577522277832,
      "lpips": 0.01708984375,
      "ssim": 0.9846661686897278
    },
    {
      "view": 84,
      "psnr": 31.264341354370117,
      "lpips": 0.017578125,
      "ssim": 0.9806811809539795
    }
  ]
}