{
  "summary": {
    "scene_name": "wooden_bucket_01_white_env_0",
    "psnr": 26.646484375,
    "lpips": 0.05126953125,
    "ssim": 0.936051607131958
  },
  "per_view": [
    {
      "view": 81,
      "psnr": 32.397159576416016,
      "lpips": 0.0263671875,
      "ssim": 0.9756200909614563
    },
    {
      "view": 83,
      "psnr": 25.517494201660156,
      "lpips": 0.047607421875,
      "ssim": 0.9549327492713928
    },
    {
      "view": 86,
      "psnr": 29.875295639038086,
      "lpips": 0.031982421875,
      "ssim": 0.9635529518127441
    },
    {
      "view": 95,
      "psnr": 18.79599380493164,
      "lpips": 0.0986328125,
      "ssim": 0.8501006960868835
    }
  ]
}