{
  "summary": {
    "scene_name": "wooden_spoon_env_0",
    "psnr": 34.19148254394531,
    "lpips": 0.00726318359375,
    "ssim": 0.9942940473556519
  },
  "per_view": [
    {
      "view": 40,
      "psnr": 33.55772399902344,
      "lpips": 0.0079345703125,
      "ssim": 0.9940788149833679
    },
    {
      "view": 45,
      "psnr": 33.27164077758789,
      "lpips": 0.006683349609375,
      "ssim": 0.9940579533576965
    },
    {
      "view": 70,
      "psnr": 33.659664154052734,
      "lpips": 0.00750732421875,
      "ssim": 0.9941592216491699
    },
    {
      "view": 77,
      "psnr": 36.276912689208984,
      "lpips": 0.006988525390625,
      "ssim": 0.994880199432373
    }
  ]
}