{
  "summary": {
    "scene_name": "wooden_display_shelves_01_env_2",
    "psnr": 32.464942932128906,
    "lpips": 0.0263671875,
    "ssim": 0.9727157354354858
  },
  "per_view": [
    {
      "view": 47,
      "psnr": 33.691261291503906,
      "lpips": 0.0245361328125,
      "ssim": 0.9787999987602234
    },
    {
      "view": 69,
      "psnr": 32.47889709472656,
      "lpips": 0.0267333984375,
      "ssim": 0.9711763262748718
    },
    {
      "view": 72,
      "psnr": 33.04768371582031,
      "lpips": 0.024169921875,
      "ssim": 0.9743464589118958
    },
    {
      "view": 73,
      "psnr": 30.641939163208008,
      "lpips": 0.02978515625,
      "ssim": 0.9665400385856628
    }
  ]
}