{
  "summary": {
    "scene_name": "wooden_hammer_01_env_1",
    "psnr": 40.58594512939453,
    "lpips": 0.00750732421875,
    "ssim": 0.9952940940856934
  },
  "per_view": [
    {
      "view": 24,
      "psnr": 40.02997970581055,
      "lpips": 0.009033203125,
      "ssim": 0.9941679835319519
    },
    {
      "view": 36,
      "psnr": 40.637840270996094,
      "lpips": 0.00701904296875,
      "ssim": 0.9959914684295654
    },
    {
      "view": 40,
      "psnr": 41.37119674682617,
      "lpips": 0.005615234375,
      "ssim": 0.9962083697319031
    },
    {
      "view": 63,
      "psnr": 40.30476379394531,
      "lpips": 0.00830078125,
      "ssim": 0.9948086142539978
    }
  ]
}