{
  "summary": {
    "scene_name": "WoodenTable_01_white_env_0",
    "psnr": 28.606613159179688,
    "lpips": 0.03173828125,
    "ssim": 0.9666731357574463
  },
  "per_view": [
    {
      "view": 51,
      "psnr": 33.89818572998047,
      "lpips": 0.020263671875,
      "ssim": 0.9784910082817078
    },
    {
      "view": 65,
      "psnr": 25.558658599853516,
      "lpips": 0.04638671875,
      "ssim": 0.958962619304657
    },
    {
      "view": 74,
      "psnr": 23.549964904785156,
      "lpips": 0.03662109375,
      "ssim": 0.9580880999565125
    },
    {
      "view": 84,
      "psnr": 31.419647216796875,
      "lpips": 0.0234375,
      "ssim": 0.9711509346961975
    }
  ]
}