{
  "summary": {
    "scene_name": "wooden_stool_01_white_env_0",
    "psnr": 28.145854949951172,
    "lpips": 0.046875,
    "ssim": 0.9545388221740723
  },
  "per_view": [
    {
      "view": 78,
      "psnr": 26.418020248413086,
      "lpips": 0.04931640625,
      "ssim": 0.9533628821372986
    },
    {
      "view": 85,
      "psnr": 30.8512020111084,
      "lpips": 0.040283203125,
      "ssim": 0.9629545211791992
    },
    {
      "view": 89,
      "psnr": 24.19601821899414,
      "lpips": 0.048828125,
      "ssim": 0.9469543099403381
    },
    {
      "view": 93,
      "psnr": 31.118175506591797,
      "lpips": 0.048828125,
      "ssim": 0.9548833966255188
    }
  ]
}