{
  "summary": {
    "scene_name": "wooden_hammer_01_env_0",
    "psnr": 44.803611755371094,
    "lpips": 0.0037078857421875,
    "ssim": 0.9978339672088623
  },
  "per_view": [
    {
      "view": 24,
      "psnr": 44.59211349487305,
      "lpips": 0.004425048828125,
      "ssim": 0.9981667995452881
    },
    {
      "view": 36,
      "psnr": 45.00358581542969,
      "lpips": 0.0029449462890625,
      "ssim": 0.9981138110160828
    },
    {
      "view": 40,
      "psnr": 45.2991828918457,
      "lpips": 0.003143310546875,
      "ssim": 0.998093843460083
    },
    {
      "view": 63,
      "psnr": 44.3195686340332,
      "lpips": 0.00433349609375,
      "ssim": 0.9969612956047058
    }
  ]
}