{
  "summary": {
    "scene_name": "wooden_hammer_01_env_2",
    "psnr": 39.79050064086914,
    "lpips": 0.0089111328125,
    "ssim": 0.9929560422897339
  },
  "per_view": [
    {
      "view": 24,
      "psnr": 40.00150680541992,
      "lpips": 0.0103759765625,
      "ssim": 0.9934318661689758
    },
    {
      "view": 36,
      "psnr": 39.524810791015625,
      "lpips": 0.00811767578125,
      "ssim": 0.9930694699287415
    },
    {
      "view": 40,
      "psnr": 40.294830322265625,
      "lpips": 0.00726318359375,
      "ssim": 0.9932159781455994
    },
    {
      "view": 63,
      "psnr": 39.340850830078125,
      "lpips": 0.00994873046875,
      "ssim": 0.9921067357063293
    }
  ]
}