{
  "summary": {
    "scene_name": "wooden_crate_02_env_1",
    "psnr": 29.861726760864258,
    "lpips": 0.044189453125,
    "ssim": 0.9583975076675415
  },
  "per_view": [
    {
      "view": 64,
      "psnr": 29.962841033935547,
      "lpips": 0.041259765625,
      "ssim": 0.9583478569984436
    },
    {
      "view": 75,
      "psnr": 30.16303062438965,
      "lpips": 0.045166015625,
      "ssim": 0.9626064300537109
    },
    {
      "view": 91,
      "psnr": 29.857574462890625,
      "lpips": 0.04638671875,
      "ssim": 0.9542942643165588
    },
    {
      "view": 95,
      "psnr": 29.46346092224121,
      "lpips": 0.044189453125,
      "ssim": 0.9583415985107422
    }
  ]
}