{
  "summary": {
    "scene_name": "wooden_handle_saber_env_1",
    "psnr": 39.29576873779297,
    "lpips": 0.014892578125,
    "ssim": 0.9864607453346252
  },
  "per_view": [
    {
      "view": 18,
      "psnr": 42.420677185058594,
      "lpips": 0.00421142578125,
      "ssim": 0.9979803562164307
    },
    {
      "view": 22,
      "psnr": 26.247150421142578,
      "lpips": 0.04248046875,
      "ssim": 0.9503995776176453
    },
    {
      "view": 24,
      "psnr": 44.68916320800781,
      "lpips": 0.0078125,
      "ssim": 0.9988470077514648
    },
    {
      "view": 31,
      "psnr": 43.826087951660156,
      "lpips": 0.0050048828125,
      "ssim": 0.9986159205436707
    }
  ]
}