{
  "summary": {
    "scene_name": "wooden_spoon_white_env_0",
    "psnr": 46.587547302246094,
    "lpips": 0.00360107421875,
    "ssim": 0.9981037974357605
  },
  "per_view": [
    {
      "view": 40,
      "psnr": 45.25959777832031,
      "lpips": 0.00396728515625,
      "ssim": 0.9977684020996094
    },
    {
      "view": 45,
      "psnr": 46.46074676513672,
      "lpips": 0.0037384033203125,
      "ssim": 0.9979772567749023
    },
    {
      "view": 70,
      "psnr": 47.388797760009766,
      "lpips": 0.0033416748046875,
      "ssim": 0.9983313679695129
    },
    {
      "view": 77,
      "psnr": 47.24103546142578,
      "lpips": 0.00335693359375,
      "ssim": 0.9983382225036621
    }
  ]
}