{
  "summary": {
    "scene_name": "wooden_crate_02_env_0",
    "psnr": 28.280244827270508,
    "lpips": 0.0439453125,
    "ssim": 0.9575395584106445
  },
  "per_view": [
    {
      "view": 64,
      "psnr": 28.63347816467285,
      "lpips": 0.04296875,
      "ssim": 0.9544331431388855
    },
    {
      "view": 75,
      "psnr": 28.043628692626953,
      "lpips": 0.044921875,
      "ssim": 0.959244430065155
    },
    {
      "view": 91,
      "psnr": 28.17751693725586,
      "lpips": 0.044677734375,
      "ssim": 0.9567152857780457
    },
    {
      "view": 95,
      "psnr": 28.266353607177734,
      "lpips": 0.04345703125,
      "ssim": 0.9597654342651367
    }
  ]
}