{
  "summary": {
    "scene_name": "WoodenTable_03_white_env_0",
    "psnr": 26.673641204833984,
    "lpips": 0.12060546875,
    "ssim": 0.8779165744781494
  },
  "per_view": [
    {
      "view": 11,
      "psnr": 23.539710998535156,
      "lpips": 0.1259765625,
      "ssim": 0.893871009349823
    },
    {
      "view": 42,
      "psnr": 29.155010223388672,
      "lpips": 0.10498046875,
      "ssim": 0.9021362662315369
    },
    {
      "view": 43,
      "psnr": 28.491119384765625,
      "lpips": 0.107421875,
      "ssim": 0.8967363238334656
    },
    {
      "view": 69,
      "psnr": 25.508726119995117,
      "lpips": 0.14453125,
      "ssim": 0.8189225792884827
    }
  ]
}