{
  "summary": {
    "scene_name": "WoodenChair_01_env_2",
    "psnr": 31.483348846435547,
    "lpips": 0.01397705078125,
    "ssim": 0.9852979183197021
  },
  "per_view": [
    {
      "view": 8,
      "psnr": 30.985103607177734,
      "lpips": 0.0137939453125,
      "ssim": 0.9821013808250427
    },
    {
      "view": 31,
      "psnr": 32.37289810180664,
      "lpips": 0.0147705078125,
      "ssim": 0.9860956072807312
    },
    {
      "view": 71,
      "psnr": 31.883962631225586,
      "lpips": 0.0145263671875,
      "ssim": 0.9870316982269287
    },
    {
      "view": 87,
      "psnr": 30.691434860229492,
      "lpips": 0.0128173828125,
      "ssim": 0.9859628081321716
    }
  ]
}