{
  "summary": {
    "scene_name": "WoodenTable_03_env_1",
    "psnr": 22.230976104736328,
    "lpips": 0.1240234375,
    "ssim": 0.8705269694328308
  },
  "per_view": [
    {
      "view": 11,
      "psnr": 20.16037368774414,
      "lpips": 0.1298828125,
      "ssim": 0.8778533935546875
    },
    {
      "view": 42,
      "psnr": 22.73202896118164,
      "lpips": 0.1201171875,
      "ssim": 0.8918710350990295
    },
    {
      "view": 43,
      "psnr": 22.660276412963867,
      "lpips": 0.115234375,
      "ssim": 0.8921249508857727
    },
    {
      "view": 69,
      "psnr": 23.37122917175293,
      "lpips": 0.130859375,
      "ssim": 0.8202585577964783
    }
  ]
}