{
  "summary": {
    "scene_name": "wooden_bookshelf_worn_env_0",
    "psnr": 25.748994827270508,
    "lpips": 0.0625,
    "ssim": 0.9269335865974426
  },
  "per_view": [
    {
      "view": 68,
      "psnr": 25.667627334594727,
      "lpips": 0.06298828125,
      "ssim": 0.9262253642082214
    },
    {
      "view": 72,
      "psnr": 24.73233413696289,
      "lpips": 0.06494140625,
      "ssim": 0.9253653883934021
    },
    {
      "view": 86,
      "psnr": 25.41213607788086,
      "lpips": 0.061767578125,
      "ssim": 0.925251305103302
    },
    {
      "view": 90,
      "psnr": 27.183879852294922,
      "lpips": 0.060546875,
      "ssim": 0.930892288684845
    }
  ]
}