{
  "summary": {
    "scene_name": "wooden_bowl_01_white_env_0",
    "psnr": 27.39999008178711,
    "lpips": 0.078125,
    "ssim": 0.9273467063903809
  },
  "per_view": [
    {
      "view": 37,
      "psnr": 28.14497184753418,
      "lpips": 0.0732421875,
      "ssim": 0.932750403881073
    },
    {
      "view": 42,
      "psnr": 27.510107040405273,
      "lpips": 0.08154296875,
      "ssim": 0.9288451075553894
    },
    {
      "view": 52,
      "psnr": 27.641021728515625,
      "lpips": 0.07958984375,
      "ssim": 0.9251108765602112
    },
    {
      "view": 74,
      "psnr": 26.30385398864746,
      "lpips": 0.078125,
      "ssim": 0.9226806163787842
    }
  ]
}